Timestamp,Active_Power_kW,Voltage_V,Current_A,Power_Factor,Operational_State,Raw_Material_Flow_kg_min,Actual_Waste_kg
2026-06-01 00:00:00,52.48,414.2,86.07,0.867,1,16.03,8.39
2026-06-01 00:05:00,50.07,414.33,82.09,0.85,1,8.31,9.44
2026-06-01 00:10:00,54.77,411.5,90.4,0.901,1,24.12,10.15
2026-06-01 00:15:00,59.9,413.79,98.34,0.893,1,19.17,13.35
2026-06-01 00:20:00,51.88,416.07,84.7,0.829,1,12.49,7.8
2026-06-01 00:25:00,52.64,414.3,86.3,0.9,1,11.36,12.88
2026-06-01 00:30:00,62.46,411.14,103.2,0.879,1,9.77,11.42
2026-06-01 00:35:00,59.16,422.19,95.19,0.91,1,20.73,12.74
2026-06-01 00:40:00,53.73,415.67,87.8,0.843,1,13.69,9.15
2026-06-01 00:45:00,59.54,415.28,97.39,0.851,1,11.6,13.65
2026-06-01 00:50:00,55.26,412.26,91.05,0.885,1,23.1,8.04
2026-06-01 00:55:00,55.99,415.65,91.5,0.878,1,8.0,7.63
2026-06-01 01:00:00,60.27,414.59,98.74,0.866,1,10.28,9.12
2026-06-01 01:05:00,50.23,410.28,83.16,0.91,1,11.9,12.35
2026-06-01 01:10:00,51.9,412.32,85.5,0.888,1,10.2,9.3
2026-06-01 01:15:00,58.44,416.99,95.19,0.905,1,16.71,9.16
2026-06-01 01:20:00,56.91,419.86,92.06,0.838,1,17.02,10.64
2026-06-01 01:25:00,64.26,415.92,104.94,0.907,1,6.09,12.27
2026-06-01 01:30:00,58.85,417.76,95.69,0.875,1,7.89,8.5
2026-06-01 01:35:00,57.03,414.61,93.44,0.824,1,8.97,11.08
2026-06-01 01:40:00,72.12,414.78,118.1,0.848,1,6.41,12.99
2026-06-01 01:45:00,64.35,417.73,104.64,0.823,1,7.5,10.79
2026-06-01 01:50:00,66.5,419.16,107.76,0.875,1,9.79,9.53
2026-06-01 01:55:00,59.71,418.25,96.97,0.859,1,11.91,13.4
2026-06-01 02:00:00,64.78,412.33,106.71,0.938,1,20.83,11.62
2026-06-01 02:05:00,68.71,414.83,112.51,0.924,1,9.36,6.06
2026-06-01 02:10:00,63.05,415.69,103.03,0.919,1,18.4,13.09
2026-06-01 02:15:00,71.32,414.35,116.92,0.88,1,6.16,14.03
2026-06-01 02:20:00,67.07,415.97,109.52,0.917,1,18.16,15.14
2026-06-01 02:25:00,69.24,417.05,112.77,0.852,1,20.89,14.46
2026-06-01 02:30:00,68.3,417.51,111.12,0.887,1,17.1,13.47
2026-06-01 02:35:00,81.17,419.21,131.52,0.867,1,9.03,13.94
2026-06-01 02:40:00,72.43,414.18,118.79,0.841,1,11.61,12.5
2026-06-01 02:45:00,67.79,411.59,111.87,0.829,1,21.1,14.82
2026-06-01 02:50:00,77.76,415.9,127.0,0.887,1,13.64,14.32
2026-06-01 02:55:00,68.1,419.71,110.21,0.832,1,10.1,9.44
2026-06-01 03:00:00,75.79,413.81,124.41,0.906,1,23.65,14.03
2026-06-01 03:05:00,65.48,416.72,106.74,0.931,1,17.75,12.55
2026-06-01 03:10:00,69.16,416.74,112.73,0.839,1,21.11,8.91
2026-06-01 03:15:00,77.3,415.48,126.37,0.877,1,5.49,15.91
2026-06-01 03:20:00,80.5,415.02,131.76,0.909,1,11.79,15.08
2026-06-01 03:25:00,78.15,412.69,128.63,0.854,1,14.18,11.63
2026-06-01 03:30:00,77.19,409.3,128.1,0.93,1,16.75,14.04
2026-06-01 03:35:00,76.72,412.22,126.42,0.927,1,8.8,14.01
2026-06-01 03:40:00,71.28,414.02,116.94,0.832,1,14.96,15.76
2026-06-01 03:45:00,75.5,417.74,122.77,0.823,1,18.71,16.64
2026-06-01 03:50:00,77.22,414.74,126.46,0.937,1,11.92,16.99
2026-06-01 03:55:00,85.21,413.7,139.9,0.935,1,18.83,17.15
2026-06-01 04:00:00,82.03,412.77,134.99,0.871,1,12.79,13.9
2026-06-01 04:05:00,71.87,416.64,117.17,0.826,1,14.39,11.56
2026-06-01 04:10:00,82.67,418.4,134.21,0.894,1,7.69,13.65
2026-06-01 04:15:00,79.47,417.66,129.24,0.855,1,18.03,15.05
2026-06-01 04:20:00,78.34,416.52,127.75,0.932,1,9.49,14.52
2026-06-01 04:25:00,85.09,411.31,140.53,0.915,1,21.58,18.77
2026-06-01 04:30:00,87.49,414.12,143.51,0.898,1,16.07,15.96
2026-06-01 04:35:00,87.28,419.87,141.19,0.854,1,16.21,11.85
2026-06-01 04:40:00,78.69,417.8,127.94,0.904,1,23.25,12.57
2026-06-01 04:45:00,81.6,411.16,134.8,0.855,1,8.35,12.85
2026-06-01 04:50:00,85.04,414.86,139.23,0.825,1,15.6,13.83
2026-06-01 04:55:00,88.48,415.91,144.5,0.881,1,12.64,10.08
2026-06-01 05:00:00,81.41,413.09,133.87,0.879,1,24.33,19.5
2026-06-01 05:05:00,83.07,409.23,137.88,0.912,1,20.85,10.95
2026-06-01 05:10:00,78.64,415.25,128.64,0.924,1,20.15,13.84
2026-06-01 05:15:00,78.35,413.03,128.85,0.863,1,9.08,16.08
2026-06-01 05:20:00,88.53,413.04,145.59,0.874,1,9.75,17.79
2026-06-01 05:25:00,91.37,414.11,149.88,0.876,1,5.58,13.33
2026-06-01 05:30:00,84.34,414.67,138.16,0.859,1,17.77,18.86
2026-06-01 05:35:00,89.81,414.98,147.0,0.909,1,12.42,19.24
2026-06-01 05:40:00,86.67,412.79,142.63,0.883,1,11.24,15.74
2026-06-01 05:45:00,81.7,414.45,133.9,0.93,1,17.74,15.66
2026-06-01 05:50:00,86.77,410.61,143.55,0.898,1,21.57,14.59
2026-06-01 05:55:00,92.68,415.78,151.41,0.845,1,7.66,17.65
2026-06-01 06:00:00,84.82,407.86,141.26,0.84,1,23.37,16.96
2026-06-01 06:05:00,92.81,414.28,152.18,0.865,1,5.69,15.87
2026-06-01 06:10:00,71.87,417.3,116.98,0.862,1,6.9,14.77
2026-06-01 06:15:00,89.03,412.35,146.66,0.869,1,21.76,17.88
2026-06-01 06:20:00,85.3,416.79,139.02,0.842,1,14.85,23.52
2026-06-01 06:25:00,83.3,417.89,135.39,0.937,1,23.79,14.1
2026-06-01 06:30:00,85.16,406.73,142.22,0.837,1,14.23,19.12
2026-06-01 06:35:00,74.65,414.62,122.3,0.898,1,23.52,12.65
2026-06-01 06:40:00,83.37,407.81,138.86,0.822,1,9.79,16.71
2026-06-01 06:45:00,86.11,414.7,141.05,0.869,1,17.33,10.36
2026-06-01 06:50:00,91.56,414.98,149.87,0.857,1,24.89,16.54
2026-06-01 06:55:00,81.41,408.79,135.26,0.866,1,12.52,16.37
2026-06-01 07:00:00,79.76,419.81,129.06,0.88,1,5.03,15.16
2026-06-01 07:05:00,81.09,415.72,132.5,0.892,1,6.28,10.28
2026-06-01 07:10:00,87.96,412.88,144.7,0.89,1,22.18,15.99
2026-06-01 07:15:00,84.79,418.66,137.56,0.896,1,14.84,19.41
2026-06-01 07:20:00,80.24,410.51,132.77,0.921,1,15.73,17.61
2026-06-01 07:25:00,85.19,411.93,140.47,0.926,1,20.99,18.6
2026-06-01 07:30:00,82.82,409.25,137.46,0.908,1,21.23,21.4
2026-06-01 07:35:00,86.88,419.5,140.67,0.829,1,14.55,12.33
2026-06-01 07:40:00,78.21,415.83,127.76,0.935,1,22.16,14.27
2026-06-01 07:45:00,79.75,416.65,130.02,0.934,1,14.37,15.15
2026-06-01 07:50:00,79.08,415.75,129.21,0.905,1,18.5,13.47
2026-06-01 07:55:00,73.37,416.43,119.67,0.882,1,5.67,13.78
2026-06-01 08:00:00,81.79,415.2,133.81,0.85,1,7.76,18.12
2026-06-01 08:05:00,81.23,415.68,132.73,0.911,1,22.03,15.98
2026-06-01 08:10:00,79.54,415.27,130.11,0.925,1,11.26,9.79
2026-06-01 08:15:00,77.93,413.48,128.02,0.9,1,11.69,16.18
2026-06-01 08:20:00,71.59,414.88,117.21,0.895,1,18.26,13.77
2026-06-01 08:25:00,76.12,415.68,124.39,0.843,1,16.85,9.51
2026-06-01 08:30:00,76.05,415.28,124.4,0.863,1,6.64,12.6
2026-06-01 08:35:00,73.28,411.31,121.03,0.907,1,20.32,10.2
2026-06-01 08:40:00,76.01,411.64,125.42,0.822,1,17.34,13.88
2026-06-01 08:45:00,78.33,417.71,127.38,0.897,1,22.11,14.04
2026-06-01 08:50:00,85.24,414.23,139.77,0.912,1,15.71,12.6
2026-06-01 08:55:00,76.16,416.46,124.21,0.86,1,13.29,14.95
2026-06-01 09:00:00,76.04,412.27,125.28,0.829,1,12.43,11.81
2026-06-01 09:05:00,73.83,411.32,121.93,0.918,1,5.09,16.6
2026-06-01 09:10:00,64.05,412.89,105.37,0.837,1,5.8,12.21
2026-06-01 09:15:00,72.94,414.44,119.55,0.864,1,7.62,12.91
2026-06-01 09:20:00,72.8,413.34,119.63,0.905,1,23.59,17.18
2026-06-01 09:25:00,84.22,418.23,136.79,0.918,1,22.61,16.89
2026-06-01 09:30:00,70.34,415.45,115.01,0.923,1,14.94,14.21
2026-06-01 09:35:00,72.2,419.62,116.88,0.884,1,8.6,13.28
2026-06-01 09:40:00,69.9,416.01,114.13,0.877,1,7.92,12.25
2026-06-01 09:45:00,63.6,408.97,105.64,0.922,1,10.12,12.89
2026-06-01 09:50:00,74.52,417.64,121.2,0.888,1,23.17,18.09
2026-06-01 09:55:00,71.92,411.23,118.79,0.889,1,15.43,5.82
2026-06-01 10:00:00,71.46,415.58,116.79,0.872,1,21.08,18.23
2026-06-01 10:05:00,62.29,413.06,102.43,0.865,1,15.14,9.64
2026-06-01 10:10:00,73.18,420.36,118.24,0.878,1,17.19,14.48
2026-06-01 10:15:00,58.47,418.6,94.88,0.864,1,17.2,7.42
2026-06-01 10:20:00,67.73,413.15,111.35,0.861,1,5.63,15.92
2026-06-01 10:25:00,75.05,414.68,122.93,0.939,1,13.91,11.01
2026-06-01 10:30:00,58.44,415.61,95.51,0.86,1,22.28,14.23
2026-06-01 10:35:00,59.85,417.16,97.46,0.851,1,14.78,10.96
2026-06-01 10:40:00,62.47,415.07,102.23,0.862,1,13.71,11.55
2026-06-01 10:45:00,58.73,412.44,96.73,0.891,1,15.53,8.44
2026-06-01 10:50:00,52.77,413.21,86.75,0.929,1,12.62,12.95
2026-06-01 10:55:00,60.14,414.99,98.43,0.915,1,15.31,11.25
2026-06-01 11:00:00,53.75,418.09,87.32,0.921,1,7.71,11.72
2026-06-01 11:05:00,60.69,416.07,99.07,0.923,1,24.36,7.37
2026-06-01 11:10:00,52.98,413.07,87.12,0.93,1,5.68,7.76
2026-06-01 11:15:00,64.58,416.62,105.29,0.848,1,14.66,12.94
2026-06-01 11:20:00,52.16,414.03,85.58,0.875,1,9.2,6.2
2026-06-01 11:25:00,53.71,417.23,87.45,0.866,1,6.17,10.81
2026-06-01 11:30:00,58.64,421.32,94.53,0.866,1,18.03,9.93
2026-06-01 11:35:00,47.66,414.1,78.17,0.898,1,24.7,8.02
2026-06-01 11:40:00,54.19,417.0,88.27,0.868,1,19.99,11.94
2026-06-01 11:45:00,58.82,413.14,96.72,0.894,1,10.08,11.49
2026-06-01 11:50:00,43.49,414.72,71.23,0.866,1,14.87,5.98
2026-06-01 11:55:00,51.69,415.07,84.58,0.857,1,6.0,12.2
2026-06-01 12:00:00,51.3,414.52,84.06,0.862,1,15.63,11.18
2026-06-01 12:05:00,53.15,421.16,85.71,0.916,1,6.99,5.26
2026-06-01 12:10:00,42.29,414.23,69.34,0.892,1,20.89,7.96
2026-06-01 12:15:00,41.11,416.47,67.05,0.937,1,6.13,8.57
2026-06-01 12:20:00,49.56,410.17,82.07,0.92,1,5.19,8.92
2026-06-01 12:25:00,47.67,416.08,77.83,0.878,1,22.23,4.0
2026-06-01 12:30:00,46.68,417.86,75.89,0.849,1,23.85,9.74
2026-06-01 12:35:00,46.41,413.68,76.2,0.901,1,6.73,10.44
2026-06-01 12:40:00,40.52,408.72,67.34,0.907,1,10.58,7.63
2026-06-01 12:45:00,44.33,414.9,72.58,0.876,1,19.83,9.1
2026-06-01 12:50:00,43.89,415.04,71.83,0.848,1,15.79,11.05
2026-06-01 12:55:00,38.11,416.81,62.1,0.887,1,23.98,4.4
2026-06-01 13:00:00,50.27,420.03,81.3,0.85,1,12.78,11.39
2026-06-01 13:05:00,42.58,414.05,69.85,0.933,1,5.07,8.7
2026-06-01 13:10:00,33.52,412.86,55.15,0.895,1,5.39,4.0
2026-06-01 13:15:00,42.03,412.08,69.28,0.855,1,16.3,9.99
2026-06-01 13:20:00,33.16,415.5,54.2,0.846,1,20.04,11.14
2026-06-01 13:25:00,41.25,416.2,67.32,0.906,1,20.81,9.24
2026-06-01 13:30:00,42.4,413.64,69.63,0.905,1,23.23,10.07
2026-06-01 13:35:00,31.8,416.95,51.81,0.892,1,9.58,4.0
2026-06-01 13:40:00,40.03,416.16,65.33,0.894,1,19.77,6.76
2026-06-01 13:45:00,36.58,415.11,59.86,0.892,1,21.54,5.31
2026-06-01 13:50:00,37.95,412.74,62.45,0.863,1,21.73,8.83
2026-06-01 13:55:00,42.65,413.8,70.01,0.932,1,13.23,7.14
2026-06-01 14:00:00,31.27,408.93,51.95,0.878,1,17.52,5.17
2026-06-01 14:05:00,28.07,415.59,45.89,0.822,0,0.0,4.0
2026-06-01 14:10:00,26.75,415.07,43.77,0.862,0,0.0,4.0
2026-06-01 14:15:00,26.48,415.47,43.29,0.836,0,0.0,4.0
2026-06-01 14:20:00,29.54,416.26,48.2,0.864,0,0.0,4.0
2026-06-01 14:25:00,31.01,415.96,50.64,0.893,1,19.2,6.63
2026-06-01 14:30:00,30.08,414.72,49.26,0.823,1,8.92,6.3
2026-06-01 14:35:00,32.23,415.12,52.74,0.924,1,13.87,8.42
2026-06-01 14:40:00,27.57,411.49,45.51,0.893,0,0.0,4.0
2026-06-01 14:45:00,34.19,413.54,56.16,0.855,1,19.98,9.19
2026-06-01 14:50:00,25.03,415.13,40.96,0.857,0,0.0,4.0
2026-06-01 14:55:00,39.4,413.16,64.77,0.876,1,14.52,7.13
2026-06-01 15:00:00,28.38,417.15,46.21,0.85,0,0.0,4.0
2026-06-01 15:05:00,20.43,413.35,33.57,0.821,0,0.0,4.0
2026-06-01 15:10:00,18.84,415.54,30.8,0.823,0,0.0,4.0
2026-06-01 15:15:00,26.1,415.29,42.69,0.863,0,0.0,4.0
2026-06-01 15:20:00,22.07,416.87,35.96,0.835,0,0.0,4.0
2026-06-01 15:25:00,26.27,417.25,42.77,0.823,0,0.0,4.0
2026-06-01 15:30:00,24.6,416.74,40.09,0.923,0,0.0,4.0
2026-06-01 15:35:00,21.41,409.73,35.49,0.853,0,0.0,4.0
2026-06-01 15:40:00,17.1,417.99,27.78,0.88,0,0.0,4.0
2026-06-01 15:45:00,13.32,418.82,21.61,0.842,0,0.0,4.0
2026-06-01 15:50:00,18.25,413.79,29.96,0.826,0,0.0,4.0
2026-06-01 15:55:00,24.36,415.59,39.81,0.909,0,0.0,4.0
2026-06-01 16:00:00,20.76,412.77,34.16,0.835,0,0.0,6.23
2026-06-01 16:05:00,13.09,410.13,21.67,0.823,0,0.0,4.0
2026-06-01 16:10:00,19.82,413.15,32.59,0.89,0,0.0,4.0
2026-06-01 16:15:00,20.54,413.65,33.72,0.822,0,0.0,4.0
2026-06-01 16:20:00,13.86,414.11,22.73,0.872,0,0.0,4.0
2026-06-01 16:25:00,18.73,412.6,30.84,0.855,0,0.0,4.0
2026-06-01 16:30:00,17.96,413.17,29.52,0.858,0,0.0,4.0
2026-06-01 16:35:00,11.66,414.97,19.09,0.82,0,0.0,4.0
2026-06-01 16:40:00,18.9,413.07,31.08,0.936,0,0.0,4.0
2026-06-01 16:45:00,19.66,416.36,32.08,0.882,0,0.0,4.0
2026-06-01 16:50:00,22.04,416.7,35.92,0.889,0,0.0,4.0
2026-06-01 16:55:00,21.67,420.95,34.96,0.9,0,0.0,4.0
2026-06-01 17:00:00,10.0,417.81,16.26,0.916,0,0.0,4.0
2026-06-01 17:05:00,11.31,415.61,18.49,0.893,0,0.0,4.0
2026-06-01 17:10:00,18.4,413.45,30.24,0.911,0,0.0,4.0
2026-06-01 17:15:00,18.24,415.73,29.8,0.874,0,0.0,4.0
2026-06-01 17:20:00,18.11,415.82,29.58,0.865,0,0.0,4.0
2026-06-01 17:25:00,34.67,413.72,56.92,0.919,1,21.74,4.29
2026-06-01 17:30:00,18.15,416.96,29.57,0.924,0,0.0,4.0
2026-06-01 17:35:00,20.89,411.5,34.48,0.837,0,0.0,4.0
2026-06-01 17:40:00,19.9,414.39,32.62,0.885,0,0.0,4.0
2026-06-01 17:45:00,18.33,416.39,29.9,0.902,0,0.0,4.0
2026-06-01 17:50:00,13.46,414.28,22.06,0.83,0,0.0,5.07
2026-06-01 17:55:00,18.8,414.48,30.81,0.932,0,0.0,4.0
2026-06-01 18:00:00,11.14,414.66,18.24,0.882,0,0.0,4.0
2026-06-01 18:05:00,13.82,412.91,22.74,0.897,0,0.0,4.0
2026-06-01 18:10:00,12.61,417.93,20.49,0.841,0,0.0,4.0
2026-06-01 18:15:00,15.48,412.45,25.5,0.852,0,0.0,4.0
2026-06-01 18:20:00,26.71,415.8,43.63,0.835,0,0.0,4.0
2026-06-01 18:25:00,10.0,416.03,16.33,0.852,0,0.0,4.0
2026-06-01 18:30:00,18.73,412.63,30.83,0.879,0,0.0,4.0
2026-06-01 18:35:00,10.0,415.18,16.36,0.92,0,0.0,4.0
2026-06-01 18:40:00,13.17,412.73,21.68,0.884,0,0.0,4.0
2026-06-01 18:45:00,21.12,418.48,34.28,0.849,0,0.0,4.0
2026-06-01 18:50:00,16.15,412.15,26.62,0.825,0,0.0,4.0
2026-06-01 18:55:00,10.61,413.37,17.44,0.895,0,0.0,4.0
2026-06-01 19:00:00,12.62,411.94,20.8,0.87,0,0.0,4.0
2026-06-01 19:05:00,19.8,411.61,32.67,0.938,0,0.0,4.0
2026-06-01 19:10:00,12.97,418.98,21.02,0.914,0,0.0,4.0
2026-06-01 19:15:00,17.94,416.36,29.27,0.917,0,0.0,4.0
2026-06-01 19:20:00,17.34,415.35,28.36,0.821,0,0.0,4.0
2026-06-01 19:25:00,14.12,413.36,23.21,0.913,0,0.0,4.0
2026-06-01 19:30:00,28.38,417.27,46.21,0.843,0,0.0,4.0
2026-06-01 19:35:00,21.13,412.94,34.76,0.89,0,0.0,4.0
2026-06-01 19:40:00,10.0,416.98,16.29,0.874,0,0.0,4.0
2026-06-01 19:45:00,19.54,412.82,32.15,0.889,0,0.0,4.0
2026-06-01 19:50:00,15.65,413.39,25.71,0.836,0,0.0,4.0
2026-06-01 19:55:00,23.58,416.9,38.41,0.875,0,0.0,4.0
2026-06-01 20:00:00,15.73,417.16,25.61,0.824,0,0.0,4.0
2026-06-01 20:05:00,19.5,416.49,31.81,0.825,0,0.0,4.0
2026-06-01 20:10:00,23.01,412.38,37.9,0.899,0,0.0,5.48
2026-06-01 20:15:00,25.23,413.88,41.4,0.934,0,0.0,4.53
2026-06-01 20:20:00,15.33,415.39,25.06,0.913,0,0.0,4.0
2026-06-01 20:25:00,20.1,412.88,33.07,0.876,0,0.0,4.0
2026-06-01 20:30:00,19.86,418.43,32.24,0.827,0,0.0,4.0
2026-06-01 20:35:00,19.44,409.0,32.28,0.825,0,0.0,4.0
2026-06-01 20:40:00,32.02,413.05,52.65,0.839,1,24.43,4.0
2026-06-01 20:45:00,25.71,413.73,42.21,0.937,0,0.0,4.0
2026-06-01 20:50:00,17.89,407.89,29.79,0.868,0,0.0,4.0
2026-06-01 20:55:00,29.31,411.51,48.37,0.921,0,0.0,4.0
2026-06-01 21:00:00,35.86,416.56,58.48,0.905,1,12.56,10.44
2026-06-01 21:05:00,30.96,415.08,50.66,0.893,1,18.76,4.0
2026-06-01 21:10:00,18.76,418.93,30.41,0.934,0,0.0,4.0
2026-06-01 21:15:00,24.5,418.86,39.73,0.848,0,0.0,4.0
2026-06-01 21:20:00,33.84,416.08,55.24,0.875,1,9.2,5.06
2026-06-01 21:25:00,24.55,415.78,40.11,0.924,0,0.0,4.0
2026-06-01 21:30:00,30.91,415.16,50.58,0.886,1,6.97,5.73
2026-06-01 21:35:00,33.18,408.36,55.19,0.85,1,16.59,6.72
2026-06-01 21:40:00,25.29,411.51,41.74,0.845,0,0.0,4.0
2026-06-01 21:45:00,30.26,415.25,49.49,0.91,1,7.44,4.0
2026-06-01 21:50:00,14.99,416.54,24.44,0.822,0,0.0,4.0
2026-06-01 21:55:00,26.72,415.72,43.66,0.93,0,0.0,4.0
2026-06-01 22:00:00,31.24,412.77,51.4,0.822,1,14.92,8.17
2026-06-01 22:05:00,26.93,417.34,43.82,0.896,0,0.0,4.0
2026-06-01 22:10:00,42.0,418.71,68.14,0.893,1,8.33,6.25
2026-06-01 22:15:00,27.37,417.34,44.55,0.889,0,0.0,4.72
2026-06-01 22:20:00,33.01,417.47,53.71,0.877,1,12.66,11.61
2026-06-01 22:25:00,36.56,413.6,60.04,0.922,1,16.11,4.24
2026-06-01 22:30:00,43.81,417.69,71.25,0.899,1,10.09,11.18
2026-06-01 22:35:00,30.14,415.36,49.28,0.914,1,8.37,9.57
2026-06-01 22:40:00,43.85,416.28,71.54,0.834,1,21.1,11.4
2026-06-01 22:45:00,38.8,415.91,63.37,0.826,1,8.77,7.27
2026-06-01 22:50:00,34.57,414.7,56.62,0.823,1,13.85,4.0
2026-06-01 22:55:00,42.52,412.85,69.95,0.838,1,24.09,9.05
2026-06-01 23:00:00,41.94,414.79,68.67,0.9,1,17.25,9.36
2026-06-01 23:05:00,38.68,417.47,62.94,0.879,1,14.95,8.26
2026-06-01 23:10:00,42.77,413.9,70.2,0.91,1,12.21,9.41
2026-06-01 23:15:00,41.25,417.23,67.15,0.843,1,15.41,6.32
2026-06-01 23:20:00,44.49,416.84,72.5,0.864,1,19.69,7.87
2026-06-01 23:25:00,47.99,414.25,78.68,0.927,1,21.45,4.18
2026-06-01 23:30:00,53.36,418.47,86.62,0.932,1,18.0,12.56
2026-06-01 23:35:00,40.0,414.11,65.61,0.931,1,20.81,6.17
2026-06-01 23:40:00,57.61,418.77,93.45,0.918,1,6.77,10.13
2026-06-01 23:45:00,37.95,416.09,61.95,0.903,1,5.29,7.68
2026-06-01 23:50:00,47.71,414.96,78.1,0.93,1,19.69,8.28
2026-06-01 23:55:00,52.18,412.78,85.86,0.906,1,10.23,7.43
2026-06-02 00:00:00,51.4,414.78,84.18,0.934,1,22.55,10.97
2026-06-02 00:05:00,47.65,414.49,78.09,0.823,1,15.72,5.24
2026-06-02 00:10:00,50.49,411.85,83.26,0.931,1,14.57,11.59
2026-06-02 00:15:00,49.82,414.46,81.66,0.887,1,20.46,11.52
2026-06-02 00:20:00,50.1,412.99,82.41,0.833,1,19.82,8.74
2026-06-02 00:25:00,58.06,416.46,94.69,0.846,1,19.09,10.26
2026-06-02 00:30:00,56.35,418.27,91.52,0.922,1,18.8,8.8
2026-06-02 00:35:00,51.86,411.93,85.51,0.881,1,15.31,9.22
2026-06-02 00:40:00,60.58,419.28,98.14,0.938,1,23.53,11.62
2026-06-02 00:45:00,58.36,414.68,95.6,0.834,1,22.81,10.91
2026-06-02 00:50:00,61.64,412.56,101.49,0.87,1,11.59,15.02
2026-06-02 00:55:00,61.47,416.89,100.15,0.86,1,21.09,8.08
2026-06-02 01:00:00,54.91,413.88,90.12,0.882,1,22.82,8.93
2026-06-02 01:05:00,56.99,414.8,93.33,0.896,1,17.37,12.82
2026-06-02 01:10:00,64.26,413.99,105.44,0.899,1,16.11,17.12
2026-06-02 01:15:00,64.3,412.96,105.77,0.82,1,18.44,10.5
2026-06-02 01:20:00,61.87,416.81,100.82,0.831,1,8.26,13.89
2026-06-02 01:25:00,63.27,414.28,103.74,0.824,1,6.75,9.07
2026-06-02 01:30:00,69.78,411.41,115.21,0.924,1,21.4,12.73
2026-06-02 01:35:00,61.14,416.38,99.74,0.858,1,16.47,11.85
2026-06-02 01:40:00,67.53,411.99,111.33,0.864,1,7.45,10.93
2026-06-02 01:45:00,64.47,412.12,106.26,0.874,1,13.33,11.3
2026-06-02 01:50:00,65.07,417.98,105.75,0.922,1,10.96,9.11
2026-06-02 01:55:00,72.33,412.01,119.24,0.822,1,22.51,15.7
2026-06-02 02:00:00,71.63,409.21,118.9,0.834,1,15.14,11.58
2026-06-02 02:05:00,72.22,416.56,117.77,0.902,1,16.55,12.29
2026-06-02 02:10:00,75.33,414.24,123.53,0.936,1,9.71,12.24
2026-06-02 02:15:00,69.55,414.46,113.99,0.897,1,20.98,11.88
2026-06-02 02:20:00,73.48,414.21,120.51,0.851,1,23.6,14.74
2026-06-02 02:25:00,69.14,415.58,113.02,0.882,1,20.85,13.63
2026-06-02 02:30:00,72.93,413.12,119.91,0.937,1,14.86,19.69
2026-06-02 02:35:00,71.26,418.69,115.6,0.883,1,21.7,13.35
2026-06-02 02:40:00,72.98,411.31,120.53,0.865,1,8.76,13.34
2026-06-02 02:45:00,76.05,416.11,124.15,0.866,1,7.27,17.14
2026-06-02 02:50:00,69.55,416.61,113.41,0.936,1,13.76,13.73
2026-06-02 02:55:00,84.66,413.1,139.21,0.906,1,8.63,15.44
2026-06-02 03:00:00,69.72,412.44,114.82,0.902,1,10.18,12.75
2026-06-02 03:05:00,69.21,417.54,112.59,0.848,1,16.7,13.74
2026-06-02 03:10:00,81.6,412.52,134.35,0.887,1,13.08,17.59
2026-06-02 03:15:00,80.27,413.48,131.87,0.863,1,22.32,18.67
2026-06-02 03:20:00,79.93,417.22,130.13,0.849,1,9.51,17.25
2026-06-02 03:25:00,80.44,415.09,131.63,0.927,1,24.94,16.8
2026-06-02 03:30:00,77.71,410.51,128.58,0.866,1,12.19,15.08
2026-06-02 03:35:00,73.74,419.37,119.44,0.854,1,15.31,18.75
2026-06-02 03:40:00,79.05,413.67,129.8,0.932,1,7.65,13.52
2026-06-02 03:45:00,75.72,413.99,124.23,0.844,1,16.59,16.07
2026-06-02 03:50:00,84.39,415.64,137.92,0.909,1,24.23,19.11
2026-06-02 03:55:00,79.19,416.56,129.12,0.898,1,19.99,17.67
2026-06-02 04:00:00,76.18,419.9,123.24,0.93,1,9.88,12.45
2026-06-02 04:05:00,79.08,410.85,130.74,0.92,1,13.85,21.43
2026-06-02 04:10:00,83.11,417.06,135.36,0.905,1,13.51,19.49
2026-06-02 04:15:00,78.57,416.86,128.03,0.858,1,6.96,16.94
2026-06-02 04:20:00,77.61,414.66,127.13,0.879,1,22.72,12.78
2026-06-02 04:25:00,83.25,416.97,135.62,0.933,1,12.63,17.88
2026-06-02 04:30:00,83.56,417.34,136.0,0.823,1,14.89,10.45
2026-06-02 04:35:00,80.09,411.55,132.18,0.915,1,10.82,14.42
2026-06-02 04:40:00,80.53,419.37,130.44,0.85,1,8.05,15.14
2026-06-02 04:45:00,84.3,411.1,139.29,0.842,1,23.04,15.29
2026-06-02 04:50:00,76.14,412.16,125.48,0.848,1,5.75,17.65
2026-06-02 04:55:00,76.56,414.35,125.52,0.827,1,13.0,14.67
2026-06-02 05:00:00,80.22,419.81,129.79,0.939,1,19.61,13.2
2026-06-02 05:05:00,82.93,414.23,135.99,0.924,1,11.18,17.23
2026-06-02 05:10:00,85.72,414.92,140.34,0.883,1,13.92,17.05
2026-06-02 05:15:00,91.7,418.58,148.81,0.906,1,16.29,13.27
2026-06-02 05:20:00,88.76,414.25,145.54,0.887,1,24.9,20.31
2026-06-02 05:25:00,83.79,412.05,138.13,0.917,1,20.17,16.33
2026-06-02 05:30:00,84.61,413.96,138.83,0.921,1,24.34,18.72
2026-06-02 05:35:00,79.78,418.43,129.51,0.848,1,18.86,16.25
2026-06-02 05:40:00,84.77,415.18,138.7,0.875,1,10.38,15.0
2026-06-02 05:45:00,83.48,419.83,135.07,0.896,1,10.75,16.54
2026-06-02 05:50:00,86.58,416.84,141.08,0.937,1,21.45,16.42
2026-06-02 05:55:00,80.86,413.39,132.86,0.902,1,13.55,15.9
2026-06-02 06:00:00,87.6,415.13,143.33,0.928,1,12.4,17.78
2026-06-02 06:05:00,92.66,412.87,152.44,0.922,1,23.9,18.21
2026-06-02 06:10:00,84.42,413.33,138.74,0.89,1,5.26,16.53
2026-06-02 06:15:00,86.93,426.2,138.55,0.927,1,15.5,15.56
2026-06-02 06:20:00,88.32,417.55,143.67,0.865,1,20.5,15.6
2026-06-02 06:25:00,82.79,417.15,134.8,0.866,1,19.72,17.68
2026-06-02 06:30:00,85.82,413.44,141.0,0.914,1,12.35,19.42
2026-06-02 06:35:00,84.66,418.92,137.26,0.836,1,15.71,14.83
2026-06-02 06:40:00,84.96,417.75,138.14,0.857,1,5.11,16.28
2026-06-02 06:45:00,80.46,419.7,130.22,0.893,1,15.7,12.01
2026-06-02 06:50:00,84.29,419.58,136.46,0.87,1,16.81,20.18
2026-06-02 06:55:00,86.49,411.3,142.83,0.933,1,22.5,19.34
2026-06-02 07:00:00,91.06,412.23,150.05,0.935,1,9.21,15.5
2026-06-02 07:05:00,88.4,412.49,145.57,0.88,1,21.5,16.17
2026-06-02 07:10:00,94.15,412.64,154.98,0.885,1,19.36,20.71
2026-06-02 07:15:00,79.31,415.81,129.55,0.907,1,18.32,15.6
2026-06-02 07:20:00,87.25,413.58,143.3,0.875,1,12.89,17.81
2026-06-02 07:25:00,83.54,420.18,135.04,0.843,1,12.35,13.38
2026-06-02 07:30:00,93.28,419.76,150.95,0.91,1,19.07,19.08
2026-06-02 07:35:00,77.99,414.98,127.66,0.909,1,24.8,14.94
2026-06-02 07:40:00,77.52,419.89,125.41,0.849,1,13.11,15.3
2026-06-02 07:45:00,78.39,418.72,127.17,0.92,1,23.37,14.36
2026-06-02 07:50:00,70.43,413.87,115.58,0.894,1,16.73,13.03
2026-06-02 07:55:00,78.06,409.98,129.33,0.848,1,22.36,15.41
2026-06-02 08:00:00,76.52,414.46,125.4,0.898,1,9.34,12.89
2026-06-02 08:05:00,80.67,413.39,132.56,0.848,1,20.24,20.77
2026-06-02 08:10:00,81.23,415.52,132.78,0.852,1,21.7,13.27
2026-06-02 08:15:00,88.48,415.22,144.75,0.922,1,21.64,18.16
2026-06-02 08:20:00,83.42,415.16,136.49,0.932,1,20.69,16.75
2026-06-02 08:25:00,75.34,416.31,122.93,0.851,1,11.08,15.87
2026-06-02 08:30:00,73.28,411.97,120.82,0.931,1,15.44,8.19
2026-06-02 08:35:00,79.76,416.03,130.22,0.849,1,10.99,11.01
2026-06-02 08:40:00,70.21,413.9,115.22,0.834,1,11.86,11.96
2026-06-02 08:45:00,85.47,415.5,139.73,0.827,1,11.02,18.06
2026-06-02 08:50:00,81.7,417.39,132.96,0.849,1,10.68,14.63
2026-06-02 08:55:00,72.94,411.94,120.27,0.866,1,18.87,13.37
2026-06-02 09:00:00,66.18,414.3,108.51,0.931,1,18.01,12.85
2026-06-02 09:05:00,80.97,414.7,132.63,0.849,1,9.09,13.09
2026-06-02 09:10:00,73.07,413.71,119.97,0.864,1,18.83,15.18
2026-06-02 09:15:00,79.27,417.25,129.04,0.908,1,10.82,15.25
2026-06-02 09:20:00,64.53,413.2,106.07,0.856,1,9.03,13.23
2026-06-02 09:25:00,68.91,413.61,113.17,0.902,1,19.95,16.9
2026-06-02 09:30:00,71.33,413.23,117.26,0.872,1,12.26,12.92
2026-06-02 09:35:00,70.93,417.73,115.34,0.844,1,16.39,13.84
2026-06-02 09:40:00,67.82,413.77,111.34,0.908,1,9.0,10.38
2026-06-02 09:45:00,72.56,416.15,118.43,0.823,1,17.27,11.03
2026-06-02 09:50:00,63.47,419.94,102.66,0.855,1,9.16,11.86
2026-06-02 09:55:00,67.45,414.81,110.44,0.863,1,8.34,12.79
2026-06-02 10:00:00,68.1,417.78,110.72,0.875,1,12.73,14.49
2026-06-02 10:05:00,69.41,419.18,112.47,0.902,1,20.8,14.86
2026-06-02 10:10:00,69.72,417.57,113.41,0.875,1,8.53,13.56
2026-06-02 10:15:00,59.86,414.96,97.98,0.891,1,7.34,15.03
2026-06-02 10:20:00,57.12,416.61,93.13,0.891,1,5.63,9.84
2026-06-02 10:25:00,70.48,411.78,116.27,0.865,1,13.32,12.92
2026-06-02 10:30:00,65.06,413.05,106.98,0.932,1,10.64,12.9
2026-06-02 10:35:00,58.94,413.49,96.83,0.935,1,10.84,8.42
2026-06-02 10:40:00,69.73,420.6,112.61,0.89,1,24.64,15.37
2026-06-02 10:45:00,61.83,412.97,101.7,0.829,1,8.88,11.74
2026-06-02 10:50:00,66.42,412.93,109.26,0.879,1,14.17,12.87
2026-06-02 10:55:00,60.13,412.39,99.04,0.842,1,24.73,13.31
2026-06-02 11:00:00,69.36,416.4,113.15,0.878,1,5.61,13.63
2026-06-02 11:05:00,67.1,415.36,109.73,0.843,1,18.93,13.97
2026-06-02 11:10:00,56.33,417.72,91.6,0.904,1,12.42,9.86
2026-06-02 11:15:00,61.69,416.68,100.56,0.83,1,23.12,15.89
2026-06-02 11:20:00,59.3,411.55,97.88,0.934,1,23.24,8.46
2026-06-02 11:25:00,62.17,412.98,102.25,0.843,1,12.74,10.24
2026-06-02 11:30:00,49.74,418.41,80.75,0.899,1,9.43,8.15
2026-06-02 11:35:00,57.24,414.49,93.8,0.93,1,13.56,9.32
2026-06-02 11:40:00,58.34,417.97,94.81,0.85,1,24.31,7.68
2026-06-02 11:45:00,43.5,414.63,71.26,0.932,1,10.63,12.16
2026-06-02 11:50:00,45.61,412.58,75.09,0.867,1,24.63,10.93
2026-06-02 11:55:00,40.57,414.24,66.52,0.935,1,21.39,6.91
2026-06-02 12:00:00,48.65,412.58,80.1,0.937,1,10.35,10.89
2026-06-02 12:05:00,52.82,413.59,86.76,0.843,1,20.82,10.18
2026-06-02 12:10:00,55.99,415.5,91.52,0.92,1,6.0,9.7
2026-06-02 12:15:00,48.08,416.28,78.46,0.843,1,15.96,7.23
2026-06-02 12:20:00,55.09,411.02,91.05,0.847,1,12.15,10.56
2026-06-02 12:25:00,39.29,414.96,64.31,0.83,1,13.54,6.29
2026-06-02 12:30:00,36.91,413.53,60.63,0.839,1,14.46,5.12
2026-06-02 12:35:00,44.4,413.38,72.95,0.896,1,15.05,10.95
2026-06-02 12:40:00,45.84,415.33,74.97,0.874,1,18.13,7.26
2026-06-02 12:45:00,43.01,413.62,70.63,0.915,1,18.94,11.93
2026-06-02 12:50:00,32.09,418.46,52.09,0.86,1,24.51,5.35
2026-06-02 12:55:00,41.24,417.97,67.01,0.936,1,20.26,4.96
2026-06-02 13:00:00,34.42,417.95,55.94,0.826,1,18.76,8.35
2026-06-02 13:05:00,43.55,413.76,71.5,0.828,1,12.85,7.45
2026-06-02 13:10:00,41.31,412.59,68.01,0.904,1,7.36,4.15
2026-06-02 13:15:00,34.05,415.21,55.7,0.927,1,6.18,7.03
2026-06-02 13:20:00,35.46,414.62,58.09,0.915,1,14.55,4.09
2026-06-02 13:25:00,32.02,413.48,52.6,0.879,1,18.37,4.0
2026-06-02 13:30:00,36.29,412.06,59.83,0.852,1,18.0,9.0
2026-06-02 13:35:00,40.68,414.9,66.6,0.822,1,24.06,11.96
2026-06-02 13:40:00,30.28,413.99,49.68,0.881,1,12.65,5.17
2026-06-02 13:45:00,37.04,416.72,60.38,0.877,1,17.56,10.34
2026-06-02 13:50:00,31.19,416.66,50.84,0.861,1,22.76,8.6
2026-06-02 13:55:00,29.2,417.75,47.48,0.889,0,0.0,4.0
2026-06-02 14:00:00,31.96,411.85,52.72,0.907,1,14.55,6.09
2026-06-02 14:05:00,26.67,416.0,43.54,0.904,0,0.0,4.0
2026-06-02 14:10:00,28.43,413.18,46.73,0.852,0,0.0,4.0
2026-06-02 14:15:00,24.57,411.95,40.51,0.89,0,0.0,4.0
2026-06-02 14:20:00,39.75,413.93,65.23,0.838,1,23.71,5.43
2026-06-02 14:25:00,29.48,417.67,47.94,0.835,0,0.0,4.0
2026-06-02 14:30:00,25.19,414.07,41.33,0.914,0,0.0,4.0
2026-06-02 14:35:00,29.16,418.91,47.29,0.903,0,0.0,4.0
2026-06-02 14:40:00,26.94,416.37,43.95,0.912,0,0.0,4.0
2026-06-02 14:45:00,25.82,414.01,42.36,0.838,0,0.0,4.0
2026-06-02 14:50:00,29.43,417.9,47.83,0.93,0,0.0,4.0
2026-06-02 14:55:00,29.58,416.11,48.29,0.836,0,0.0,4.0
2026-06-02 15:00:00,22.6,412.67,37.2,0.924,0,0.0,4.0
2026-06-02 15:05:00,21.84,419.65,35.35,0.862,0,0.0,4.0
2026-06-02 15:10:00,22.82,415.65,37.29,0.833,0,0.0,4.0
2026-06-02 15:15:00,12.18,415.05,19.93,0.854,0,0.0,4.0
2026-06-02 15:20:00,15.61,412.86,25.69,0.842,0,0.0,4.0
2026-06-02 15:25:00,29.54,417.95,48.01,0.879,0,0.0,4.0
2026-06-02 15:30:00,30.46,416.29,49.7,0.934,1,24.21,4.0
2026-06-02 15:35:00,20.53,416.57,33.47,0.859,0,0.0,4.0
2026-06-02 15:40:00,24.21,413.73,39.75,0.893,0,0.0,4.0
2026-06-02 15:45:00,22.45,417.09,36.57,0.927,0,0.0,4.0
2026-06-02 15:50:00,35.88,417.28,58.4,0.896,1,13.36,4.0
2026-06-02 15:55:00,25.68,413.33,42.2,0.863,0,0.0,4.0
2026-06-02 16:00:00,19.05,411.46,31.45,0.939,0,0.0,4.0
2026-06-02 16:05:00,14.54,416.45,23.71,0.842,0,0.0,4.0
2026-06-02 16:10:00,10.92,411.07,18.05,0.883,0,0.0,4.0
2026-06-02 16:15:00,19.63,415.38,32.09,0.916,0,0.0,4.0
2026-06-02 16:20:00,14.5,413.88,23.79,0.82,0,0.0,4.0
2026-06-02 16:25:00,10.85,418.05,17.63,0.904,0,0.0,4.0
2026-06-02 16:30:00,14.43,414.02,23.68,0.852,0,0.0,4.0
2026-06-02 16:35:00,11.97,417.77,19.47,0.84,0,0.0,4.0
2026-06-02 16:40:00,25.55,413.71,41.94,0.853,0,0.0,4.0
2026-06-02 16:45:00,21.27,417.5,34.6,0.936,0,0.0,4.0
2026-06-02 16:50:00,16.58,420.15,26.8,0.927,0,0.0,4.0
2026-06-02 16:55:00,23.8,412.33,39.2,0.846,0,0.0,4.0
2026-06-02 17:00:00,16.58,415.73,27.09,0.834,0,0.0,4.0
2026-06-02 17:05:00,11.7,421.87,18.83,0.864,0,0.0,4.0
2026-06-02 17:10:00,23.45,415.17,38.36,0.891,0,0.0,4.0
2026-06-02 17:15:00,18.37,415.15,30.05,0.924,0,0.0,5.17
2026-06-02 17:20:00,10.35,416.97,16.85,0.936,0,0.0,4.0
2026-06-02 17:25:00,14.46,415.1,23.65,0.91,0,0.0,4.0
2026-06-02 17:30:00,10.92,410.73,18.06,0.892,0,0.0,4.0
2026-06-02 17:35:00,10.0,417.83,16.26,0.837,0,0.0,4.0
2026-06-02 17:40:00,19.76,409.99,32.74,0.829,0,0.0,4.0
2026-06-02 17:45:00,24.62,413.96,40.4,0.892,0,0.0,4.0
2026-06-02 17:50:00,10.0,418.02,16.25,0.885,0,0.0,4.0
2026-06-02 17:55:00,17.82,414.11,29.24,0.922,0,0.0,4.0
2026-06-02 18:00:00,11.75,413.27,19.31,0.859,0,0.0,4.0
2026-06-02 18:05:00,12.57,417.2,20.47,0.825,0,0.0,4.0
2026-06-02 18:10:00,12.07,412.87,19.86,0.871,0,0.0,4.0
2026-06-02 18:15:00,10.75,411.94,17.73,0.936,0,0.0,4.0
2026-06-02 18:20:00,15.38,415.69,25.12,0.915,0,0.0,4.0
2026-06-02 18:25:00,11.05,414.54,18.11,0.824,0,0.0,4.0
2026-06-02 18:30:00,16.65,411.89,27.46,0.925,0,0.0,4.0
2026-06-02 18:35:00,15.16,416.59,24.71,0.877,0,0.0,4.02
2026-06-02 18:40:00,14.34,416.16,23.4,0.864,0,0.0,4.0
2026-06-02 18:45:00,11.13,414.1,18.26,0.862,0,0.0,4.0
2026-06-02 18:50:00,12.95,414.27,21.23,0.891,0,0.0,4.0
2026-06-02 18:55:00,19.78,416.18,32.28,0.884,0,0.0,4.0
2026-06-02 19:00:00,18.7,417.98,30.38,0.899,0,0.0,4.0
2026-06-02 19:05:00,11.51,414.29,18.87,0.889,0,0.0,4.0
2026-06-02 19:10:00,17.12,416.64,27.91,0.837,0,0.0,4.0
2026-06-02 19:15:00,20.61,416.41,33.63,0.851,0,0.0,4.0
2026-06-02 19:20:00,10.0,417.2,16.28,0.921,0,0.0,4.0
2026-06-02 19:25:00,20.1,415.1,32.89,0.9,0,0.0,4.0
2026-06-02 19:30:00,14.35,412.72,23.62,0.874,0,0.0,4.0
2026-06-02 19:35:00,20.82,413.84,34.17,0.842,0,0.0,4.0
2026-06-02 19:40:00,14.46,415.86,23.62,0.821,0,0.0,4.0
2026-06-02 19:45:00,10.0,419.55,16.19,0.857,0,0.0,4.0
2026-06-02 19:50:00,10.82,413.79,17.76,0.827,0,0.0,4.0
2026-06-02 19:55:00,19.55,417.01,31.85,0.878,0,0.0,4.0
2026-06-02 20:00:00,20.99,414.18,34.42,0.919,0,0.0,4.0
2026-06-02 20:05:00,15.56,415.28,25.45,0.854,0,0.0,4.0
2026-06-02 20:10:00,23.67,418.79,38.4,0.922,0,0.0,4.0
2026-06-02 20:15:00,12.59,416.91,20.51,0.905,0,0.0,4.0
2026-06-02 20:20:00,21.0,411.9,34.63,0.835,0,0.0,4.0
2026-06-02 20:25:00,15.72,413.57,25.82,0.897,0,0.0,4.0
2026-06-02 20:30:00,18.97,418.14,30.82,0.838,0,0.0,4.0
2026-06-02 20:35:00,22.94,415.35,37.52,0.899,0,0.0,4.0
2026-06-02 20:40:00,18.89,412.13,31.13,0.837,0,0.0,4.0
2026-06-02 20:45:00,21.76,412.95,35.8,0.867,0,0.0,6.0
2026-06-02 20:50:00,29.23,416.76,47.64,0.888,0,0.0,4.0
2026-06-02 20:55:00,21.83,417.49,35.52,0.826,0,0.0,4.0
2026-06-02 21:00:00,29.43,415.04,48.16,0.838,0,0.0,4.0
2026-06-02 21:05:00,20.15,421.19,32.49,0.858,0,0.0,4.0
2026-06-02 21:10:00,29.0,417.06,47.24,0.875,0,0.0,4.0
2026-06-02 21:15:00,34.13,414.39,55.95,0.923,1,17.97,6.46
2026-06-02 21:20:00,15.14,412.96,24.91,0.842,0,0.0,4.0
2026-06-02 21:25:00,24.11,412.56,39.69,0.862,0,0.0,4.0
2026-06-02 21:30:00,31.58,415.84,51.58,0.877,1,18.32,7.85
2026-06-02 21:35:00,28.29,413.78,46.44,0.855,0,0.0,4.0
2026-06-02 21:40:00,31.78,419.18,51.5,0.895,1,15.81,8.97
2026-06-02 21:45:00,27.54,418.67,44.67,0.851,0,0.0,4.0
2026-06-02 21:50:00,31.63,416.58,51.57,0.913,1,13.94,6.81
2026-06-02 21:55:00,31.06,412.05,51.21,0.881,1,13.72,7.04
2026-06-02 22:00:00,38.34,413.32,63.01,0.83,1,10.76,10.82
2026-06-02 22:05:00,34.44,418.14,55.94,0.895,1,20.73,4.0
2026-06-02 22:10:00,35.53,413.59,58.35,0.888,1,13.19,7.08
2026-06-02 22:15:00,32.46,417.81,52.77,0.861,1,16.03,5.16
2026-06-02 22:20:00,32.77,416.19,53.48,0.821,1,8.12,5.07
2026-06-02 22:25:00,33.74,415.13,55.21,0.844,1,14.5,4.83
2026-06-02 22:30:00,38.58,413.24,63.41,0.869,1,20.23,9.2
2026-06-02 22:35:00,35.21,414.76,57.66,0.844,1,13.89,4.0
2026-06-02 22:40:00,39.48,415.47,64.54,0.889,1,16.15,7.59
2026-06-02 22:45:00,49.13,417.58,79.91,0.905,1,19.03,5.59
2026-06-02 22:50:00,43.83,412.79,72.13,0.923,1,12.78,6.93
2026-06-02 22:55:00,38.58,414.34,63.24,0.898,1,12.07,7.05
2026-06-02 23:00:00,46.95,415.11,76.82,0.903,1,6.71,7.85
2026-06-02 23:05:00,39.64,416.66,64.62,0.893,1,16.65,9.54
2026-06-02 23:10:00,32.23,412.73,53.05,0.938,1,19.14,9.65
2026-06-02 23:15:00,38.13,411.71,62.91,0.851,1,16.63,12.22
2026-06-02 23:20:00,34.57,416.68,56.35,0.852,1,10.67,6.74
2026-06-02 23:25:00,42.92,411.21,70.89,0.835,1,10.25,10.92
2026-06-02 23:30:00,45.52,418.21,73.94,0.878,1,8.19,11.99
2026-06-02 23:35:00,54.57,414.61,89.41,0.832,1,5.94,9.02
2026-06-02 23:40:00,48.58,411.13,80.27,0.852,1,13.54,12.27
2026-06-02 23:45:00,46.62,413.8,76.52,0.878,1,8.21,4.0
2026-06-02 23:50:00,52.62,415.95,85.93,0.935,1,18.82,11.1
2026-06-02 23:55:00,38.18,413.67,62.69,0.936,1,24.23,11.79
2026-06-03 00:00:00,51.18,415.05,83.76,0.909,1,6.47,9.76
2026-06-03 00:05:00,54.62,416.85,89.0,0.867,1,22.86,10.53
2026-06-03 00:10:00,44.13,414.49,72.32,0.924,1,18.15,8.4
2026-06-03 00:15:00,58.01,412.66,95.48,0.925,1,22.21,14.94
2026-06-03 00:20:00,54.74,414.25,89.76,0.929,1,8.1,6.58
2026-06-03 00:25:00,51.73,418.54,83.96,0.897,1,23.13,9.57
2026-06-03 00:30:00,57.73,419.21,93.54,0.844,1,24.16,13.55
2026-06-03 00:35:00,66.68,409.95,110.48,0.831,1,23.13,13.89
2026-06-03 00:40:00,56.99,417.73,92.67,0.93,1,20.71,14.03
2026-06-03 00:45:00,58.07,415.63,94.9,0.827,1,6.81,12.37
2026-06-03 00:50:00,55.28,417.31,89.98,0.856,1,9.41,9.33
2026-06-03 00:55:00,54.07,413.62,88.79,0.878,1,23.26,12.24
2026-06-03 01:00:00,63.21,410.58,104.57,0.823,1,9.59,8.81
2026-06-03 01:05:00,55.51,416.46,90.54,0.929,1,11.95,5.93
2026-06-03 01:10:00,60.88,412.65,100.22,0.854,1,6.01,9.85
2026-06-03 01:15:00,58.86,411.53,97.16,0.823,1,17.56,11.66
2026-06-03 01:20:00,64.37,411.7,106.19,0.939,1,16.27,10.52
2026-06-03 01:25:00,64.35,416.5,104.95,0.857,1,24.24,13.2
2026-06-03 01:30:00,68.58,415.35,112.16,0.925,1,22.85,13.62
2026-06-03 01:35:00,61.55,416.96,100.26,0.874,1,15.12,7.54
2026-06-03 01:40:00,63.44,416.67,103.42,0.9,1,17.19,11.03
2026-06-03 01:45:00,60.59,413.95,99.42,0.849,1,13.26,13.74
2026-06-03 01:50:00,63.94,414.82,104.7,0.88,1,7.65,13.02
2026-06-03 01:55:00,68.72,413.72,112.83,0.851,1,22.36,11.88
2026-06-03 02:00:00,71.28,414.47,116.82,0.934,1,15.99,15.06
2026-06-03 02:05:00,63.55,412.58,104.62,0.827,1,13.51,16.17
2026-06-03 02:10:00,73.15,415.98,119.45,0.853,1,6.37,12.51
2026-06-03 02:15:00,76.22,417.69,123.96,0.927,1,18.31,16.35
2026-06-03 02:20:00,72.14,412.96,118.66,0.878,1,12.99,14.98
2026-06-03 02:25:00,80.08,418.2,130.07,0.892,1,10.07,13.82
2026-06-03 02:30:00,67.44,415.28,110.3,0.898,1,22.54,10.65
2026-06-03 02:35:00,65.68,415.6,107.35,0.829,1,8.67,16.07
2026-06-03 02:40:00,63.6,410.75,105.18,0.822,1,15.3,14.73
2026-06-03 02:45:00,80.56,410.48,133.3,0.933,1,20.92,14.9
2026-06-03 02:50:00,76.92,415.36,125.79,0.853,1,21.98,17.75
2026-06-03 02:55:00,73.93,416.97,120.42,0.866,1,21.37,15.66
2026-06-03 03:00:00,76.15,413.32,125.14,0.902,1,22.93,17.64
2026-06-03 03:05:00,69.66,419.18,112.87,0.848,1,7.85,8.79
2026-06-03 03:10:00,88.03,416.84,143.45,0.908,1,23.81,16.09
2026-06-03 03:15:00,76.96,412.73,126.66,0.875,1,5.22,17.75
2026-06-03 03:20:00,77.36,415.08,126.59,0.923,1,10.12,20.56
2026-06-03 03:25:00,80.92,421.19,130.51,0.853,1,6.68,14.0
2026-06-03 03:30:00,80.17,411.89,132.21,0.844,1,23.91,14.69
2026-06-03 03:35:00,79.34,416.32,129.46,0.92,1,13.48,16.53
2026-06-03 03:40:00,74.72,414.19,122.53,0.859,1,11.31,14.81
2026-06-03 03:45:00,81.46,416.77,132.76,0.869,1,8.34,16.31
2026-06-03 03:50:00,88.93,418.17,144.45,0.915,1,8.12,11.42
2026-06-03 03:55:00,86.65,414.03,142.15,0.896,1,17.28,15.91
2026-06-03 04:00:00,88.28,417.8,143.52,0.873,1,5.94,18.05
2026-06-03 04:05:00,78.13,420.55,126.19,0.85,1,16.89,9.47
2026-06-03 04:10:00,76.1,415.17,124.5,0.912,1,20.49,10.99
2026-06-03 04:15:00,80.76,416.96,131.57,0.842,1,17.02,11.29
2026-06-03 04:20:00,82.0,413.52,134.69,0.931,1,21.53,17.34
2026-06-03 04:25:00,87.51,415.05,143.21,0.838,1,10.31,14.12
2026-06-03 04:30:00,73.87,414.56,121.04,0.917,1,6.54,10.85
2026-06-03 04:35:00,90.27,416.99,147.04,0.871,1,19.42,17.35
2026-06-03 04:40:00,82.1,418.01,133.41,0.842,1,21.56,12.99
2026-06-03 04:45:00,81.01,414.73,132.68,0.868,1,15.03,16.38
2026-06-03 04:50:00,78.32,418.83,127.02,0.847,1,21.41,20.74
2026-06-03 04:55:00,75.33,418.83,122.17,0.836,1,14.16,13.42
2026-06-03 05:00:00,87.92,417.12,143.18,0.849,1,8.97,11.79
2026-06-03 05:05:00,84.36,413.71,138.51,0.924,1,14.49,14.86
2026-06-03 05:10:00,77.72,413.47,127.68,0.833,1,9.32,15.59
2026-06-03 05:15:00,77.85,412.97,128.05,0.937,1,14.44,15.64
2026-06-03 05:20:00,82.79,417.37,134.74,0.821,1,7.95,17.24
2026-06-03 05:25:00,92.94,411.97,153.24,0.899,1,8.71,15.79
2026-06-03 05:30:00,83.4,416.69,135.96,0.923,1,22.66,15.5
2026-06-03 05:35:00,77.28,412.3,127.31,0.932,1,7.32,8.61
2026-06-03 05:40:00,83.64,417.06,136.22,0.837,1,9.49,16.95
2026-06-03 05:45:00,83.56,415.04,136.76,0.904,1,24.91,13.26
2026-06-03 05:50:00,71.48,418.33,116.07,0.833,1,16.52,14.15
2026-06-03 05:55:00,84.72,417.85,137.72,0.862,1,16.72,14.07
2026-06-03 06:00:00,83.85,418.59,136.06,0.908,1,21.9,15.99
2026-06-03 06:05:00,88.47,418.65,143.55,0.862,1,15.49,18.91
2026-06-03 06:10:00,94.21,415.36,154.07,0.858,1,9.44,16.42
2026-06-03 06:15:00,90.56,412.1,149.26,0.834,1,13.45,15.26
2026-06-03 06:20:00,83.52,412.37,137.58,0.828,1,20.1,16.04
2026-06-03 06:25:00,79.26,409.78,131.38,0.834,1,22.45,13.9
2026-06-03 06:30:00,97.57,412.29,160.74,0.925,1,10.46,15.91
2026-06-03 06:35:00,84.89,415.17,138.88,0.821,1,10.24,20.1
2026-06-03 06:40:00,84.54,413.6,138.84,0.903,1,11.55,11.51
2026-06-03 06:45:00,84.21,414.55,137.98,0.912,1,16.92,17.51
2026-06-03 06:50:00,85.16,416.23,138.98,0.888,1,10.57,15.54
2026-06-03 06:55:00,83.28,414.24,136.55,0.908,1,22.86,14.22
2026-06-03 07:00:00,80.94,412.2,133.38,0.898,1,24.56,16.6
2026-06-03 07:05:00,80.87,414.87,132.4,0.875,1,18.58,15.56
2026-06-03 07:10:00,83.22,412.75,136.95,0.866,1,24.41,19.25
2026-06-03 07:15:00,80.43,414.32,131.85,0.933,1,10.76,12.39
2026-06-03 07:20:00,79.33,418.36,128.79,0.937,1,21.3,14.15
2026-06-03 07:25:00,83.15,414.32,136.32,0.898,1,18.57,18.23
2026-06-03 07:30:00,81.06,419.43,131.28,0.844,1,10.26,14.63
2026-06-03 07:35:00,89.56,418.58,145.33,0.874,1,11.37,17.95
2026-06-03 07:40:00,68.47,413.55,112.45,0.88,1,14.77,15.87
2026-06-03 07:45:00,86.85,412.22,143.11,0.911,1,20.83,17.97
2026-06-03 07:50:00,87.28,414.87,142.89,0.9,1,22.44,15.42
2026-06-03 07:55:00,70.32,417.88,114.3,0.882,1,17.68,12.73
2026-06-03 08:00:00,78.6,413.77,129.03,0.902,1,19.43,17.94
2026-06-03 08:05:00,78.06,417.27,127.08,0.823,1,10.28,14.92
2026-06-03 08:10:00,72.48,418.02,117.78,0.913,1,19.82,13.57
2026-06-03 08:15:00,75.21,413.06,123.68,0.845,1,17.1,15.28
2026-06-03 08:20:00,73.12,413.31,120.17,0.899,1,9.46,10.67
2026-06-03 08:25:00,86.99,416.78,141.77,0.834,1,24.0,16.31
2026-06-03 08:30:00,82.45,415.38,134.82,0.834,1,15.26,15.42
2026-06-03 08:35:00,83.65,413.28,137.49,0.824,1,20.89,15.88
2026-06-03 08:40:00,80.42,414.12,131.91,0.929,1,15.51,14.34
2026-06-03 08:45:00,70.67,414.82,115.72,0.893,1,23.66,13.19
2026-06-03 08:50:00,73.18,411.09,120.92,0.863,1,7.83,13.3
2026-06-03 08:55:00,77.73,416.91,126.64,0.915,1,15.92,18.16
2026-06-03 09:00:00,68.64,413.8,112.67,0.895,1,5.5,7.54
2026-06-03 09:05:00,77.77,408.04,129.46,0.894,1,8.95,16.06
2026-06-03 09:10:00,72.44,414.94,118.59,0.878,1,10.62,13.37
2026-06-03 09:15:00,71.2,413.15,117.07,0.821,1,14.45,13.4
2026-06-03 09:20:00,76.05,419.22,123.23,0.851,1,21.4,13.82
2026-06-03 09:25:00,74.13,413.54,121.76,0.833,1,14.33,15.22
2026-06-03 09:30:00,69.5,412.26,114.52,0.899,1,16.22,15.52
2026-06-03 09:35:00,76.49,416.27,124.82,0.85,1,23.48,10.56
2026-06-03 09:40:00,64.67,413.35,106.27,0.874,1,20.13,17.48
2026-06-03 09:45:00,72.52,413.05,119.27,0.862,1,6.0,13.69
2026-06-03 09:50:00,71.77,416.27,117.11,0.837,1,8.53,13.6
2026-06-03 09:55:00,66.61,412.4,109.71,0.935,1,5.76,9.06
2026-06-03 10:00:00,69.13,411.36,114.15,0.932,1,6.38,11.44
2026-06-03 10:05:00,60.58,419.31,98.13,0.83,1,11.78,14.63
2026-06-03 10:10:00,70.78,416.45,115.45,0.919,1,19.56,13.88
2026-06-03 10:15:00,64.56,414.34,105.83,0.879,1,9.89,13.07
2026-06-03 10:20:00,62.18,414.99,101.77,0.913,1,12.85,10.77
2026-06-03 10:25:00,69.34,416.26,113.15,0.838,1,12.88,17.68
2026-06-03 10:30:00,59.87,417.43,97.43,0.836,1,16.81,11.26
2026-06-03 10:35:00,55.64,413.11,91.49,0.927,1,22.86,13.77
2026-06-03 10:40:00,54.19,415.92,88.5,0.928,1,24.66,10.64
2026-06-03 10:45:00,64.28,413.73,105.53,0.876,1,17.09,13.23
2026-06-03 10:50:00,54.12,414.53,88.69,0.924,1,15.1,11.31
2026-06-03 10:55:00,68.57,415.4,112.12,0.9,1,18.64,15.41
2026-06-03 11:00:00,48.65,414.98,79.63,0.842,1,18.36,11.38
2026-06-03 11:05:00,66.8,416.84,108.86,0.859,1,15.48,11.7
2026-06-03 11:10:00,58.63,416.22,95.68,0.836,1,19.74,14.22
2026-06-03 11:15:00,56.34,411.23,93.07,0.913,1,14.83,8.6
2026-06-03 11:20:00,53.35,411.61,88.05,0.938,1,24.93,8.12
2026-06-03 11:25:00,57.32,414.08,94.03,0.886,1,5.98,9.94
2026-06-03 11:30:00,54.38,419.57,88.04,0.899,1,13.86,11.39
2026-06-03 11:35:00,59.33,412.87,97.6,0.91,1,12.94,8.96
2026-06-03 11:40:00,53.62,414.48,87.88,0.847,1,20.41,10.49
2026-06-03 11:45:00,53.04,413.66,87.1,0.86,1,8.82,6.79
2026-06-03 11:50:00,49.71,413.61,81.63,0.869,1,13.68,9.01
2026-06-03 11:55:00,50.48,415.45,82.53,0.891,1,18.96,12.28
2026-06-03 12:00:00,51.54,418.5,83.65,0.922,1,17.06,8.18
2026-06-03 12:05:00,40.69,416.14,66.41,0.851,1,15.9,5.3
2026-06-03 12:10:00,41.73,412.99,68.64,0.877,1,13.7,9.07
2026-06-03 12:15:00,51.43,421.88,82.8,0.91,1,20.04,8.44
2026-06-03 12:20:00,47.8,415.2,78.21,0.83,1,17.93,15.1
2026-06-03 12:25:00,45.27,413.56,74.35,0.882,1,22.49,9.72
2026-06-03 12:30:00,45.52,418.53,73.88,0.837,1,19.66,11.54
2026-06-03 12:35:00,46.41,413.83,76.18,0.885,1,7.81,5.71
2026-06-03 12:40:00,41.22,419.16,66.8,0.912,1,17.39,9.35
2026-06-03 12:45:00,39.28,412.82,64.63,0.848,1,5.89,5.04
2026-06-03 12:50:00,43.4,418.58,70.43,0.922,1,12.75,8.04
2026-06-03 12:55:00,36.79,415.5,60.14,0.86,1,13.24,5.55
2026-06-03 13:00:00,42.98,418.23,69.81,0.843,1,22.1,11.24
2026-06-03 13:05:00,31.69,419.75,51.29,0.876,1,8.61,6.88
2026-06-03 13:10:00,44.62,412.17,73.54,0.925,1,17.87,9.2
2026-06-03 13:15:00,41.11,418.19,66.78,0.828,1,8.85,10.99
2026-06-03 13:20:00,39.31,411.48,64.89,0.859,1,23.97,8.31
2026-06-03 13:25:00,42.23,412.38,69.56,0.898,1,15.59,10.76
2026-06-03 13:30:00,44.93,412.99,73.9,0.863,1,19.16,13.21
2026-06-03 13:35:00,40.98,416.26,66.86,0.828,1,17.93,8.6
2026-06-03 13:40:00,26.0,415.08,42.55,0.86,0,0.0,4.0
2026-06-03 13:45:00,28.12,414.58,46.08,0.919,0,0.0,4.0
2026-06-03 13:50:00,30.71,415.37,50.23,0.936,1,17.54,9.72
2026-06-03 13:55:00,33.3,416.48,54.3,0.825,1,15.21,7.05
2026-06-03 14:00:00,35.09,416.67,57.2,0.888,1,15.57,5.62
2026-06-03 14:05:00,28.21,417.74,45.88,0.833,0,0.0,4.0
2026-06-03 14:10:00,32.13,419.55,52.02,0.902,1,6.18,7.41
2026-06-03 14:15:00,26.78,414.95,43.84,0.821,0,0.0,4.0
2026-06-03 14:20:00,26.87,413.7,44.11,0.822,0,0.0,4.0
2026-06-03 14:25:00,22.27,416.53,36.32,0.913,0,0.0,4.0
2026-06-03 14:30:00,24.08,412.14,39.68,0.829,0,0.0,4.0
2026-06-03 14:35:00,21.33,413.3,35.06,0.857,0,0.0,4.0
2026-06-03 14:40:00,22.62,417.5,36.81,0.935,0,0.0,4.0
2026-06-03 14:45:00,32.19,414.69,52.73,0.938,1,17.23,9.73
2026-06-03 14:50:00,21.61,411.98,35.63,0.839,0,0.0,4.0
2026-06-03 14:55:00,38.96,411.28,64.34,0.887,1,14.35,5.78
2026-06-03 15:00:00,27.72,415.12,45.35,0.887,0,0.0,4.0
2026-06-03 15:05:00,25.64,417.85,41.68,0.874,0,0.0,4.0
2026-06-03 15:10:00,19.9,417.82,32.36,0.931,0,0.0,4.0
2026-06-03 15:15:00,27.19,415.28,44.47,0.91,0,0.0,4.0
2026-06-03 15:20:00,20.31,420.02,32.85,0.912,0,0.0,4.0
2026-06-03 15:25:00,23.31,414.74,38.18,0.852,0,0.0,5.69
2026-06-03 15:30:00,35.03,414.65,57.39,0.872,1,22.64,4.0
2026-06-03 15:35:00,21.29,408.58,35.4,0.878,0,0.0,4.0
2026-06-03 15:40:00,27.08,413.88,44.44,0.856,0,0.0,4.0
2026-06-03 15:45:00,17.38,417.13,28.31,0.831,0,0.0,4.0
2026-06-03 15:50:00,20.31,418.91,32.93,0.835,0,0.0,4.0
2026-06-03 15:55:00,28.93,412.92,47.59,0.842,0,0.0,4.0
2026-06-03 16:00:00,16.55,416.16,27.02,0.844,0,0.0,4.0
2026-06-03 16:05:00,28.38,417.62,46.15,0.849,0,0.0,4.0
2026-06-03 16:10:00,22.49,415.03,36.81,0.851,0,0.0,4.0
2026-06-03 16:15:00,15.8,409.29,26.22,0.875,0,0.0,4.0
2026-06-03 16:20:00,21.44,415.62,35.04,0.881,0,0.0,4.0
2026-06-03 16:25:00,22.83,416.9,37.19,0.857,0,0.0,4.0
2026-06-03 16:30:00,20.77,412.63,34.2,0.929,0,0.0,4.0
2026-06-03 16:35:00,10.0,414.36,16.39,0.886,0,0.0,4.0
2026-06-03 16:40:00,13.48,412.11,22.21,0.914,0,0.0,4.0
2026-06-03 16:45:00,15.62,408.57,25.97,0.931,0,0.0,4.0
2026-06-03 16:50:00,16.25,417.57,26.43,0.84,0,0.0,4.0
2026-06-03 16:55:00,19.5,414.99,31.92,0.871,0,0.0,4.0
2026-06-03 17:00:00,17.08,418.99,27.69,0.872,0,0.0,4.0
2026-06-03 17:05:00,10.0,417.14,16.28,0.863,0,0.0,4.0
2026-06-03 17:10:00,17.73,414.11,29.08,0.821,0,0.0,4.0
2026-06-03 17:15:00,18.73,414.79,30.66,0.918,0,0.0,4.0
2026-06-03 17:20:00,18.33,416.42,29.9,0.833,0,0.0,4.0
2026-06-03 17:25:00,20.81,417.42,33.87,0.939,0,0.0,4.0
2026-06-03 17:30:00,19.47,415.81,31.8,0.913,0,0.0,4.0
2026-06-03 17:35:00,17.5,417.76,28.46,0.89,0,0.0,4.0
2026-06-03 17:40:00,14.78,414.26,24.24,0.839,0,0.0,4.0
2026-06-03 17:45:00,10.0,412.51,16.47,0.882,0,0.0,4.0
2026-06-03 17:50:00,17.18,414.84,28.13,0.851,0,0.0,4.0
2026-06-03 17:55:00,16.05,415.51,26.23,0.85,0,0.0,4.0
2026-06-03 18:00:00,16.36,412.0,26.97,0.92,0,0.0,4.0
2026-06-03 18:05:00,10.0,411.66,16.5,0.866,0,0.0,4.0
2026-06-03 18:10:00,10.0,416.12,16.32,0.874,0,0.0,4.0
2026-06-03 18:15:00,20.34,413.98,33.37,0.921,0,0.0,4.0
2026-06-03 18:20:00,14.94,414.59,24.47,0.831,0,0.0,4.0
2026-06-03 18:25:00,18.62,414.1,30.54,0.891,0,0.0,4.0
2026-06-03 18:30:00,15.44,418.8,25.04,0.889,0,0.0,4.0
2026-06-03 18:35:00,15.56,418.15,25.27,0.871,0,0.0,4.0
2026-06-03 18:40:00,20.22,411.91,33.35,0.92,0,0.0,4.0
2026-06-03 18:45:00,13.09,413.67,21.5,0.933,0,0.0,4.0
2026-06-03 18:50:00,16.31,417.13,26.56,0.876,0,0.0,4.0
2026-06-03 18:55:00,13.69,416.5,22.33,0.875,0,0.0,4.0
2026-06-03 19:00:00,14.02,414.9,22.95,0.88,0,0.0,4.0
2026-06-03 19:05:00,14.85,412.16,24.48,0.907,0,0.0,4.0
2026-06-03 19:10:00,17.73,413.29,29.14,0.9,0,0.0,4.0
2026-06-03 19:15:00,14.46,413.71,23.75,0.847,0,0.0,4.0
2026-06-03 19:20:00,23.39,415.69,38.22,0.828,0,0.0,4.0
2026-06-03 19:25:00,12.91,419.26,20.91,0.934,0,0.0,4.0
2026-06-03 19:30:00,16.73,413.28,27.5,0.851,0,0.0,4.0
2026-06-03 19:35:00,15.77,412.43,25.96,0.897,0,0.0,4.0
2026-06-03 19:40:00,25.51,414.73,41.79,0.919,0,0.0,4.0
2026-06-03 19:45:00,19.59,417.58,31.87,0.856,0,0.0,4.0
2026-06-03 19:50:00,24.11,411.38,39.82,0.896,0,0.0,4.0
2026-06-03 19:55:00,11.89,418.63,19.29,0.833,0,0.0,4.0
2026-06-03 20:00:00,21.02,414.57,34.45,0.936,0,0.0,4.0
2026-06-03 20:05:00,24.53,413.16,40.32,0.827,0,0.0,4.0
2026-06-03 20:10:00,20.89,411.0,34.53,0.873,0,0.0,7.46
2026-06-03 20:15:00,26.23,416.77,42.74,0.884,0,0.0,4.0
2026-06-03 20:20:00,18.74,414.57,30.71,0.915,0,0.0,4.0
2026-06-03 20:25:00,28.82,415.43,47.12,0.835,0,0.0,4.0
2026-06-03 20:30:00,33.73,412.75,55.5,0.873,1,6.45,6.19
2026-06-03 20:35:00,20.89,414.2,34.26,0.856,0,0.0,4.0
2026-06-03 20:40:00,20.96,413.78,34.41,0.857,0,0.0,5.21
2026-06-03 20:45:00,30.95,414.75,50.69,0.913,1,18.25,4.74
2026-06-03 20:50:00,32.09,413.33,52.74,0.821,1,7.77,4.0
2026-06-03 20:55:00,22.1,411.16,36.51,0.91,0,0.0,4.0
2026-06-03 21:00:00,23.15,421.82,37.28,0.917,0,0.0,4.0
2026-06-03 21:05:00,24.39,411.59,40.25,0.928,0,0.0,4.0
2026-06-03 21:10:00,19.63,415.45,32.1,0.895,0,0.0,5.39
2026-06-03 21:15:00,22.33,410.57,36.94,0.86,0,0.0,4.0
2026-06-03 21:20:00,22.48,410.01,37.25,0.871,0,0.0,4.0
2026-06-03 21:25:00,24.25,415.24,39.67,0.936,0,0.0,4.0
2026-06-03 21:30:00,28.52,415.44,46.63,0.926,0,0.0,4.0
2026-06-03 21:35:00,30.48,418.15,49.5,0.876,1,24.27,4.0
2026-06-03 21:40:00,37.68,416.0,61.52,0.933,1,13.72,8.11
2026-06-03 21:45:00,25.56,414.63,41.88,0.919,0,0.0,4.0
2026-06-03 21:50:00,36.12,412.63,59.45,0.928,1,18.87,5.21
2026-06-03 21:55:00,30.77,418.75,49.92,0.902,1,13.24,4.0
2026-06-03 22:00:00,32.25,417.32,52.5,0.923,1,17.37,4.57
2026-06-03 22:05:00,36.54,411.88,60.26,0.927,1,23.93,10.08
2026-06-03 22:10:00,28.23,415.09,46.19,0.831,0,0.0,4.0
2026-06-03 22:15:00,36.43,415.36,59.58,0.936,1,14.96,7.8
2026-06-03 22:20:00,36.04,414.14,59.11,0.86,1,20.5,11.31
2026-06-03 22:25:00,38.37,416.93,62.51,0.873,1,20.12,4.01
2026-06-03 22:30:00,38.05,417.08,61.97,0.915,1,15.32,7.13
2026-06-03 22:35:00,49.59,414.52,81.26,0.9,1,6.29,10.54
2026-06-03 22:40:00,34.84,414.3,57.12,0.927,1,24.62,9.33
2026-06-03 22:45:00,36.09,418.75,58.55,0.868,1,12.55,8.98
2026-06-03 22:50:00,36.36,417.33,59.18,0.865,1,11.33,8.78
2026-06-03 22:55:00,37.43,415.18,61.23,0.824,1,24.63,11.02
2026-06-03 23:00:00,37.75,410.93,62.41,0.876,1,22.44,9.68
2026-06-03 23:05:00,47.63,415.86,77.79,0.907,1,11.6,6.49
2026-06-03 23:10:00,49.53,416.75,80.72,0.856,1,11.17,8.42
2026-06-03 23:15:00,40.32,408.11,67.1,0.876,1,19.42,4.31
2026-06-03 23:20:00,39.76,415.63,64.98,0.846,1,11.69,10.04
2026-06-03 23:25:00,47.03,413.96,77.18,0.913,1,10.03,11.73
2026-06-03 23:30:00,42.67,414.45,69.93,0.827,1,24.59,6.09
2026-06-03 23:35:00,49.35,412.73,81.23,0.905,1,16.31,8.82
2026-06-03 23:40:00,47.96,414.63,78.58,0.865,1,20.25,5.59
2026-06-03 23:45:00,40.13,418.48,65.14,0.825,1,19.26,7.91
2026-06-03 23:50:00,56.21,413.88,92.25,0.922,1,20.11,9.21
2026-06-03 23:55:00,58.22,417.41,94.73,0.879,1,23.07,8.93
2026-06-04 00:00:00,46.94,412.98,77.2,0.892,1,15.02,9.14
2026-06-04 00:05:00,48.83,416.9,79.55,0.908,1,20.07,14.14
2026-06-04 00:10:00,52.96,415.0,86.68,0.899,1,20.94,12.42
2026-06-04 00:15:00,53.96,415.88,88.13,0.908,1,23.93,10.33
2026-06-04 00:20:00,56.34,415.02,92.22,0.911,1,19.26,10.99
2026-06-04 00:25:00,63.86,416.6,104.12,0.891,1,22.85,16.98
2026-06-04 00:30:00,53.68,408.58,89.25,0.864,1,6.9,12.92
2026-06-04 00:35:00,51.33,411.45,84.74,0.849,1,7.52,8.9
2026-06-04 00:40:00,49.18,416.04,80.3,0.928,1,8.17,10.42
2026-06-04 00:45:00,53.17,409.89,88.12,0.936,1,7.9,7.66
2026-06-04 00:50:00,57.41,413.67,94.27,0.863,1,6.75,10.73
2026-06-04 00:55:00,67.29,414.86,110.18,0.833,1,7.45,14.25
2026-06-04 01:00:00,56.47,412.93,92.89,0.847,1,24.92,13.77
2026-06-04 01:05:00,60.91,413.27,100.12,0.9,1,10.44,10.01
2026-06-04 01:10:00,60.44,415.68,98.77,0.841,1,14.56,13.92
2026-06-04 01:15:00,67.19,417.52,109.31,0.914,1,21.43,13.51
2026-06-04 01:20:00,74.61,412.6,122.82,0.931,1,7.37,13.13
2026-06-04 01:25:00,60.03,413.56,98.6,0.936,1,11.35,15.78
2026-06-04 01:30:00,60.95,413.17,100.2,0.821,1,8.19,10.55
2026-06-04 01:35:00,69.32,408.95,115.13,0.935,1,6.25,10.23
2026-06-04 01:40:00,68.2,415.35,111.53,0.909,1,24.22,11.93
2026-06-04 01:45:00,74.71,417.34,121.6,0.83,1,22.17,16.23
2026-06-04 01:50:00,69.08,417.54,112.38,0.87,1,22.59,11.28
2026-06-04 01:55:00,65.04,412.82,107.01,0.904,1,22.37,14.74
2026-06-04 02:00:00,70.45,411.87,116.19,0.935,1,8.09,11.11
2026-06-04 02:05:00,73.7,415.05,120.61,0.84,1,20.7,14.13
2026-06-04 02:10:00,72.91,417.07,118.74,0.835,1,19.56,19.21
2026-06-04 02:15:00,71.98,415.39,117.71,0.877,1,23.51,12.09
2026-06-04 02:20:00,75.41,415.72,123.21,0.936,1,9.39,9.38
2026-06-04 02:25:00,76.54,417.85,124.43,0.937,1,13.28,17.6
2026-06-04 02:30:00,78.22,413.15,128.6,0.847,1,10.9,11.39
2026-06-04 02:35:00,75.15,414.45,123.17,0.858,1,10.16,12.16
2026-06-04 02:40:00,71.66,419.09,116.15,0.929,1,18.05,15.48
2026-06-04 02:45:00,73.81,414.51,120.95,0.908,1,8.28,15.29
2026-06-04 02:50:00,79.68,411.83,131.42,0.937,1,14.3,9.57
2026-06-04 02:55:00,70.12,413.33,115.23,0.927,1,17.93,12.73
2026-06-04 03:00:00,76.59,412.65,126.08,0.846,1,7.61,16.14
2026-06-04 03:05:00,73.32,415.89,119.74,0.911,1,10.14,18.39
2026-06-04 03:10:00,75.95,412.76,124.98,0.826,1,24.35,12.03
2026-06-04 03:15:00,82.71,415.68,135.15,0.918,1,20.91,18.4
2026-06-04 03:20:00,77.77,413.16,127.85,0.892,1,18.54,13.4
2026-06-04 03:25:00,77.53,409.69,128.54,0.935,1,22.12,17.47
2026-06-04 03:30:00,70.97,415.77,115.94,0.935,1,5.28,10.64
2026-06-04 03:35:00,81.96,415.37,134.02,0.826,1,5.12,14.48
2026-06-04 03:40:00,81.9,416.29,133.63,0.839,1,8.08,16.04
2026-06-04 03:45:00,89.92,413.32,147.77,0.878,1,14.91,19.13
2026-06-04 03:50:00,77.98,413.05,128.24,0.926,1,16.4,16.17
2026-06-04 03:55:00,81.02,416.0,132.29,0.918,1,7.27,13.96
2026-06-04 04:00:00,81.56,418.8,132.28,0.936,1,6.45,13.84
2026-06-04 04:05:00,88.57,415.03,144.96,0.894,1,21.57,21.13
2026-06-04 04:10:00,80.57,416.06,131.54,0.851,1,14.29,15.86
2026-06-04 04:15:00,82.79,414.2,135.76,0.823,1,24.85,15.05
2026-06-04 04:20:00,84.76,411.14,140.03,0.847,1,9.59,16.98
2026-06-04 04:25:00,82.97,417.42,135.01,0.901,1,17.94,17.27
2026-06-04 04:30:00,80.1,417.27,130.4,0.931,1,21.09,12.35
2026-06-04 04:35:00,83.59,416.78,136.23,0.859,1,22.45,17.29
2026-06-04 04:40:00,88.26,414.55,144.61,0.925,1,11.13,12.96
2026-06-04 04:45:00,78.01,416.49,127.23,0.867,1,8.87,13.0
2026-06-04 04:50:00,84.04,417.23,136.82,0.857,1,9.52,13.33
2026-06-04 04:55:00,80.1,419.05,129.84,0.881,1,18.33,15.04
2026-06-04 05:00:00,89.78,417.47,146.08,0.873,1,15.45,15.92
2026-06-04 05:05:00,76.38,415.16,124.97,0.93,1,16.98,14.14
2026-06-04 05:10:00,81.38,411.73,134.25,0.876,1,5.41,10.54
2026-06-04 05:15:00,86.21,415.39,140.98,0.853,1,12.82,15.98
2026-06-04 05:20:00,92.3,415.64,150.83,0.921,1,11.2,14.63
2026-06-04 05:25:00,84.26,416.77,137.33,0.94,1,22.28,21.56
2026-06-04 05:30:00,81.92,418.38,133.01,0.898,1,20.53,14.85
2026-06-04 05:35:00,94.2,414.76,154.27,0.85,1,13.59,17.04
2026-06-04 05:40:00,77.63,420.25,125.47,0.849,1,17.61,16.46
2026-06-04 05:45:00,73.93,410.6,122.3,0.827,1,5.95,16.66
2026-06-04 05:50:00,87.17,416.05,142.31,0.829,1,17.75,13.86
2026-06-04 05:55:00,82.48,413.0,135.65,0.93,1,6.94,16.52
2026-06-04 06:00:00,79.89,410.23,132.29,0.832,1,19.28,17.58
2026-06-04 06:05:00,88.53,414.5,145.08,0.878,1,16.48,17.19
2026-06-04 06:10:00,86.19,411.36,142.31,0.904,1,11.01,16.44
2026-06-04 06:15:00,82.1,414.6,134.52,0.922,1,12.42,14.22
2026-06-04 06:20:00,78.47,415.09,128.4,0.841,1,6.8,13.72
2026-06-04 06:25:00,89.15,417.8,144.95,0.873,1,11.46,16.37
2026-06-04 06:30:00,87.95,411.23,145.28,0.85,1,24.34,16.06
2026-06-04 06:35:00,84.1,417.27,136.9,0.851,1,14.72,17.93
2026-06-04 06:40:00,93.7,415.25,153.28,0.856,1,14.48,15.58
2026-06-04 06:45:00,78.98,417.57,128.47,0.89,1,17.58,17.07
2026-06-04 06:50:00,76.54,413.92,125.61,0.822,1,14.69,17.58
2026-06-04 06:55:00,80.54,411.67,132.89,0.869,1,12.11,15.96
2026-06-04 07:00:00,83.58,411.96,137.81,0.842,1,7.79,11.3
2026-06-04 07:05:00,84.82,411.77,139.92,0.936,1,17.61,17.56
2026-06-04 07:10:00,82.17,416.19,134.11,0.89,1,19.98,14.3
2026-06-04 07:15:00,84.9,418.69,137.74,0.924,1,23.46,15.24
2026-06-04 07:20:00,76.63,413.59,125.86,0.843,1,5.06,14.88
2026-06-04 07:25:00,89.84,416.57,146.49,0.917,1,6.33,19.04
2026-06-04 07:30:00,81.93,411.19,135.33,0.87,1,22.99,12.06
2026-06-04 07:35:00,87.62,415.45,143.26,0.841,1,17.62,16.79
2026-06-04 07:40:00,83.43,416.67,136.01,0.911,1,24.16,20.83
2026-06-04 07:45:00,83.67,411.38,138.16,0.911,1,13.62,13.2
2026-06-04 07:50:00,83.89,414.49,137.48,0.94,1,13.33,15.3
2026-06-04 07:55:00,82.92,416.79,135.14,0.914,1,11.89,14.1
2026-06-04 08:00:00,83.52,407.67,139.17,0.837,1,7.86,17.05
2026-06-04 08:05:00,86.57,418.34,140.56,0.859,1,12.57,13.32
2026-06-04 08:10:00,80.5,415.88,131.48,0.874,1,5.29,11.13
2026-06-04 08:15:00,82.65,416.79,134.69,0.835,1,15.19,17.56
2026-06-04 08:20:00,78.22,413.97,128.35,0.915,1,21.94,15.73
2026-06-04 08:25:00,85.43,410.69,141.29,0.883,1,11.42,13.21
2026-06-04 08:30:00,74.39,416.34,121.36,0.933,1,6.89,13.58
2026-06-04 08:35:00,86.3,414.79,141.32,0.891,1,24.48,13.8
2026-06-04 08:40:00,76.61,415.08,125.37,0.883,1,7.58,16.3
2026-06-04 08:45:00,69.16,417.72,112.46,0.829,1,15.57,13.87
2026-06-04 08:50:00,76.45,416.91,124.55,0.838,1,21.18,13.17
2026-06-04 08:55:00,71.88,419.8,116.3,0.922,1,10.05,12.1
2026-06-04 09:00:00,78.95,415.38,129.11,0.939,1,21.83,14.24
2026-06-04 09:05:00,70.94,413.27,116.6,0.87,1,16.14,11.09
2026-06-04 09:10:00,71.41,414.53,117.02,0.917,1,11.64,16.53
2026-06-04 09:15:00,63.63,416.04,103.89,0.895,1,22.31,15.26
2026-06-04 09:20:00,70.24,417.54,114.26,0.935,1,17.44,12.59
2026-06-04 09:25:00,59.79,411.33,98.73,0.849,1,17.31,10.9
2026-06-04 09:30:00,63.39,415.02,103.74,0.885,1,15.08,9.57
2026-06-04 09:35:00,74.5,419.02,120.76,0.869,1,10.49,13.56
2026-06-04 09:40:00,74.0,414.4,121.3,0.885,1,11.1,15.01
2026-06-04 09:45:00,71.57,417.33,116.49,0.852,1,6.76,15.95
2026-06-04 09:50:00,63.97,416.23,104.39,0.88,1,9.87,9.94
2026-06-04 09:55:00,67.92,417.39,110.53,0.895,1,10.56,8.86
2026-06-04 10:00:00,67.48,412.98,110.99,0.83,1,6.17,10.13
2026-06-04 10:05:00,61.04,412.99,100.4,0.909,1,7.21,12.63
2026-06-04 10:10:00,73.68,415.05,120.58,0.905,1,10.41,13.68
2026-06-04 10:15:00,69.87,411.17,115.42,0.926,1,18.55,15.8
2026-06-04 10:20:00,63.69,414.33,104.41,0.871,1,8.68,11.99
2026-06-04 10:25:00,64.23,415.63,104.97,0.827,1,15.44,16.07
2026-06-04 10:30:00,64.44,419.46,104.34,0.875,1,15.16,8.69
2026-06-04 10:35:00,52.48,416.01,85.68,0.837,1,21.68,4.78
2026-06-04 10:40:00,60.73,416.56,99.04,0.898,1,17.18,14.92
2026-06-04 10:45:00,57.84,417.91,94.01,0.826,1,23.34,9.74
2026-06-04 10:50:00,55.52,412.59,91.4,0.865,1,17.56,11.19
2026-06-04 10:55:00,58.39,414.59,95.66,0.83,1,5.51,11.1
2026-06-04 11:00:00,68.05,421.06,109.77,0.82,1,12.63,13.63
2026-06-04 11:05:00,61.52,414.8,100.75,0.935,1,18.98,10.93
2026-06-04 11:10:00,54.72,417.79,88.96,0.94,1,14.5,8.38
2026-06-04 11:15:00,59.69,417.41,97.14,0.887,1,13.39,9.03
2026-06-04 11:20:00,63.07,411.3,104.17,0.849,1,18.43,13.67
2026-06-04 11:25:00,59.95,415.78,97.94,0.929,1,10.71,13.11
2026-06-04 11:30:00,54.87,415.37,89.72,0.931,1,23.18,10.46
2026-06-04 11:35:00,50.58,415.82,82.62,0.923,1,13.26,8.39
2026-06-04 11:40:00,56.54,413.11,92.97,0.885,1,17.62,12.37
2026-06-04 11:45:00,54.26,412.21,89.41,0.829,1,24.65,7.58
2026-06-04 11:50:00,56.0,413.81,91.93,0.831,1,20.71,15.62
2026-06-04 11:55:00,53.94,414.76,88.34,0.928,1,15.63,11.54
2026-06-04 12:00:00,55.25,417.96,89.79,0.925,1,22.19,10.69
2026-06-04 12:05:00,46.56,419.54,75.38,0.872,1,16.21,11.11
2026-06-04 12:10:00,55.06,418.49,89.37,0.859,1,13.83,12.06
2026-06-04 12:15:00,48.7,417.15,79.3,0.897,1,22.47,10.43
2026-06-04 12:20:00,57.33,412.49,94.4,0.917,1,5.54,6.23
2026-06-04 12:25:00,42.74,413.98,70.13,0.908,1,13.15,9.3
2026-06-04 12:30:00,54.11,415.52,88.46,0.894,1,11.86,13.7
2026-06-04 12:35:00,45.67,413.42,75.03,0.848,1,19.28,7.9
2026-06-04 12:40:00,40.67,416.44,66.33,0.852,1,5.25,9.8
2026-06-04 12:45:00,40.75,416.8,66.41,0.907,1,18.22,10.21
2026-06-04 12:50:00,40.82,416.34,66.6,0.916,1,11.93,8.62
2026-06-04 12:55:00,43.8,417.56,71.25,0.834,1,6.96,8.63
2026-06-04 13:00:00,43.56,412.74,71.68,0.842,1,24.61,10.36
2026-06-04 13:05:00,37.34,417.33,60.77,0.902,1,9.24,8.14
2026-06-04 13:10:00,39.35,413.26,64.68,0.867,1,11.98,12.05
2026-06-04 13:15:00,49.46,412.65,81.42,0.888,1,9.14,11.59
2026-06-04 13:20:00,46.67,416.33,76.14,0.894,1,18.24,10.95
2026-06-04 13:25:00,39.5,418.04,64.18,0.913,1,20.65,10.58
2026-06-04 13:30:00,36.8,416.22,60.05,0.917,1,22.21,9.37
2026-06-04 13:35:00,36.5,415.05,59.74,0.854,1,11.22,4.0
2026-06-04 13:40:00,38.28,415.78,62.53,0.885,1,15.49,7.39
2026-06-04 13:45:00,29.41,415.34,48.09,0.835,0,0.0,4.0
2026-06-04 13:50:00,32.55,412.19,53.64,0.921,1,17.59,7.5
2026-06-04 13:55:00,24.82,411.89,40.93,0.921,0,0.0,4.0
2026-06-04 14:00:00,34.5,414.8,56.49,0.856,1,20.39,8.59
2026-06-04 14:05:00,35.08,415.2,57.39,0.839,1,6.95,5.69
2026-06-04 14:10:00,28.78,415.03,47.1,0.828,0,0.0,4.0
2026-06-04 14:15:00,38.42,416.69,62.64,0.889,1,19.69,11.71
2026-06-04 14:20:00,23.8,414.46,39.0,0.831,0,0.0,4.0
2026-06-04 14:25:00,21.98,416.41,35.86,0.902,0,0.0,4.0
2026-06-04 14:30:00,29.82,414.64,48.84,0.901,0,0.0,4.0
2026-06-04 14:35:00,33.33,419.56,53.96,0.894,1,12.44,7.2
2026-06-04 14:40:00,35.92,415.2,58.77,0.925,1,16.82,8.66
2026-06-04 14:45:00,24.63,420.85,39.75,0.865,0,0.0,4.0
2026-06-04 14:50:00,31.75,415.88,51.85,0.928,1,17.74,4.35
2026-06-04 14:55:00,25.6,414.47,41.96,0.824,0,0.0,4.0
2026-06-04 15:00:00,24.39,412.75,40.13,0.834,0,0.0,4.0
2026-06-04 15:05:00,29.14,411.39,48.11,0.869,0,0.0,4.0
2026-06-04 15:10:00,27.46,412.52,45.21,0.891,0,0.0,4.0
2026-06-04 15:15:00,15.8,412.8,26.0,0.824,0,0.0,4.0
2026-06-04 15:20:00,30.57,415.99,49.92,0.888,1,5.29,4.0
2026-06-04 15:25:00,29.6,413.68,48.61,0.857,0,0.0,4.0
2026-06-04 15:30:00,19.1,415.47,31.23,0.926,0,0.0,4.0
2026-06-04 15:35:00,23.75,418.2,38.58,0.884,0,0.0,4.67
2026-06-04 15:40:00,23.8,414.78,38.98,0.891,0,0.0,4.0
2026-06-04 15:45:00,22.2,420.2,35.89,0.933,0,0.0,4.0
2026-06-04 15:50:00,17.73,412.06,29.23,0.912,0,0.0,4.0
2026-06-04 15:55:00,16.72,414.62,27.39,0.873,0,0.0,4.0
2026-06-04 16:00:00,19.56,413.65,32.12,0.877,0,0.0,4.0
2026-06-04 16:05:00,25.18,417.34,40.98,0.898,0,0.0,4.0
2026-06-04 16:10:00,21.67,409.4,35.96,0.844,0,0.0,4.0
2026-06-04 16:15:00,16.76,411.39,27.67,0.831,0,0.0,4.0
2026-06-04 16:20:00,22.14,414.73,36.26,0.857,0,0.0,4.0
2026-06-04 16:25:00,10.0,418.88,16.22,0.913,0,0.0,4.0
2026-06-04 16:30:00,23.41,415.56,38.26,0.851,0,0.0,4.26
2026-06-04 16:35:00,10.0,411.62,16.5,0.836,0,0.0,4.0
2026-06-04 16:40:00,15.3,412.01,25.22,0.846,0,0.0,4.0
2026-06-04 16:45:00,11.26,419.18,18.24,0.901,0,0.0,4.0
2026-06-04 16:50:00,10.15,413.45,16.67,0.894,0,0.0,4.0
2026-06-04 16:55:00,22.2,412.64,36.55,0.903,0,0.0,4.0
2026-06-04 17:00:00,13.85,418.69,22.48,0.859,0,0.0,4.0
2026-06-04 17:05:00,17.74,417.53,28.85,0.928,0,0.0,4.0
2026-06-04 17:10:00,15.6,418.19,25.33,0.874,0,0.0,4.0
2026-06-04 17:15:00,18.06,412.62,29.73,0.882,0,0.0,4.0
2026-06-04 17:20:00,15.92,411.19,26.29,0.934,0,0.0,4.0
2026-06-04 17:25:00,10.0,415.33,16.35,0.938,0,0.0,4.0
2026-06-04 17:30:00,20.28,415.84,33.13,0.899,0,0.0,4.0
2026-06-04 17:35:00,12.74,415.91,20.81,0.933,0,0.0,4.0
2026-06-04 17:40:00,10.0,418.7,16.22,0.885,0,0.0,4.0
2026-06-04 17:45:00,12.93,410.67,21.39,0.857,0,0.0,4.0
2026-06-04 17:50:00,22.54,417.15,36.7,0.858,0,0.0,4.0
2026-06-04 17:55:00,19.26,412.26,31.73,0.887,0,0.0,4.0
2026-06-04 18:00:00,13.26,417.14,21.59,0.893,0,0.0,4.0
2026-06-04 18:05:00,13.26,413.81,21.77,0.873,0,0.0,4.0
2026-06-04 18:10:00,13.43,412.97,22.08,0.926,0,0.0,4.0
2026-06-04 18:15:00,25.46,413.48,41.82,0.871,0,0.0,4.0
2026-06-04 18:20:00,17.04,411.39,28.14,0.853,0,0.0,4.0
2026-06-04 18:25:00,17.36,415.1,28.4,0.821,0,0.0,4.0
2026-06-04 18:30:00,20.45,413.07,33.63,0.936,0,0.0,4.0
2026-06-04 18:35:00,16.6,416.97,27.04,0.919,0,0.0,4.0
2026-06-04 18:40:00,14.24,416.6,23.21,0.894,0,0.0,5.29
2026-06-04 18:45:00,14.69,419.22,23.8,0.92,0,0.0,4.0
2026-06-04 18:50:00,15.47,415.92,25.27,0.917,0,0.0,4.0
2026-06-04 18:55:00,15.82,416.3,25.81,0.932,0,0.0,4.0
2026-06-04 19:00:00,19.83,418.5,32.19,0.866,0,0.0,4.0
2026-06-04 19:05:00,16.66,413.43,27.37,0.887,0,0.0,4.0
2026-06-04 19:10:00,20.28,411.28,33.5,0.832,0,0.0,4.0
2026-06-04 19:15:00,16.45,415.5,26.9,0.936,0,0.0,4.0
2026-06-04 19:20:00,17.5,411.44,28.9,0.938,0,0.0,4.0
2026-06-04 19:25:00,10.0,421.13,16.13,0.915,0,0.0,4.0
2026-06-04 19:30:00,22.25,418.64,36.09,0.874,0,0.0,4.0
2026-06-04 19:35:00,19.7,420.41,31.82,0.88,0,0.0,4.0
2026-06-04 19:40:00,23.27,415.16,38.07,0.872,0,0.0,4.0
2026-06-04 19:45:00,10.0,416.38,16.31,0.855,0,0.0,4.0
2026-06-04 19:50:00,29.4,413.85,48.25,0.883,0,0.0,4.0
2026-06-04 19:55:00,18.62,417.21,30.31,0.826,0,0.0,4.0
2026-06-04 20:00:00,25.23,411.96,41.6,0.939,0,0.0,4.0
2026-06-04 20:05:00,14.88,408.64,24.73,0.871,0,0.0,4.0
2026-06-04 20:10:00,23.55,413.02,38.72,0.931,0,0.0,4.0
2026-06-04 20:15:00,15.63,411.36,25.81,0.907,0,0.0,4.0
2026-06-04 20:20:00,18.21,418.69,29.54,0.855,0,0.0,4.0
2026-06-04 20:25:00,31.34,419.54,50.75,0.847,1,5.81,6.09
2026-06-04 20:30:00,21.28,411.49,35.13,0.939,0,0.0,4.0
2026-06-04 20:35:00,23.79,418.23,38.64,0.913,0,0.0,4.0
2026-06-04 20:40:00,27.54,417.38,44.82,0.85,0,0.0,4.0
2026-06-04 20:45:00,26.16,411.08,43.23,0.828,0,0.0,4.0
2026-06-04 20:50:00,24.95,414.02,40.93,0.904,0,0.0,5.25
2026-06-04 20:55:00,26.54,413.55,43.6,0.856,0,0.0,4.0
2026-06-04 21:00:00,37.27,416.87,60.73,0.847,1,20.21,6.83
2026-06-04 21:05:00,25.51,411.93,42.06,0.908,0,0.0,4.0
2026-06-04 21:10:00,27.36,414.75,44.81,0.902,0,0.0,4.0
2026-06-04 21:15:00,32.18,413.29,52.88,0.878,1,12.72,9.61
2026-06-04 21:20:00,33.03,416.18,53.91,0.933,1,21.2,6.5
2026-06-04 21:25:00,34.03,414.46,55.77,0.902,1,14.05,9.57
2026-06-04 21:30:00,31.89,413.66,52.36,0.927,1,7.32,6.86
2026-06-04 21:35:00,23.59,414.47,38.66,0.843,0,0.0,4.0
2026-06-04 21:40:00,38.09,420.09,61.59,0.856,1,11.67,5.14
2026-06-04 21:45:00,24.82,413.96,40.73,0.833,0,0.0,4.0
2026-06-04 21:50:00,32.71,412.4,53.87,0.857,1,19.9,11.21
2026-06-04 21:55:00,28.07,416.46,45.79,0.937,0,0.0,4.0
2026-06-04 22:00:00,32.18,414.64,52.72,0.936,1,22.55,8.78
2026-06-04 22:05:00,34.81,411.46,57.46,0.911,1,17.35,9.33
2026-06-04 22:10:00,35.45,420.58,57.25,0.883,1,12.87,12.64
2026-06-04 22:15:00,36.63,414.12,60.08,0.914,1,17.2,9.27
2026-06-04 22:20:00,43.28,414.06,71.0,0.886,1,10.9,6.81
2026-06-04 22:25:00,38.17,415.4,62.42,0.82,1,7.83,10.06
2026-06-04 22:30:00,35.39,419.33,57.32,0.88,1,24.28,7.41
2026-06-04 22:35:00,42.14,410.8,69.67,0.892,1,16.26,9.53
2026-06-04 22:40:00,43.98,415.69,71.86,0.852,1,5.15,8.45
2026-06-04 22:45:00,32.61,420.22,52.71,0.844,1,11.21,4.79
2026-06-04 22:50:00,42.46,415.32,69.45,0.853,1,8.19,8.77
2026-06-04 22:55:00,43.71,411.91,72.08,0.895,1,10.16,10.61
2026-06-04 23:00:00,39.45,413.45,64.82,0.838,1,6.11,9.11
2026-06-04 23:05:00,48.56,415.52,79.38,0.906,1,9.9,10.34
2026-06-04 23:10:00,41.67,418.33,67.67,0.871,1,18.66,7.97
2026-06-04 23:15:00,43.8,414.15,71.84,0.862,1,21.41,5.12
2026-06-04 23:20:00,43.06,417.07,70.12,0.917,1,11.95,8.24
2026-06-04 23:25:00,44.75,411.41,73.89,0.881,1,15.45,10.11
2026-06-04 23:30:00,39.95,411.39,65.96,0.865,1,5.84,4.0
2026-06-04 23:35:00,38.99,413.79,64.0,0.925,1,6.82,7.2
2026-06-04 23:40:00,54.92,418.6,89.12,0.864,1,16.04,10.47
2026-06-04 23:45:00,43.48,415.17,71.13,0.923,1,21.81,6.8
2026-06-04 23:50:00,43.52,415.72,71.1,0.881,1,6.76,9.93
2026-06-04 23:55:00,38.47,415.7,62.86,0.845,1,13.37,9.77
2026-06-05 00:00:00,46.81,417.77,76.1,0.894,1,24.41,13.84
2026-06-05 00:05:00,44.15,413.47,72.53,0.854,1,19.78,8.87
2026-06-05 00:10:00,59.74,416.72,97.37,0.838,1,8.95,14.18
2026-06-05 00:15:00,57.34,412.92,94.32,0.83,1,10.7,8.96
2026-06-05 00:20:00,49.61,419.96,80.24,0.849,1,23.96,9.27
2026-06-05 00:25:00,65.07,413.0,107.02,0.908,1,9.42,13.75
2026-06-05 00:30:00,59.48,412.79,97.87,0.921,1,13.82,9.88
2026-06-05 00:35:00,53.7,416.37,87.6,0.923,1,12.11,9.9
2026-06-05 00:40:00,43.58,415.2,71.3,0.852,1,14.8,10.52
2026-06-05 00:45:00,68.28,415.82,111.54,0.899,1,9.73,12.76
2026-06-05 00:50:00,50.63,415.57,82.75,0.848,1,18.37,7.91
2026-06-05 00:55:00,50.09,412.27,82.53,0.895,1,9.69,8.14
2026-06-05 01:00:00,64.17,419.03,104.02,0.926,1,17.04,11.77
2026-06-05 01:05:00,71.99,417.23,117.2,0.825,1,12.16,14.92
2026-06-05 01:10:00,67.45,418.4,109.5,0.938,1,10.03,11.89
2026-06-05 01:15:00,64.07,413.68,105.2,0.919,1,18.9,6.82
2026-06-05 01:20:00,64.94,416.04,106.03,0.911,1,24.3,14.72
2026-06-05 01:25:00,66.95,415.49,109.45,0.903,1,22.39,14.66
2026-06-05 01:30:00,67.19,417.82,109.23,0.912,1,6.74,9.97
2026-06-05 01:35:00,65.5,417.9,106.47,0.939,1,14.09,9.88
2026-06-05 01:40:00,65.31,415.48,106.78,0.912,1,18.9,15.82
2026-06-05 01:45:00,65.17,411.21,107.65,0.862,1,16.25,11.99
2026-06-05 01:50:00,62.39,419.45,101.04,0.894,1,19.53,13.95
2026-06-05 01:55:00,65.43,416.39,106.74,0.86,1,24.5,11.4
2026-06-05 02:00:00,59.04,413.48,96.98,0.936,1,11.85,12.73
2026-06-05 02:05:00,67.67,416.02,110.48,0.928,1,20.42,11.07
2026-06-05 02:10:00,63.86,411.22,105.49,0.888,1,6.88,12.81
2026-06-05 02:15:00,63.93,417.64,103.97,0.914,1,22.39,13.45
2026-06-05 02:20:00,70.97,411.32,117.21,0.929,1,20.57,9.03
2026-06-05 02:25:00,77.66,414.45,127.27,0.849,1,15.42,15.04
2026-06-05 02:30:00,75.9,415.61,124.04,0.89,1,21.42,13.07
2026-06-05 02:35:00,64.05,417.6,104.19,0.878,1,18.33,14.97
2026-06-05 02:40:00,67.55,415.27,110.49,0.913,1,16.04,13.5
2026-06-05 02:45:00,77.78,416.59,126.82,0.865,1,23.92,14.63
2026-06-05 02:50:00,68.73,414.93,112.52,0.905,1,7.61,16.26
2026-06-05 02:55:00,73.08,414.92,119.64,0.868,1,24.86,10.0
2026-06-05 03:00:00,77.5,415.21,126.78,0.833,1,8.09,18.81
2026-06-05 03:05:00,70.44,414.53,115.43,0.833,1,14.6,17.74
2026-06-05 03:10:00,76.33,410.78,126.22,0.834,1,9.63,13.32
2026-06-05 03:15:00,69.64,413.08,114.52,0.824,1,10.44,15.11
2026-06-05 03:20:00,73.8,415.61,120.62,0.884,1,17.64,15.29
2026-06-05 03:25:00,78.89,414.38,129.33,0.901,1,5.69,8.74
2026-06-05 03:30:00,69.8,414.61,114.36,0.835,1,23.81,13.5
2026-06-05 03:35:00,80.43,414.19,131.9,0.893,1,10.59,12.08
2026-06-05 03:40:00,78.57,412.84,129.28,0.892,1,10.45,11.53
2026-06-05 03:45:00,81.86,413.77,134.39,0.838,1,22.27,15.19
2026-06-05 03:50:00,80.64,414.23,132.23,0.868,1,20.3,14.95
2026-06-05 03:55:00,86.74,415.01,141.97,0.911,1,18.43,19.34
2026-06-05 04:00:00,80.94,415.98,132.16,0.822,1,7.93,13.23
2026-06-05 04:05:00,78.54,414.55,128.69,0.838,1,20.39,14.24
2026-06-05 04:10:00,81.66,412.43,134.49,0.939,1,12.22,18.47
2026-06-05 04:15:00,84.11,411.5,138.83,0.908,1,24.88,15.96
2026-06-05 04:20:00,81.97,421.49,132.09,0.876,1,18.42,14.49
2026-06-05 04:25:00,82.24,412.18,135.53,0.896,1,21.72,17.87
2026-06-05 04:30:00,78.83,413.7,129.42,0.922,1,19.68,16.4
2026-06-05 04:35:00,79.31,416.29,129.4,0.921,1,16.88,15.35
2026-06-05 04:40:00,75.88,415.9,123.92,0.859,1,19.33,16.76
2026-06-05 04:45:00,91.89,416.3,149.93,0.879,1,16.95,14.51
2026-06-05 04:50:00,77.16,413.89,126.63,0.897,1,6.02,12.85
2026-06-05 04:55:00,80.14,415.6,130.98,0.829,1,11.91,19.64
2026-06-05 05:00:00,80.22,415.15,131.24,0.933,1,11.33,8.0
2026-06-05 05:05:00,88.47,414.22,145.08,0.872,1,19.28,15.33
2026-06-05 05:10:00,82.7,415.61,135.15,0.865,1,16.52,12.98
2026-06-05 05:15:00,90.57,417.64,147.3,0.929,1,17.21,17.33
2026-06-05 05:20:00,81.1,414.94,132.76,0.834,1,21.94,17.09
2026-06-05 05:25:00,85.99,414.96,140.75,0.825,1,15.51,18.81
2026-06-05 05:30:00,80.52,417.67,130.96,0.902,1,9.37,14.01
2026-06-05 05:35:00,95.52,417.4,155.44,0.866,1,5.25,15.32
2026-06-05 05:40:00,78.93,418.96,127.97,0.912,1,8.19,11.26
2026-06-05 05:45:00,86.47,410.61,143.05,0.828,1,5.61,15.96
2026-06-05 05:50:00,88.14,417.26,143.47,0.866,1,9.74,21.27
2026-06-05 05:55:00,87.06,416.5,141.98,0.848,1,17.7,15.2
2026-06-05 06:00:00,84.07,412.79,138.35,0.909,1,8.03,15.37
2026-06-05 06:05:00,84.34,415.63,137.84,0.847,1,6.64,15.83
2026-06-05 06:10:00,85.19,417.63,138.55,0.875,1,24.42,15.58
2026-06-05 06:15:00,84.19,412.93,138.49,0.918,1,24.94,19.69
2026-06-05 06:20:00,89.69,416.11,146.4,0.93,1,17.74,19.82
2026-06-05 06:25:00,95.84,417.18,156.06,0.907,1,7.17,19.5
2026-06-05 06:30:00,81.91,412.32,134.94,0.872,1,21.43,18.03
2026-06-05 06:35:00,77.74,414.64,127.36,0.889,1,15.78,13.2
2026-06-05 06:40:00,84.03,415.75,137.28,0.903,1,8.64,12.91
2026-06-05 06:45:00,97.23,413.01,159.9,0.925,1,16.51,16.76
2026-06-05 06:50:00,80.15,412.8,131.89,0.927,1,5.79,15.36
2026-06-05 06:55:00,92.19,414.66,151.02,0.932,1,24.45,17.07
2026-06-05 07:00:00,92.2,417.0,150.18,0.917,1,21.52,18.99
2026-06-05 07:05:00,80.83,416.61,131.79,0.838,1,10.22,15.31
2026-06-05 07:10:00,86.23,412.85,141.87,0.91,1,13.38,13.1
2026-06-05 07:15:00,91.28,416.63,148.83,0.918,1,12.91,19.94
2026-06-05 07:20:00,80.99,412.91,133.24,0.925,1,22.23,14.51
2026-06-05 07:25:00,81.6,410.97,134.87,0.931,1,12.09,17.11
2026-06-05 07:30:00,79.43,414.08,130.29,0.881,1,5.96,12.64
2026-06-05 07:35:00,76.96,417.81,125.12,0.899,1,9.29,12.28
2026-06-05 07:40:00,78.47,416.64,127.94,0.821,1,9.31,12.44
2026-06-05 07:45:00,75.27,415.0,123.2,0.889,1,23.98,11.44
2026-06-05 07:50:00,81.22,413.96,133.27,0.877,1,23.48,12.54
2026-06-05 07:55:00,76.84,414.03,126.06,0.935,1,11.01,15.26
2026-06-05 08:00:00,81.48,415.27,133.28,0.928,1,5.06,12.78
2026-06-05 08:05:00,72.14,412.33,118.84,0.916,1,15.34,14.55
2026-06-05 08:10:00,81.17,414.13,133.14,0.827,1,20.94,15.89
2026-06-05 08:15:00,83.27,414.46,136.47,0.868,1,10.37,17.54
2026-06-05 08:20:00,68.7,411.62,113.37,0.904,1,13.78,10.7
2026-06-05 08:25:00,80.1,412.9,131.76,0.824,1,8.46,17.29
2026-06-05 08:30:00,83.91,416.03,136.99,0.848,1,11.55,13.59
2026-06-05 08:35:00,71.25,415.02,116.61,0.927,1,20.18,7.5
2026-06-05 08:40:00,85.17,414.23,139.67,0.836,1,13.57,16.45
2026-06-05 08:45:00,78.41,412.72,129.05,0.826,1,13.95,12.79
2026-06-05 08:50:00,72.28,418.94,117.19,0.89,1,20.79,17.51
2026-06-05 08:55:00,75.0,412.91,123.39,0.934,1,20.26,15.21
2026-06-05 09:00:00,77.54,415.63,126.72,0.92,1,8.74,14.2
2026-06-05 09:05:00,74.58,413.78,122.43,0.937,1,13.31,14.56
2026-06-05 09:10:00,76.34,415.09,124.92,0.91,1,21.98,13.69
2026-06-05 09:15:00,68.47,416.14,111.77,0.872,1,14.13,16.92
2026-06-05 09:20:00,73.34,411.57,121.05,0.934,1,18.24,12.85
2026-06-05 09:25:00,64.84,414.98,106.13,0.871,1,11.12,13.3
2026-06-05 09:30:00,70.75,417.98,114.98,0.862,1,6.19,11.15
2026-06-05 09:35:00,66.18,419.4,107.18,0.874,1,8.3,12.33
2026-06-05 09:40:00,66.4,414.67,108.76,0.918,1,13.03,9.75
2026-06-05 09:45:00,75.63,415.1,123.75,0.93,1,12.07,14.74
2026-06-05 09:50:00,74.26,420.53,119.95,0.863,1,22.91,14.66
2026-06-05 09:55:00,71.2,417.84,115.75,0.875,1,15.91,14.88
2026-06-05 10:00:00,62.04,413.46,101.92,0.928,1,17.54,13.13
2026-06-05 10:05:00,65.25,413.45,107.2,0.826,1,18.77,12.75
2026-06-05 10:10:00,72.23,417.39,117.54,0.914,1,15.63,18.49
2026-06-05 10:15:00,66.19,412.47,109.0,0.875,1,20.39,12.89
2026-06-05 10:20:00,76.39,417.72,124.22,0.865,1,20.66,14.87
2026-06-05 10:25:00,66.06,415.84,107.91,0.874,1,12.03,12.3
2026-06-05 10:30:00,64.35,416.29,105.0,0.87,1,6.7,12.39
2026-06-05 10:35:00,61.14,414.36,100.23,0.911,1,24.73,11.58
2026-06-05 10:40:00,62.64,413.43,102.91,0.931,1,17.85,11.32
2026-06-05 10:45:00,60.49,418.65,98.14,0.879,1,19.18,13.58
2026-06-05 10:50:00,64.07,414.38,105.02,0.92,1,20.13,12.43
2026-06-05 10:55:00,64.58,413.97,105.96,0.908,1,17.26,14.92
2026-06-05 11:00:00,55.13,414.8,90.28,0.86,1,14.42,6.27
2026-06-05 11:05:00,51.66,415.48,84.46,0.89,1,24.69,14.05
2026-06-05 11:10:00,48.39,412.42,79.7,0.9,1,19.55,11.76
2026-06-05 11:15:00,59.37,413.59,97.5,0.823,1,21.92,11.66
2026-06-05 11:20:00,50.56,413.45,83.07,0.868,1,13.79,9.61
2026-06-05 11:25:00,44.56,417.11,72.56,0.939,1,23.1,10.66
2026-06-05 11:30:00,56.51,412.79,92.99,0.896,1,19.64,8.78
2026-06-05 11:35:00,66.28,410.61,109.64,0.86,1,19.92,13.01
2026-06-05 11:40:00,53.02,410.08,87.82,0.85,1,6.74,10.24
2026-06-05 11:45:00,56.48,411.32,93.27,0.845,1,17.35,6.31
2026-06-05 11:50:00,51.94,418.4,84.31,0.868,1,11.7,10.74
2026-06-05 11:55:00,50.27,415.04,82.27,0.843,1,18.38,6.84
2026-06-05 12:00:00,54.6,416.25,89.09,0.836,1,16.36,13.15
2026-06-05 12:05:00,47.79,416.34,77.96,0.864,1,7.22,12.05
2026-06-05 12:10:00,49.81,415.14,81.5,0.893,1,15.6,13.24
2026-06-05 12:15:00,49.32,414.81,80.76,0.838,1,14.03,8.83
2026-06-05 12:20:00,43.61,417.61,70.93,0.825,1,20.53,8.1
2026-06-05 12:25:00,51.15,415.36,83.65,0.824,1,15.05,5.39
2026-06-05 12:30:00,44.56,418.5,72.32,0.852,1,14.62,10.32
2026-06-05 12:35:00,40.9,416.55,66.69,0.843,1,19.39,4.85
2026-06-05 12:40:00,46.6,413.46,76.57,0.885,1,18.37,5.96
2026-06-05 12:45:00,38.68,413.76,63.5,0.875,1,24.84,7.5
2026-06-05 12:50:00,42.57,413.18,69.98,0.859,1,12.04,5.71
2026-06-05 12:55:00,41.64,418.04,67.65,0.92,1,18.77,6.21
2026-06-05 13:00:00,46.37,413.99,76.08,0.881,1,8.35,8.87
2026-06-05 13:05:00,42.58,413.0,70.03,0.831,1,21.09,10.76
2026-06-05 13:10:00,39.35,415.8,64.28,0.855,1,20.72,9.37
2026-06-05 13:15:00,42.84,414.76,70.16,0.937,1,19.52,9.12
2026-06-05 13:20:00,44.98,415.74,73.49,0.937,1,7.38,11.11
2026-06-05 13:25:00,40.1,419.72,64.9,0.851,1,24.75,8.75
2026-06-05 13:30:00,36.66,417.28,59.67,0.84,1,23.85,6.57
2026-06-05 13:35:00,29.34,415.07,48.02,0.879,0,0.0,4.0
2026-06-05 13:40:00,29.88,411.48,49.33,0.878,0,0.0,4.0
2026-06-05 13:45:00,32.99,413.75,54.17,0.869,1,22.78,4.53
2026-06-05 13:50:00,30.79,416.78,50.18,0.884,1,14.89,7.09
2026-06-05 13:55:00,32.23,412.07,53.13,0.848,1,16.98,5.66
2026-06-05 14:00:00,32.78,420.35,52.98,0.834,1,17.06,4.82
2026-06-05 14:05:00,34.49,415.04,56.45,0.888,1,17.99,5.13
2026-06-05 14:10:00,30.84,415.12,50.47,0.932,1,16.51,8.61
2026-06-05 14:15:00,32.99,413.33,54.21,0.837,1,13.12,4.61
2026-06-05 14:20:00,30.25,416.24,49.36,0.905,1,15.79,5.59
2026-06-05 14:25:00,19.43,412.1,32.02,0.873,0,0.0,4.0
2026-06-05 14:30:00,24.0,420.41,38.77,0.855,0,0.0,4.0
2026-06-05 14:35:00,27.37,418.29,44.45,0.922,0,0.0,4.0
2026-06-05 14:40:00,21.45,417.46,34.91,0.875,0,0.0,4.0
2026-06-05 14:45:00,29.92,411.52,49.39,0.89,0,0.0,4.0
2026-06-05 14:50:00,34.01,415.51,55.59,0.873,1,12.76,7.55
2026-06-05 14:55:00,31.89,418.02,51.82,0.83,1,18.28,4.55
2026-06-05 15:00:00,24.18,416.48,39.44,0.891,0,0.0,4.0
2026-06-05 15:05:00,32.17,412.49,52.98,0.87,1,11.0,4.0
2026-06-05 15:10:00,24.94,413.37,40.98,0.83,0,0.0,4.0
2026-06-05 15:15:00,22.0,413.87,36.11,0.891,0,0.0,4.0
2026-06-05 15:20:00,20.12,413.49,33.05,0.821,0,0.0,4.0
2026-06-05 15:25:00,21.19,418.82,34.37,0.845,0,0.0,4.0
2026-06-05 15:30:00,20.29,410.2,33.6,0.914,0,0.0,4.0
2026-06-05 15:35:00,22.63,416.64,36.89,0.825,0,0.0,4.0
2026-06-05 15:40:00,22.13,411.77,36.51,0.898,0,0.0,4.0
2026-06-05 15:45:00,20.91,412.6,34.43,0.934,0,0.0,4.0
2026-06-05 15:50:00,22.67,409.98,37.55,0.841,0,0.0,4.0
2026-06-05 15:55:00,26.03,413.63,42.75,0.87,0,0.0,4.0
2026-06-05 16:00:00,24.44,418.78,39.64,0.889,0,0.0,4.0
2026-06-05 16:05:00,11.89,415.66,19.43,0.874,0,0.0,4.0
2026-06-05 16:10:00,10.0,412.0,16.49,0.894,0,0.0,4.0
2026-06-05 16:15:00,23.28,417.54,37.87,0.868,0,0.0,4.0
2026-06-05 16:20:00,11.44,418.08,18.59,0.838,0,0.0,4.0
2026-06-05 16:25:00,16.84,415.26,27.55,0.831,0,0.0,4.0
2026-06-05 16:30:00,11.81,420.09,19.1,0.909,0,0.0,4.0
2026-06-05 16:35:00,10.0,417.05,16.29,0.849,0,0.0,4.0
2026-06-05 16:40:00,19.82,416.71,32.3,0.922,0,0.0,4.0
2026-06-05 16:45:00,20.65,412.99,33.97,0.909,0,0.0,4.0
2026-06-05 16:50:00,13.74,416.57,22.4,0.826,0,0.0,4.0
2026-06-05 16:55:00,10.0,415.54,16.35,0.844,0,0.0,4.0
2026-06-05 17:00:00,13.46,416.3,21.96,0.855,0,0.0,4.0
2026-06-05 17:05:00,17.96,413.29,29.52,0.891,0,0.0,4.0
2026-06-05 17:10:00,10.0,415.32,16.35,0.917,0,0.0,4.0
2026-06-05 17:15:00,16.59,412.96,27.29,0.827,0,0.0,4.0
2026-06-05 17:20:00,15.46,409.63,25.63,0.85,0,0.0,4.47
2026-06-05 17:25:00,18.3,417.5,29.78,0.865,0,0.0,4.0
2026-06-05 17:30:00,15.9,411.24,26.26,0.842,0,0.0,4.0
2026-06-05 17:35:00,10.34,415.27,16.92,0.885,0,0.0,4.0
2026-06-05 17:40:00,21.12,415.83,34.49,0.877,0,0.0,4.0
2026-06-05 17:45:00,14.28,415.82,23.33,0.858,0,0.0,4.0
2026-06-05 17:50:00,14.9,414.29,24.42,0.882,0,0.0,4.0
2026-06-05 17:55:00,10.34,415.68,16.9,0.863,0,0.0,4.0
2026-06-05 18:00:00,12.78,416.18,20.86,0.861,0,0.0,4.0
2026-06-05 18:05:00,10.58,416.84,17.25,0.852,0,0.0,4.0
2026-06-05 18:10:00,14.17,419.33,22.95,0.885,0,0.0,4.0
2026-06-05 18:15:00,23.63,415.59,38.63,0.873,0,0.0,4.0
2026-06-05 18:20:00,10.0,415.16,16.36,0.844,0,0.0,4.0
2026-06-05 18:25:00,10.0,412.73,16.46,0.822,0,0.0,4.0
2026-06-05 18:30:00,22.66,416.09,36.98,0.838,0,0.0,4.0
2026-06-05 18:35:00,14.36,416.67,23.41,0.825,0,0.0,4.0
2026-06-05 18:40:00,12.19,414.52,19.97,0.872,0,0.0,4.0
2026-06-05 18:45:00,20.87,416.36,34.05,0.847,0,0.0,4.0
2026-06-05 18:50:00,12.8,414.27,20.99,0.87,0,0.0,4.0
2026-06-05 18:55:00,25.13,416.68,40.97,0.86,0,0.0,4.0
2026-06-05 19:00:00,19.58,417.28,31.88,0.885,0,0.0,5.3
2026-06-05 19:05:00,13.96,417.25,22.72,0.907,0,0.0,4.0
2026-06-05 19:10:00,27.41,415.29,44.83,0.878,0,0.0,4.0
2026-06-05 19:15:00,13.83,412.4,22.78,0.827,0,0.0,4.0
2026-06-05 19:20:00,20.82,413.47,34.21,0.822,0,0.0,4.0
2026-06-05 19:25:00,18.88,416.49,30.79,0.846,0,0.0,4.0
2026-06-05 19:30:00,24.17,421.12,38.99,0.871,0,0.0,4.0
2026-06-05 19:35:00,25.77,414.15,42.27,0.825,0,0.0,4.0
2026-06-05 19:40:00,18.44,416.14,30.1,0.859,0,0.0,4.0
2026-06-05 19:45:00,14.84,413.61,24.38,0.926,0,0.0,4.0
2026-06-05 19:50:00,21.25,412.57,34.99,0.831,0,0.0,4.0
2026-06-05 19:55:00,15.93,413.31,26.17,0.934,0,0.0,4.0
2026-06-05 20:00:00,29.76,409.79,49.32,0.923,0,0.0,4.0
2026-06-05 20:05:00,20.76,418.38,33.71,0.92,0,0.0,4.0
2026-06-05 20:10:00,18.65,409.42,30.95,0.924,0,0.0,4.0
2026-06-05 20:15:00,21.82,414.34,35.77,0.83,0,0.0,4.31
2026-06-05 20:20:00,14.59,412.05,24.06,0.838,0,0.0,4.0
2026-06-05 20:25:00,16.92,412.79,27.84,0.836,0,0.0,4.0
2026-06-05 20:30:00,28.23,418.44,45.83,0.833,0,0.0,4.0
2026-06-05 20:35:00,19.42,415.5,31.75,0.859,0,0.0,4.0
2026-06-05 20:40:00,17.95,412.59,29.56,0.92,0,0.0,4.0
2026-06-05 20:45:00,26.37,413.53,43.31,0.85,0,0.0,4.0
2026-06-05 20:50:00,30.12,413.09,49.53,0.849,1,21.83,7.85
2026-06-05 20:55:00,28.31,414.89,46.35,0.901,0,0.0,4.04
2026-06-05 21:00:00,30.23,415.43,49.43,0.832,1,7.58,10.06
2026-06-05 21:05:00,22.01,419.74,35.62,0.863,0,0.0,4.0
2026-06-05 21:10:00,19.25,410.21,31.87,0.855,0,0.0,4.0
2026-06-05 21:15:00,34.43,414.91,56.36,0.922,1,21.07,4.0
2026-06-05 21:20:00,25.89,414.21,42.45,0.882,0,0.0,4.0
2026-06-05 21:25:00,26.84,417.37,43.68,0.898,0,0.0,4.0
2026-06-05 21:30:00,35.33,415.89,57.71,0.835,1,15.69,5.74
2026-06-05 21:35:00,32.09,416.48,52.33,0.931,1,18.68,4.55
2026-06-05 21:40:00,32.2,415.86,52.6,0.859,1,20.55,4.65
2026-06-05 21:45:00,41.38,412.67,68.11,0.905,1,8.41,11.93
2026-06-05 21:50:00,27.98,418.03,45.46,0.935,0,0.0,4.0
2026-06-05 21:55:00,36.48,417.0,59.43,0.881,1,11.83,4.0
2026-06-05 22:00:00,32.79,417.29,53.37,0.881,1,12.68,4.0
2026-06-05 22:05:00,34.51,418.16,56.06,0.834,1,6.55,6.82
2026-06-05 22:10:00,41.48,416.04,67.72,0.867,1,16.77,5.96
2026-06-05 22:15:00,37.06,418.7,60.12,0.922,1,6.87,6.43
2026-06-05 22:20:00,37.9,415.94,61.89,0.836,1,23.26,11.57
2026-06-05 22:25:00,41.27,414.45,67.63,0.93,1,17.42,10.77
2026-06-05 22:30:00,34.78,414.98,56.93,0.9,1,24.81,4.0
2026-06-05 22:35:00,33.12,414.94,54.22,0.871,1,9.91,4.12
2026-06-05 22:40:00,32.81,413.7,53.86,0.886,1,18.59,7.4
2026-06-05 22:45:00,28.92,419.08,46.87,0.838,0,0.0,4.0
2026-06-05 22:50:00,49.76,415.74,81.29,0.846,1,10.97,7.61
2026-06-05 22:55:00,34.69,415.24,56.75,0.854,1,6.93,7.44
2026-06-05 23:00:00,39.84,415.97,65.05,0.866,1,17.68,7.0
2026-06-05 23:05:00,40.3,422.45,64.79,0.93,1,12.32,11.92
2026-06-05 23:10:00,43.96,412.17,72.45,0.864,1,10.46,9.87
2026-06-05 23:15:00,47.25,412.89,77.73,0.883,1,24.87,9.3
2026-06-05 23:20:00,48.22,411.55,79.59,0.839,1,20.08,6.23
2026-06-05 23:25:00,41.76,414.42,68.45,0.908,1,14.71,5.8
2026-06-05 23:30:00,44.6,415.61,72.89,0.887,1,6.0,4.0
2026-06-05 23:35:00,47.6,413.84,78.13,0.873,1,8.83,9.64
2026-06-05 23:40:00,45.71,413.65,75.05,0.934,1,10.98,10.31
2026-06-05 23:45:00,55.75,415.36,91.17,0.927,1,14.74,12.43
2026-06-05 23:50:00,50.93,413.74,83.61,0.899,1,14.94,8.5
2026-06-05 23:55:00,52.91,415.78,86.44,0.931,1,5.49,12.76
2026-06-06 00:00:00,53.31,417.79,86.68,0.888,1,23.87,14.45
2026-06-06 00:05:00,56.63,416.69,92.31,0.919,1,15.86,9.45
2026-06-06 00:10:00,52.43,417.2,85.37,0.869,1,5.39,12.44
2026-06-06 00:15:00,45.8,417.71,74.48,0.83,1,19.03,9.52
2026-06-06 00:20:00,55.05,415.71,89.95,0.939,1,6.43,9.01
2026-06-06 00:25:00,50.55,414.6,82.82,0.84,1,19.42,12.91
2026-06-06 00:30:00,51.93,413.07,85.39,0.85,1,19.03,7.51
2026-06-06 00:35:00,58.26,414.02,95.58,0.84,1,24.7,8.29
2026-06-06 00:40:00,62.27,413.69,102.24,0.86,1,11.84,10.89
2026-06-06 00:45:00,56.93,416.83,92.78,0.855,1,7.89,10.11
2026-06-06 00:50:00,59.12,415.87,96.56,0.892,1,6.84,7.19
2026-06-06 00:55:00,66.83,416.74,108.93,0.94,1,6.43,13.48
2026-06-06 01:00:00,60.26,412.1,99.33,0.826,1,21.21,10.1
2026-06-06 01:05:00,72.8,418.58,118.14,0.913,1,19.37,11.05
2026-06-06 01:10:00,63.35,413.93,103.96,0.835,1,24.52,14.13
2026-06-06 01:15:00,52.45,412.25,86.42,0.822,1,11.18,9.01
2026-06-06 01:20:00,65.74,413.9,107.88,0.897,1,21.06,15.33
2026-06-06 01:25:00,64.59,421.21,104.16,0.925,1,6.86,13.03
2026-06-06 01:30:00,69.84,414.03,114.58,0.841,1,23.08,13.27
2026-06-06 01:35:00,67.46,414.19,110.64,0.861,1,6.04,14.98
2026-06-06 01:40:00,64.1,414.52,105.04,0.84,1,20.76,13.55
2026-06-06 01:45:00,59.36,414.63,97.24,0.929,1,11.15,11.2
2026-06-06 01:50:00,65.12,413.05,107.08,0.852,1,8.62,13.33
2026-06-06 01:55:00,62.58,415.36,102.34,0.873,1,19.09,13.48
2026-06-06 02:00:00,64.6,417.69,105.05,0.927,1,22.92,10.25
2026-06-06 02:05:00,71.1,415.79,116.15,0.886,1,20.28,19.26
2026-06-06 02:10:00,77.16,412.22,127.14,0.932,1,11.26,14.61
2026-06-06 02:15:00,71.42,414.14,117.14,0.931,1,12.07,13.66
2026-06-06 02:20:00,64.1,413.62,105.26,0.875,1,8.79,7.92
2026-06-06 02:25:00,72.92,415.13,119.31,0.89,1,21.48,14.5
2026-06-06 02:30:00,77.29,418.33,125.5,0.848,1,7.14,14.67
2026-06-06 02:35:00,68.86,414.63,112.81,0.939,1,23.06,10.89
2026-06-06 02:40:00,71.83,414.78,117.63,0.853,1,17.02,11.38
2026-06-06 02:45:00,73.15,419.44,118.46,0.914,1,16.78,11.93
2026-06-06 02:50:00,69.72,417.19,113.52,0.858,1,21.76,12.96
2026-06-06 02:55:00,77.44,416.44,126.32,0.858,1,18.35,15.35
2026-06-06 03:00:00,74.14,419.9,119.94,0.832,1,11.08,13.39
2026-06-06 03:05:00,77.38,416.22,126.28,0.887,1,11.99,15.23
2026-06-06 03:10:00,71.37,410.03,118.23,0.849,1,8.46,14.83
2026-06-06 03:15:00,74.13,417.08,120.72,0.838,1,14.28,15.31
2026-06-06 03:20:00,80.42,411.02,132.91,0.847,1,7.2,15.68
2026-06-06 03:25:00,75.43,416.13,123.13,0.85,1,18.06,15.14
2026-06-06 03:30:00,86.4,410.72,142.89,0.88,1,8.38,16.64
2026-06-06 03:35:00,76.23,413.83,125.12,0.866,1,22.28,14.5
2026-06-06 03:40:00,79.79,414.09,130.89,0.829,1,19.01,13.79
2026-06-06 03:45:00,83.76,413.07,137.74,0.884,1,22.83,16.0
2026-06-06 03:50:00,72.43,414.13,118.8,0.915,1,6.74,14.88
2026-06-06 03:55:00,71.12,417.58,115.68,0.889,1,20.97,15.35
2026-06-06 04:00:00,72.68,413.22,119.48,0.937,1,22.62,15.39
2026-06-06 04:05:00,87.0,416.36,141.93,0.832,1,5.89,14.86
2026-06-06 04:10:00,78.29,412.59,128.89,0.919,1,24.98,14.84
2026-06-06 04:15:00,94.18,414.53,154.33,0.881,1,11.01,17.01
2026-06-06 04:20:00,78.9,415.81,128.89,0.883,1,9.23,13.26
2026-06-06 04:25:00,82.96,412.51,136.6,0.882,1,13.3,17.66
2026-06-06 04:30:00,90.05,411.72,148.56,0.859,1,5.17,12.22
2026-06-06 04:35:00,92.65,416.23,151.2,0.859,1,22.72,22.48
2026-06-06 04:40:00,93.2,417.81,151.52,0.896,1,10.37,22.08
2026-06-06 04:45:00,89.18,414.8,146.04,0.825,1,15.43,16.94
2026-06-06 04:50:00,88.5,413.86,145.25,0.891,1,17.47,17.74
2026-06-06 04:55:00,86.56,415.39,141.55,0.907,1,20.82,18.58
2026-06-06 05:00:00,87.7,415.14,143.49,0.863,1,10.0,14.54
2026-06-06 05:05:00,81.24,415.61,132.78,0.846,1,19.34,16.9
2026-06-06 05:10:00,80.08,408.68,133.1,0.846,1,7.35,17.83
2026-06-06 05:15:00,84.31,412.33,138.89,0.83,1,19.08,11.97
2026-06-06 05:20:00,83.62,412.89,137.56,0.831,1,23.39,12.89
2026-06-06 05:25:00,82.33,415.38,134.63,0.84,1,6.7,16.89
2026-06-06 05:30:00,88.18,415.46,144.17,0.822,1,7.33,15.62
2026-06-06 05:35:00,89.57,416.59,146.04,0.852,1,16.14,16.04
2026-06-06 05:40:00,85.31,415.64,139.41,0.857,1,5.93,14.9
2026-06-06 05:45:00,92.31,411.75,152.29,0.939,1,8.75,14.45
2026-06-06 05:50:00,79.26,418.62,128.61,0.939,1,8.8,13.76
2026-06-06 05:55:00,84.02,418.18,136.48,0.842,1,14.62,12.81
2026-06-06 06:00:00,81.42,411.85,134.28,0.846,1,9.97,18.18
2026-06-06 06:05:00,75.66,415.83,123.59,0.879,1,14.51,14.65
2026-06-06 06:10:00,84.55,413.51,138.89,0.838,1,15.42,16.24
2026-06-06 06:15:00,84.32,415.35,137.89,0.88,1,19.61,17.7
2026-06-06 06:20:00,92.43,417.63,150.34,0.868,1,23.92,24.28
2026-06-06 06:25:00,87.95,420.33,142.12,0.859,1,15.07,14.15
2026-06-06 06:30:00,79.58,416.88,129.67,0.919,1,12.1,10.67
2026-06-06 06:35:00,93.86,415.74,153.36,0.919,1,10.17,17.33
2026-06-06 06:40:00,90.57,414.15,148.55,0.939,1,17.69,12.97
2026-06-06 06:45:00,87.24,415.46,142.63,0.847,1,23.86,16.11
2026-06-06 06:50:00,83.04,418.4,134.81,0.927,1,20.29,17.98
2026-06-06 06:55:00,79.2,414.89,129.67,0.885,1,9.12,18.24
2026-06-06 07:00:00,81.95,412.78,134.85,0.891,1,22.87,12.28
2026-06-06 07:05:00,89.05,410.95,147.18,0.928,1,19.71,14.83
2026-06-06 07:10:00,92.8,416.28,151.43,0.933,1,7.56,17.92
2026-06-06 07:15:00,90.86,415.62,148.49,0.907,1,19.26,19.06
2026-06-06 07:20:00,80.44,413.39,132.18,0.862,1,10.79,16.89
2026-06-06 07:25:00,77.02,417.57,125.29,0.879,1,14.83,18.01
2026-06-06 07:30:00,83.04,413.95,136.26,0.894,1,11.0,17.18
2026-06-06 07:35:00,73.19,414.66,119.9,0.919,1,6.68,13.23
2026-06-06 07:40:00,83.34,414.96,136.42,0.899,1,20.37,18.47
2026-06-06 07:45:00,80.65,414.12,132.29,0.864,1,21.57,15.76
2026-06-06 07:50:00,78.72,415.59,128.66,0.87,1,9.64,15.29
2026-06-06 07:55:00,72.71,417.88,118.19,0.826,1,9.79,12.44
2026-06-06 08:00:00,82.88,412.14,136.59,0.931,1,13.6,15.96
2026-06-06 08:05:00,77.26,416.22,126.08,0.831,1,21.23,11.2
2026-06-06 08:10:00,73.67,415.43,120.45,0.89,1,6.55,15.98
2026-06-06 08:15:00,64.74,415.38,105.87,0.925,1,21.17,10.38
2026-06-06 08:20:00,78.53,417.18,127.87,0.871,1,23.45,13.26
2026-06-06 08:25:00,87.09,415.12,142.5,0.916,1,16.23,11.11
2026-06-06 08:30:00,86.07,416.2,140.48,0.916,1,6.21,13.9
2026-06-06 08:35:00,75.01,416.79,122.25,0.827,1,10.39,11.81
2026-06-06 08:40:00,73.8,413.74,121.16,0.869,1,7.23,14.15
2026-06-06 08:45:00,78.66,415.75,128.51,0.903,1,10.19,11.68
2026-06-06 08:50:00,70.81,414.37,116.08,0.871,1,21.24,12.78
2026-06-06 08:55:00,76.79,414.67,125.79,0.885,1,6.11,12.56
2026-06-06 09:00:00,78.58,414.19,128.87,0.891,1,10.68,10.61
2026-06-06 09:05:00,80.34,416.18,131.12,0.838,1,15.34,15.78
2026-06-06 09:10:00,73.14,415.2,119.66,0.869,1,22.48,13.78
2026-06-06 09:15:00,72.06,415.99,117.66,0.823,1,10.0,13.56
2026-06-06 09:20:00,68.11,414.96,111.49,0.838,1,20.57,15.21
2026-06-06 09:25:00,67.77,410.99,112.01,0.881,1,16.67,13.05
2026-06-06 09:30:00,70.17,415.08,114.84,0.889,1,18.53,12.79
2026-06-06 09:35:00,72.53,415.16,118.67,0.838,1,22.24,16.3
2026-06-06 09:40:00,74.64,415.61,121.99,0.911,1,5.53,12.96
2026-06-06 09:45:00,65.43,413.52,107.48,0.865,1,15.59,11.39
2026-06-06 09:50:00,76.27,412.01,125.74,0.93,1,19.94,16.27
2026-06-06 09:55:00,66.8,416.56,108.93,0.867,1,22.69,11.36
2026-06-06 10:00:00,67.39,414.32,110.49,0.838,1,7.65,15.21
2026-06-06 10:05:00,63.1,415.43,103.17,0.911,1,11.83,12.32
2026-06-06 10:10:00,54.04,414.3,88.6,0.888,1,6.57,13.68
2026-06-06 10:15:00,69.9,414.98,114.41,0.866,1,21.7,13.53
2026-06-06 10:20:00,68.48,413.88,112.38,0.863,1,22.15,15.62
2026-06-06 10:25:00,62.69,412.58,103.21,0.838,1,14.67,8.23
2026-06-06 10:30:00,63.73,416.18,104.01,0.861,1,5.42,14.7
2026-06-06 10:35:00,65.27,413.49,107.21,0.824,1,7.04,13.69
2026-06-06 10:40:00,54.16,415.41,88.56,0.88,1,17.49,9.13
2026-06-06 10:45:00,58.61,416.03,95.69,0.928,1,24.65,13.78
2026-06-06 10:50:00,64.5,413.53,105.94,0.915,1,21.78,9.77
2026-06-06 10:55:00,53.52,411.99,88.24,0.823,1,20.96,9.53
2026-06-06 11:00:00,60.53,421.07,97.64,0.926,1,13.36,9.6
2026-06-06 11:05:00,51.54,413.68,84.62,0.874,1,24.7,12.64
2026-06-06 11:10:00,59.91,416.56,97.69,0.843,1,21.5,14.74
2026-06-06 11:15:00,56.65,419.85,91.65,0.91,1,11.71,9.75
2026-06-06 11:20:00,48.0,416.97,78.2,0.859,1,19.97,6.7
2026-06-06 11:25:00,61.15,414.25,100.27,0.85,1,13.65,9.43
2026-06-06 11:30:00,50.9,414.83,83.34,0.839,1,18.21,10.28
2026-06-06 11:35:00,49.76,412.92,81.85,0.878,1,24.4,10.24
2026-06-06 11:40:00,54.05,417.2,88.0,0.831,1,9.93,9.44
2026-06-06 11:45:00,58.03,416.42,94.66,0.914,1,20.9,9.57
2026-06-06 11:50:00,46.45,413.71,76.26,0.876,1,16.81,12.96
2026-06-06 11:55:00,51.07,412.39,84.12,0.874,1,24.0,8.96
2026-06-06 12:00:00,52.14,411.7,86.03,0.82,1,7.69,7.85
2026-06-06 12:05:00,52.7,417.47,85.75,0.918,1,19.39,13.11
2026-06-06 12:10:00,49.36,415.3,80.72,0.879,1,5.74,8.52
2026-06-06 12:15:00,45.88,415.54,74.99,0.873,1,9.93,9.94
2026-06-06 12:20:00,42.81,412.94,70.42,0.911,1,11.42,6.26
2026-06-06 12:25:00,46.62,411.34,76.99,0.828,1,13.65,10.24
2026-06-06 12:30:00,40.07,417.41,65.21,0.864,1,24.31,10.13
2026-06-06 12:35:00,30.07,415.11,49.2,0.889,1,6.35,4.0
2026-06-06 12:40:00,46.11,417.27,75.05,0.875,1,8.38,7.48
2026-06-06 12:45:00,47.69,414.04,78.24,0.842,1,9.06,6.95
2026-06-06 12:50:00,30.61,414.41,50.17,0.856,1,13.48,4.96
2026-06-06 12:55:00,36.63,416.78,59.7,0.856,1,6.21,10.6
2026-06-06 13:00:00,44.04,416.83,71.76,0.939,1,24.31,9.74
2026-06-06 13:05:00,50.49,416.99,82.25,0.859,1,16.2,14.4
2026-06-06 13:10:00,39.58,414.26,64.9,0.845,1,21.27,11.61
2026-06-06 13:15:00,35.11,416.54,57.25,0.919,1,20.45,9.95
2026-06-06 13:20:00,37.11,417.77,60.34,0.871,1,18.22,10.95
2026-06-06 13:25:00,44.19,414.74,72.37,0.873,1,23.09,11.79
2026-06-06 13:30:00,33.38,413.72,54.8,0.886,1,23.05,11.1
2026-06-06 13:35:00,31.91,418.36,51.81,0.891,1,7.56,7.38
2026-06-06 13:40:00,32.79,413.36,53.89,0.891,1,23.04,8.64
2026-06-06 13:45:00,29.75,416.57,48.51,0.824,0,0.0,4.0
2026-06-06 13:50:00,34.45,414.85,56.41,0.918,1,10.36,5.7
2026-06-06 13:55:00,41.29,410.4,68.34,0.843,1,17.17,10.25
2026-06-06 14:00:00,34.12,417.82,55.46,0.855,1,10.62,9.58
2026-06-06 14:05:00,30.58,408.11,50.9,0.841,1,14.58,4.85
2026-06-06 14:10:00,29.74,410.04,49.26,0.912,0,0.0,4.0
2026-06-06 14:15:00,22.74,416.32,37.1,0.89,0,0.0,4.0
2026-06-06 14:20:00,34.34,416.32,56.03,0.911,1,8.66,9.75
2026-06-06 14:25:00,28.91,413.41,47.51,0.898,0,0.0,4.0
2026-06-06 14:30:00,27.79,415.37,45.45,0.832,0,0.0,4.0
2026-06-06 14:35:00,44.06,408.67,73.23,0.856,1,11.07,6.08
2026-06-06 14:40:00,29.0,416.77,47.26,0.881,0,0.0,4.0
2026-06-06 14:45:00,23.16,415.62,37.86,0.857,0,0.0,4.0
2026-06-06 14:50:00,24.22,414.89,39.66,0.845,0,0.0,4.0
2026-06-06 14:55:00,31.54,415.05,51.62,0.924,1,12.25,7.69
2026-06-06 15:00:00,25.82,416.23,42.13,0.91,0,0.0,4.0
2026-06-06 15:05:00,17.53,414.93,28.69,0.861,0,0.0,4.0
2026-06-06 15:10:00,28.79,410.31,47.66,0.912,0,0.0,4.0
2026-06-06 15:15:00,20.34,420.49,32.86,0.895,0,0.0,4.0
2026-06-06 15:20:00,32.55,418.0,52.9,0.82,1,19.73,6.66
2026-06-06 15:25:00,28.1,411.79,46.36,0.866,0,0.0,4.0
2026-06-06 15:30:00,20.0,414.14,32.8,0.855,0,0.0,4.0
2026-06-06 15:35:00,28.18,414.41,46.19,0.846,0,0.0,4.0
2026-06-06 15:40:00,21.67,417.7,35.24,0.85,0,0.0,4.88
2026-06-06 15:45:00,25.16,409.6,41.73,0.933,0,0.0,4.0
2026-06-06 15:50:00,22.9,413.75,37.6,0.878,0,0.0,4.0
2026-06-06 15:55:00,15.85,410.6,26.21,0.922,0,0.0,4.0
2026-06-06 16:00:00,16.47,414.29,27.01,0.846,0,0.0,4.0
2026-06-06 16:05:00,24.46,413.82,40.16,0.841,0,0.0,4.0
2026-06-06 16:10:00,17.28,415.2,28.27,0.927,0,0.0,4.0
2026-06-06 16:15:00,16.59,413.49,27.26,0.879,0,0.0,5.02
2026-06-06 16:20:00,13.5,413.12,22.2,0.927,0,0.0,4.0
2026-06-06 16:25:00,20.08,416.55,32.75,0.828,0,0.0,4.0
2026-06-06 16:30:00,27.98,416.14,45.67,0.93,0,0.0,4.0
2026-06-06 16:35:00,12.04,416.38,19.64,0.87,0,0.0,4.0
2026-06-06 16:40:00,17.23,414.56,28.23,0.839,0,0.0,4.0
2026-06-06 16:45:00,23.92,413.57,39.28,0.902,0,0.0,4.0
2026-06-06 16:50:00,16.22,414.7,26.57,0.916,0,0.0,4.0
2026-06-06 16:55:00,18.66,416.25,30.45,0.826,0,0.0,4.0
2026-06-06 17:00:00,10.88,409.56,18.05,0.938,0,0.0,4.0
2026-06-06 17:05:00,18.14,415.99,29.63,0.904,0,0.0,4.0
2026-06-06 17:10:00,14.89,415.77,24.33,0.859,0,0.0,4.0
2026-06-06 17:15:00,20.6,415.16,33.71,0.838,0,0.0,4.0
2026-06-06 17:20:00,21.47,414.63,35.17,0.867,0,0.0,4.0
2026-06-06 17:25:00,28.36,408.58,47.14,0.846,0,0.0,4.0
2026-06-06 17:30:00,18.2,413.9,29.86,0.879,0,0.0,4.0
2026-06-06 17:35:00,16.84,419.47,27.26,0.914,0,0.0,4.0
2026-06-06 17:40:00,16.11,415.03,26.36,0.899,0,0.0,4.0
2026-06-06 17:45:00,13.31,414.23,21.82,0.872,0,0.0,4.0
2026-06-06 17:50:00,16.73,415.04,27.37,0.834,0,0.0,4.0
2026-06-06 17:55:00,13.53,415.89,22.1,0.935,0,0.0,4.0
2026-06-06 18:00:00,15.84,416.65,25.83,0.852,0,0.0,4.0
2026-06-06 18:05:00,21.6,414.43,35.4,0.853,0,0.0,4.0
2026-06-06 18:10:00,10.0,416.06,16.33,0.897,0,0.0,4.0
2026-06-06 18:15:00,20.77,419.19,33.66,0.912,0,0.0,4.0
2026-06-06 18:20:00,21.72,417.52,35.33,0.938,0,0.0,4.0
2026-06-06 18:25:00,14.62,420.85,23.59,0.936,0,0.0,4.97
2026-06-06 18:30:00,10.0,413.36,16.43,0.93,0,0.0,4.0
2026-06-06 18:35:00,12.37,419.19,20.04,0.872,0,0.0,4.0
2026-06-06 18:40:00,22.02,413.02,36.21,0.84,0,0.0,4.61
2026-06-06 18:45:00,15.56,415.88,25.41,0.89,0,0.0,4.0
2026-06-06 18:50:00,10.83,416.83,17.65,0.822,0,0.0,4.0
2026-06-06 18:55:00,13.48,413.72,22.13,0.844,0,0.0,4.0
2026-06-06 19:00:00,20.4,415.22,33.37,0.82,0,0.0,4.0
2026-06-06 19:05:00,19.13,417.28,31.14,0.842,0,0.0,4.0
2026-06-06 19:10:00,15.43,413.22,25.36,0.877,0,0.0,4.57
2026-06-06 19:15:00,15.02,419.17,24.34,0.867,0,0.0,4.0
2026-06-06 19:20:00,15.15,411.54,25.01,0.864,0,0.0,4.0
2026-06-06 19:25:00,12.77,419.85,20.66,0.92,0,0.0,4.0
2026-06-06 19:30:00,25.74,417.5,41.88,0.901,0,0.0,4.0
2026-06-06 19:35:00,16.35,414.78,26.78,0.932,0,0.0,4.0
2026-06-06 19:40:00,24.37,413.99,39.98,0.873,0,0.0,4.0
2026-06-06 19:45:00,26.22,413.73,43.04,0.853,0,0.0,4.0
2026-06-06 19:50:00,23.95,414.66,39.23,0.835,0,0.0,4.0
2026-06-06 19:55:00,17.16,414.88,28.09,0.901,0,0.0,4.0
2026-06-06 20:00:00,21.71,418.14,35.26,0.921,0,0.0,4.0
2026-06-06 20:05:00,19.96,419.92,32.28,0.842,0,0.0,4.0
2026-06-06 20:10:00,15.96,415.5,26.1,0.925,0,0.0,4.0
2026-06-06 20:15:00,22.52,412.89,37.05,0.883,0,0.0,4.0
2026-06-06 20:20:00,15.43,413.64,25.35,0.837,0,0.0,4.0
2026-06-06 20:25:00,27.71,414.54,45.41,0.897,0,0.0,5.21
2026-06-06 20:30:00,19.91,412.42,32.79,0.882,0,0.0,4.0
2026-06-06 20:35:00,23.71,412.05,39.08,0.823,0,0.0,4.0
2026-06-06 20:40:00,24.6,420.24,39.77,0.868,0,0.0,4.0
2026-06-06 20:45:00,22.39,415.76,36.58,0.914,0,0.0,4.0
2026-06-06 20:50:00,27.13,412.92,44.63,0.887,0,0.0,4.0
2026-06-06 20:55:00,22.34,417.04,36.39,0.854,0,0.0,4.0
2026-06-06 21:00:00,29.61,412.05,48.81,0.931,0,0.0,4.0
2026-06-06 21:05:00,19.07,412.26,31.42,0.849,0,0.0,4.0
2026-06-06 21:10:00,26.99,412.99,44.38,0.85,0,0.0,4.0
2026-06-06 21:15:00,36.62,419.14,59.34,0.863,1,8.16,7.63
2026-06-06 21:20:00,22.5,414.37,36.88,0.927,0,0.0,4.0
2026-06-06 21:25:00,24.7,408.9,41.04,0.881,0,0.0,4.0
2026-06-06 21:30:00,31.26,418.03,50.8,0.902,1,20.6,9.79
2026-06-06 21:35:00,30.2,414.23,49.52,0.937,1,24.98,4.0
2026-06-06 21:40:00,31.68,410.38,52.43,0.914,1,15.08,6.9
2026-06-06 21:45:00,33.0,414.21,54.12,0.841,1,6.43,5.41
2026-06-06 21:50:00,34.37,416.3,56.08,0.915,1,20.81,8.49
2026-06-06 21:55:00,37.39,416.01,61.05,0.91,1,22.42,6.27
2026-06-06 22:00:00,34.55,419.5,55.94,0.848,1,8.25,9.27
2026-06-06 22:05:00,31.96,412.87,52.58,0.859,1,5.48,5.51
2026-06-06 22:10:00,37.2,415.12,60.87,0.905,1,7.72,10.43
2026-06-06 22:15:00,44.02,413.25,72.35,0.849,1,11.48,9.0
2026-06-06 22:20:00,34.55,411.14,57.07,0.845,1,23.49,4.97
2026-06-06 22:25:00,31.03,417.21,50.52,0.904,1,5.05,7.09
2026-06-06 22:30:00,42.14,416.16,68.78,0.926,1,21.08,9.6
2026-06-06 22:35:00,36.71,415.71,59.99,0.829,1,22.1,7.47
2026-06-06 22:40:00,27.17,416.07,44.35,0.874,0,0.0,4.0
2026-06-06 22:45:00,42.99,413.29,70.65,0.893,1,6.64,10.06
2026-06-06 22:50:00,36.8,412.49,60.6,0.901,1,18.58,5.32
2026-06-06 22:55:00,39.75,415.09,65.05,0.94,1,24.08,6.37
2026-06-06 23:00:00,42.6,417.9,69.24,0.902,1,7.41,9.26
2026-06-06 23:05:00,42.63,419.02,69.11,0.894,1,5.63,7.47
2026-06-06 23:10:00,45.97,416.99,74.89,0.939,1,22.47,4.86
2026-06-06 23:15:00,40.99,415.07,67.09,0.827,1,17.9,6.05
2026-06-06 23:20:00,46.49,415.67,75.97,0.829,1,17.93,10.2
2026-06-06 23:25:00,43.38,415.03,70.99,0.887,1,24.29,8.4
2026-06-06 23:30:00,49.13,412.44,80.91,0.863,1,20.4,9.63
2026-06-06 23:35:00,49.27,415.06,80.63,0.832,1,12.95,10.12
2026-06-06 23:40:00,42.27,411.66,69.75,0.857,1,13.72,9.35
2026-06-06 23:45:00,53.14,414.69,87.04,0.901,1,7.89,10.23
2026-06-06 23:50:00,45.79,419.09,74.22,0.926,1,11.08,4.0
2026-06-06 23:55:00,53.28,417.06,86.77,0.831,1,13.91,10.16
2026-06-07 00:00:00,51.84,412.69,85.32,0.885,1,10.22,8.65
2026-06-07 00:05:00,59.95,414.82,98.17,0.856,1,23.32,12.03
2026-06-07 00:10:00,50.41,412.91,82.92,0.9,1,5.24,11.8
2026-06-07 00:15:00,50.54,414.84,82.76,0.886,1,16.74,7.46
2026-06-07 00:20:00,52.95,417.6,86.13,0.931,1,20.43,10.72
2026-06-07 00:25:00,52.29,416.63,85.26,0.825,1,19.64,11.5
2026-06-07 00:30:00,58.57,421.21,94.45,0.876,1,17.87,10.72
2026-06-07 00:35:00,47.24,417.98,76.77,0.843,1,13.21,6.14
2026-06-07 00:40:00,50.81,415.51,83.06,0.884,1,23.37,7.53
2026-06-07 00:45:00,51.49,416.69,83.93,0.922,1,11.58,9.77
2026-06-07 00:50:00,62.33,414.49,102.14,0.929,1,20.0,10.79
2026-06-07 00:55:00,66.87,412.18,110.2,0.868,1,23.53,8.76
2026-06-07 01:00:00,58.54,418.26,95.06,0.917,1,7.57,9.07
2026-06-07 01:05:00,58.95,417.52,95.9,0.854,1,23.94,8.8
2026-06-07 01:10:00,60.87,414.4,99.78,0.821,1,20.52,13.71
2026-06-07 01:15:00,67.06,415.68,109.58,0.923,1,17.33,9.51
2026-06-07 01:20:00,57.33,418.1,93.15,0.834,1,12.47,14.22
2026-06-07 01:25:00,63.88,417.12,104.02,0.822,1,23.09,17.64
2026-06-07 01:30:00,68.27,411.34,112.74,0.862,1,5.88,10.87
2026-06-07 01:35:00,66.6,415.61,108.85,0.866,1,13.64,11.25
2026-06-07 01:40:00,65.74,414.58,107.71,0.829,1,20.13,15.02
2026-06-07 01:45:00,70.49,417.78,114.6,0.918,1,21.22,16.25
2026-06-07 01:50:00,52.65,417.58,85.64,0.869,1,9.05,8.79
2026-06-07 01:55:00,70.22,418.3,114.03,0.879,1,5.95,11.92
2026-06-07 02:00:00,64.23,412.21,105.84,0.852,1,21.06,11.62
2026-06-07 02:05:00,59.0,413.04,97.03,0.881,1,13.44,9.33
2026-06-07 02:10:00,71.36,417.79,116.02,0.912,1,7.87,15.34
2026-06-07 02:15:00,76.31,413.52,125.35,0.929,1,6.71,14.43
2026-06-07 02:20:00,69.39,411.2,114.62,0.936,1,17.81,11.7
2026-06-07 02:25:00,75.46,416.33,123.12,0.871,1,16.66,14.56
2026-06-07 02:30:00,79.37,413.63,130.34,0.939,1,22.08,14.52
2026-06-07 02:35:00,78.48,419.47,127.09,0.855,1,5.63,20.19
2026-06-07 02:40:00,80.7,415.74,131.85,0.821,1,22.37,15.07
2026-06-07 02:45:00,76.79,415.4,125.56,0.912,1,22.74,16.67
2026-06-07 02:50:00,74.02,414.08,121.43,0.841,1,13.93,15.02
2026-06-07 02:55:00,66.19,418.98,107.31,0.826,1,6.53,11.89
2026-06-07 03:00:00,73.52,415.9,120.07,0.931,1,23.93,15.45
2026-06-07 03:05:00,71.07,413.98,116.61,0.915,1,6.44,13.6
2026-06-07 03:10:00,86.66,413.01,142.52,0.832,1,16.81,22.18
2026-06-07 03:15:00,75.43,414.82,123.52,0.913,1,14.86,14.1
2026-06-07 03:20:00,77.43,412.56,127.48,0.921,1,21.7,9.0
2026-06-07 03:25:00,80.05,417.57,130.22,0.929,1,15.05,20.22
2026-06-07 03:30:00,77.99,410.48,129.05,0.885,1,14.38,13.58
2026-06-07 03:35:00,86.7,414.65,142.03,0.904,1,22.61,16.94
2026-06-07 03:40:00,75.56,416.53,123.22,0.911,1,24.28,13.56
2026-06-07 03:45:00,80.07,415.86,130.79,0.903,1,15.99,13.83
2026-06-07 03:50:00,75.81,413.21,124.62,0.898,1,14.09,11.77
2026-06-07 03:55:00,73.32,416.65,119.53,0.886,1,21.62,9.65
2026-06-07 04:00:00,77.25,412.78,127.12,0.878,1,21.62,13.33
2026-06-07 04:05:00,80.5,414.94,131.78,0.94,1,11.39,16.25
2026-06-07 04:10:00,78.9,416.63,128.63,0.861,1,16.52,11.22
2026-06-07 04:15:00,77.93,416.16,127.2,0.831,1,8.08,15.6
2026-06-07 04:20:00,74.69,413.31,122.75,0.912,1,17.71,19.69
2026-06-07 04:25:00,81.62,417.99,132.64,0.846,1,21.68,16.44
2026-06-07 04:30:00,74.81,415.22,122.39,0.884,1,8.75,10.69
2026-06-07 04:35:00,86.42,416.86,140.82,0.831,1,11.46,17.06
2026-06-07 04:40:00,83.3,418.82,135.1,0.894,1,13.98,17.91
2026-06-07 04:45:00,75.85,417.79,123.33,0.933,1,21.9,17.76
2026-06-07 04:50:00,81.83,417.8,133.04,0.907,1,19.63,16.15
2026-06-07 04:55:00,79.84,415.48,130.53,0.846,1,11.34,16.33
2026-06-07 05:00:00,85.4,416.98,139.12,0.937,1,9.86,17.83
2026-06-07 05:05:00,90.7,415.53,148.26,0.857,1,18.91,18.66
2026-06-07 05:10:00,74.79,411.98,123.32,0.872,1,14.6,14.93
2026-06-07 05:15:00,84.9,415.76,138.71,0.88,1,16.87,14.65
2026-06-07 05:20:00,83.67,415.64,136.73,0.939,1,17.97,18.16
2026-06-07 05:25:00,87.95,416.46,143.45,0.828,1,16.17,15.4
2026-06-07 05:30:00,85.77,414.68,140.49,0.904,1,17.26,22.31
2026-06-07 05:35:00,81.03,413.1,133.24,0.863,1,22.75,14.25
2026-06-07 05:40:00,83.27,416.64,135.76,0.829,1,22.36,17.96
2026-06-07 05:45:00,80.94,411.72,133.54,0.932,1,7.98,12.02
2026-06-07 05:50:00,90.35,418.65,146.59,0.891,1,16.73,16.0
2026-06-07 05:55:00,85.1,414.42,139.48,0.91,1,13.79,14.65
2026-06-07 06:00:00,94.51,415.61,154.46,0.849,1,10.71,14.39
2026-06-07 06:05:00,84.69,416.4,138.15,0.911,1,17.62,14.8
2026-06-07 06:10:00,81.42,416.48,132.8,0.919,1,15.22,16.25
2026-06-07 06:15:00,77.36,411.48,127.7,0.872,1,20.5,14.38
2026-06-07 06:20:00,75.85,417.06,123.54,0.889,1,6.87,16.75
2026-06-07 06:25:00,76.87,415.76,125.59,0.937,1,11.05,12.24
2026-06-07 06:30:00,86.04,413.41,141.36,0.922,1,5.52,17.37
2026-06-07 06:35:00,87.14,413.13,143.27,0.873,1,19.92,15.31
2026-06-07 06:40:00,76.56,414.16,125.57,0.9,1,23.25,17.55
2026-06-07 06:45:00,88.8,411.75,146.49,0.914,1,16.75,18.63
2026-06-07 06:50:00,81.76,419.31,132.44,0.823,1,17.34,17.92
2026-06-07 06:55:00,84.73,418.72,137.45,0.891,1,5.93,15.18
2026-06-07 07:00:00,91.87,416.13,149.96,0.938,1,15.08,20.36
2026-06-07 07:05:00,88.09,414.44,144.37,0.934,1,15.54,12.8
2026-06-07 07:10:00,82.04,414.51,134.44,0.92,1,5.78,16.09
2026-06-07 07:15:00,78.69,416.9,128.21,0.833,1,20.65,15.52
2026-06-07 07:20:00,72.13,419.39,116.82,0.939,1,10.57,15.44
2026-06-07 07:25:00,79.02,413.57,129.79,0.893,1,19.47,15.02
2026-06-07 07:30:00,81.28,412.21,133.94,0.847,1,13.06,13.01
2026-06-07 07:35:00,77.1,418.87,125.03,0.901,1,24.91,12.6
2026-06-07 07:40:00,81.06,410.53,134.13,0.923,1,9.24,15.03
2026-06-07 07:45:00,81.77,412.48,134.66,0.833,1,6.16,14.43
2026-06-07 07:50:00,79.92,414.38,131.01,0.93,1,24.6,17.6
2026-06-07 07:55:00,77.44,411.1,127.95,0.93,1,9.88,16.64
2026-06-07 08:00:00,81.15,417.78,131.95,0.822,1,17.71,15.6
2026-06-07 08:05:00,82.13,417.14,133.74,0.928,1,12.49,15.47
2026-06-07 08:10:00,74.07,413.56,121.65,0.934,1,17.79,16.68
2026-06-07 08:15:00,86.16,418.2,139.94,0.825,1,16.92,15.79
2026-06-07 08:20:00,78.18,418.62,126.85,0.855,1,19.15,14.56
2026-06-07 08:25:00,78.32,414.72,128.28,0.865,1,5.37,11.31
2026-06-07 08:30:00,81.31,413.87,133.44,0.862,1,21.72,17.75
2026-06-07 08:35:00,78.46,420.65,126.7,0.911,1,14.57,14.64
2026-06-07 08:40:00,81.58,416.8,132.94,0.863,1,15.38,18.08
2026-06-07 08:45:00,77.75,415.64,127.06,0.935,1,13.22,11.87
2026-06-07 08:50:00,72.74,418.41,118.09,0.939,1,24.79,13.2
2026-06-07 08:55:00,77.09,415.75,125.95,0.858,1,21.03,17.11
2026-06-07 09:00:00,69.03,413.74,113.33,0.881,1,11.23,13.74
2026-06-07 09:05:00,74.75,415.2,122.28,0.887,1,20.66,11.75
2026-06-07 09:10:00,73.48,417.6,119.52,0.89,1,13.74,16.04
2026-06-07 09:15:00,72.04,410.02,119.34,0.865,1,22.4,11.07
2026-06-07 09:20:00,71.85,414.28,117.81,0.84,1,5.62,15.13
2026-06-07 09:25:00,62.5,418.46,101.45,0.827,1,12.11,9.59
2026-06-07 09:30:00,68.56,413.72,112.57,0.833,1,13.6,15.82
2026-06-07 09:35:00,71.16,418.87,115.4,0.928,1,19.88,14.06
2026-06-07 09:40:00,70.87,418.54,115.02,0.854,1,8.65,13.98
2026-06-07 09:45:00,64.31,414.84,105.3,0.829,1,10.73,11.92
2026-06-07 09:50:00,75.13,413.58,123.4,0.895,1,19.48,14.7
2026-06-07 09:55:00,63.83,414.28,104.65,0.829,1,6.54,12.01
2026-06-07 10:00:00,72.35,421.66,116.54,0.828,1,9.02,15.1
2026-06-07 10:05:00,68.97,419.69,111.63,0.895,1,20.07,13.27
2026-06-07 10:10:00,62.93,415.31,102.92,0.891,1,22.51,15.83
2026-06-07 10:15:00,74.36,413.48,122.15,0.825,1,19.58,12.66
2026-06-07 10:20:00,58.82,415.29,96.21,0.875,1,15.54,13.35
2026-06-07 10:25:00,68.69,415.61,112.27,0.872,1,6.98,14.02
2026-06-07 10:30:00,68.4,411.89,112.79,0.886,1,21.54,16.24
2026-06-07 10:35:00,59.33,415.2,97.07,0.909,1,7.48,11.33
2026-06-07 10:40:00,68.93,418.31,111.94,0.854,1,12.7,13.8
2026-06-07 10:45:00,60.0,410.5,99.28,0.872,1,6.01,11.84
2026-06-07 10:50:00,61.97,417.07,100.92,0.915,1,19.19,9.31
2026-06-07 10:55:00,61.1,418.44,99.18,0.931,1,15.07,12.66
2026-06-07 11:00:00,58.39,413.6,95.89,0.927,1,23.15,19.22
2026-06-07 11:05:00,62.37,419.24,101.06,0.877,1,7.77,15.33
2026-06-07 11:10:00,61.54,413.27,101.15,0.883,1,21.38,10.35
2026-06-07 11:15:00,48.09,416.1,78.5,0.883,1,15.21,5.26
2026-06-07 11:20:00,62.6,414.23,102.65,0.924,1,12.32,12.0
2026-06-07 11:25:00,47.01,414.23,77.09,0.921,1,17.87,11.86
2026-06-07 11:30:00,59.73,413.46,98.13,0.857,1,20.81,11.7
2026-06-07 11:35:00,59.44,416.75,96.89,0.84,1,13.81,15.75
2026-06-07 11:40:00,47.6,417.12,77.51,0.865,1,9.66,7.25
2026-06-07 11:45:00,50.24,414.84,82.25,0.855,1,23.32,10.73
2026-06-07 11:50:00,46.0,411.6,75.91,0.934,1,11.26,8.59
2026-06-07 11:55:00,49.69,416.01,81.13,0.852,1,24.96,11.88
2026-06-07 12:00:00,48.46,416.06,79.12,0.842,1,20.35,11.59
2026-06-07 12:05:00,53.13,414.46,87.08,0.928,1,18.76,13.25
2026-06-07 12:10:00,55.02,419.67,89.06,0.83,1,5.25,9.88
2026-06-07 12:15:00,54.69,411.09,90.36,0.851,1,13.97,13.45
2026-06-07 12:20:00,44.14,409.46,73.22,0.873,1,15.05,9.49
2026-06-07 12:25:00,45.14,413.17,74.22,0.891,1,12.53,11.89
2026-06-07 12:30:00,37.01,416.78,60.33,0.859,1,8.0,10.53
2026-06-07 12:35:00,40.65,412.36,66.95,0.88,1,12.35,7.98
2026-06-07 12:40:00,48.75,412.55,80.26,0.844,1,6.5,7.54
2026-06-07 12:45:00,51.25,417.38,83.41,0.889,1,10.82,10.24
2026-06-07 12:50:00,36.25,416.16,59.17,0.869,1,6.67,9.15
2026-06-07 12:55:00,38.72,415.94,63.23,0.922,1,20.05,4.5
2026-06-07 13:00:00,40.81,416.95,66.48,0.87,1,18.42,7.12
2026-06-07 13:05:00,41.61,413.94,68.28,0.873,1,23.8,10.26
2026-06-07 13:10:00,35.43,414.05,58.12,0.891,1,12.6,4.0
2026-06-07 13:15:00,40.87,417.02,66.57,0.835,1,20.72,6.0
2026-06-07 13:20:00,35.66,411.64,58.84,0.839,1,16.75,5.84
2026-06-07 13:25:00,37.24,409.64,61.75,0.915,1,17.92,7.41
2026-06-07 13:30:00,39.34,413.92,64.55,0.853,1,15.95,7.13
2026-06-07 13:35:00,35.94,417.33,58.49,0.902,1,20.58,6.8
2026-06-07 13:40:00,33.03,415.64,53.97,0.832,1,5.84,4.0
2026-06-07 13:45:00,33.97,417.14,55.32,0.919,1,6.61,10.53
2026-06-07 13:50:00,33.4,409.96,55.33,0.939,1,6.92,4.95
2026-06-07 13:55:00,31.32,415.79,51.16,0.865,1,10.77,4.0
2026-06-07 14:00:00,31.21,416.63,50.88,0.881,1,16.82,9.08
2026-06-07 14:05:00,39.84,411.62,65.74,0.873,1,17.91,6.28
2026-06-07 14:10:00,34.0,417.16,55.36,0.927,1,19.25,4.28
2026-06-07 14:15:00,29.08,414.72,47.63,0.821,0,0.0,4.0
2026-06-07 14:20:00,33.41,422.68,53.69,0.898,1,18.0,5.72
2026-06-07 14:25:00,27.64,409.56,45.83,0.898,0,0.0,4.0
2026-06-07 14:30:00,34.56,418.42,56.1,0.866,1,5.2,5.02
2026-06-07 14:35:00,29.94,414.01,49.12,0.846,0,0.0,4.0
2026-06-07 14:40:00,26.97,410.96,44.57,0.849,0,0.0,4.0
2026-06-07 14:45:00,29.16,413.68,47.88,0.916,0,0.0,4.0
2026-06-07 14:50:00,18.5,415.69,30.23,0.828,0,0.0,8.02
2026-06-07 14:55:00,20.16,417.59,32.8,0.888,0,0.0,4.0
2026-06-07 15:00:00,19.28,419.3,31.24,0.857,0,0.0,4.0
2026-06-07 15:05:00,25.43,418.55,41.27,0.852,0,0.0,4.0
2026-06-07 15:10:00,32.86,412.59,54.1,0.881,1,24.78,7.77
2026-06-07 15:15:00,34.84,417.83,56.64,0.928,1,10.97,6.86
2026-06-07 15:20:00,26.38,415.98,43.07,0.894,0,0.0,4.0
2026-06-07 15:25:00,25.21,413.36,41.42,0.915,0,0.0,4.0
2026-06-07 15:30:00,13.23,414.47,21.68,0.892,0,0.0,4.0
2026-06-07 15:35:00,19.06,413.23,31.33,0.904,0,0.0,4.0
2026-06-07 15:40:00,17.39,415.09,28.46,0.872,0,0.0,4.0
2026-06-07 15:45:00,17.79,413.18,29.25,0.931,0,0.0,4.0
2026-06-07 15:50:00,19.64,412.43,32.35,0.88,0,0.0,4.0
2026-06-07 15:55:00,17.72,416.2,28.92,0.886,0,0.0,4.0
2026-06-07 16:00:00,10.0,416.57,16.31,0.883,0,0.0,4.0
2026-06-07 16:05:00,23.05,414.53,37.78,0.858,0,0.0,4.95
2026-06-07 16:10:00,13.59,418.42,22.06,0.848,0,0.0,4.0
2026-06-07 16:15:00,19.81,414.35,32.47,0.829,0,0.0,4.0
2026-06-07 16:20:00,28.65,414.24,46.98,0.906,0,0.0,4.29
2026-06-07 16:25:00,13.37,416.65,21.79,0.855,0,0.0,4.0
2026-06-07 16:30:00,10.0,414.67,16.38,0.867,0,0.0,4.0
2026-06-07 16:35:00,15.95,415.21,26.09,0.93,0,0.0,4.0
2026-06-07 16:40:00,22.62,408.7,37.59,0.888,0,0.0,4.0
2026-06-07 16:45:00,26.65,415.04,43.61,0.832,0,0.0,4.0
2026-06-07 16:50:00,10.47,410.43,17.33,0.916,0,0.0,4.0
2026-06-07 16:55:00,18.88,411.95,31.13,0.851,0,0.0,4.0
2026-06-07 17:00:00,13.87,411.66,22.88,0.886,0,0.0,4.0
2026-06-07 17:05:00,15.47,412.39,25.49,0.881,0,0.0,4.0
2026-06-07 17:10:00,29.05,413.63,47.71,0.849,0,0.0,4.0
2026-06-07 17:15:00,10.0,413.78,16.42,0.834,0,0.0,4.0
2026-06-07 17:20:00,16.8,416.66,27.39,0.845,0,0.0,5.35
2026-06-07 17:25:00,17.75,415.56,29.01,0.832,0,0.0,4.0
2026-06-07 17:30:00,20.73,410.25,34.32,0.853,0,0.0,4.0
2026-06-07 17:35:00,15.7,415.21,25.68,0.94,0,0.0,4.0
2026-06-07 17:40:00,16.67,415.8,27.24,0.868,0,0.0,4.0
2026-06-07 17:45:00,13.12,414.18,21.51,0.924,0,0.0,4.0
2026-06-07 17:50:00,16.38,414.85,26.82,0.886,0,0.0,4.0
2026-06-07 17:55:00,13.29,415.48,21.73,0.9,0,0.0,4.0
2026-06-07 18:00:00,18.11,416.91,29.5,0.839,0,0.0,4.0
2026-06-07 18:05:00,13.16,411.06,21.75,0.853,0,0.0,4.0
2026-06-07 18:10:00,16.92,414.39,27.73,0.881,0,0.0,4.0
2026-06-07 18:15:00,14.93,418.77,24.21,0.926,0,0.0,4.0
2026-06-07 18:20:00,20.76,418.54,33.7,0.825,0,0.0,4.0
2026-06-07 18:25:00,14.95,417.13,24.35,0.881,0,0.0,4.0
2026-06-07 18:30:00,10.0,416.34,16.31,0.826,0,0.0,4.0
2026-06-07 18:35:00,21.72,419.14,35.19,0.875,0,0.0,4.0
2026-06-07 18:40:00,11.0,419.79,17.8,0.895,0,0.0,4.0
2026-06-07 18:45:00,12.4,414.68,20.32,0.909,0,0.0,4.0
2026-06-07 18:50:00,12.85,412.58,21.16,0.837,0,0.0,4.0
2026-06-07 18:55:00,22.88,414.32,37.5,0.84,0,0.0,4.0
2026-06-07 19:00:00,10.0,422.74,16.07,0.876,0,0.0,4.0
2026-06-07 19:05:00,32.09,411.08,53.02,0.94,1,10.78,6.2
2026-06-07 19:10:00,21.9,413.82,35.95,0.863,0,0.0,4.0
2026-06-07 19:15:00,17.97,411.47,29.67,0.871,0,0.0,4.0
2026-06-07 19:20:00,16.84,415.31,27.54,0.872,0,0.0,4.0
2026-06-07 19:25:00,18.81,411.99,31.01,0.83,0,0.0,4.0
2026-06-07 19:30:00,20.27,414.73,33.2,0.913,0,0.0,4.0
2026-06-07 19:35:00,21.19,410.12,35.1,0.85,0,0.0,4.0
2026-06-07 19:40:00,21.06,416.54,34.34,0.904,0,0.0,4.0
2026-06-07 19:45:00,19.06,418.06,30.96,0.877,0,0.0,4.0
2026-06-07 19:50:00,17.97,414.04,29.48,0.893,0,0.0,4.0
2026-06-07 19:55:00,18.56,414.66,30.4,0.826,0,0.0,4.0
2026-06-07 20:00:00,18.71,414.59,30.66,0.927,0,0.0,4.0
2026-06-07 20:05:00,25.75,415.45,42.1,0.849,0,0.0,4.0
2026-06-07 20:10:00,23.45,414.9,38.39,0.9,0,0.0,4.0
2026-06-07 20:15:00,10.0,416.92,16.29,0.916,0,0.0,4.0
2026-06-07 20:20:00,24.61,418.08,39.98,0.885,0,0.0,4.0
2026-06-07 20:25:00,22.75,412.96,37.42,0.86,0,0.0,4.0
2026-06-07 20:30:00,22.14,414.23,36.3,0.937,0,0.0,4.0
2026-06-07 20:35:00,20.76,417.25,33.8,0.853,0,0.0,4.0
2026-06-07 20:40:00,28.81,411.45,47.56,0.934,0,0.0,4.0
2026-06-07 20:45:00,28.42,410.07,47.08,0.839,0,0.0,4.0
2026-06-07 20:50:00,20.33,415.57,33.23,0.867,0,0.0,4.0
2026-06-07 20:55:00,26.75,416.24,43.66,0.837,0,0.0,4.0
2026-06-07 21:00:00,20.39,413.19,33.52,0.82,0,0.0,4.0
2026-06-07 21:05:00,18.9,413.55,31.04,0.851,0,0.0,4.0
2026-06-07 21:10:00,23.22,413.1,38.18,0.83,0,0.0,4.0
2026-06-07 21:15:00,31.23,412.83,51.39,0.938,1,19.43,5.24
2026-06-07 21:20:00,32.27,416.73,52.6,0.911,1,23.75,4.46
2026-06-07 21:25:00,30.66,412.05,50.54,0.82,1,12.87,6.84
2026-06-07 21:30:00,32.32,414.34,52.98,0.847,1,11.45,7.68
2026-06-07 21:35:00,31.89,412.74,52.47,0.9,1,8.52,7.49
2026-06-07 21:40:00,26.72,411.36,44.12,0.868,0,0.0,4.0
2026-06-07 21:45:00,32.71,417.18,53.27,0.92,1,16.19,7.98
2026-06-07 21:50:00,35.2,413.7,57.79,0.881,1,12.46,7.53
2026-06-07 21:55:00,35.61,415.47,58.23,0.898,1,17.46,12.9
2026-06-07 22:00:00,38.44,411.23,63.5,0.892,1,18.25,4.0
2026-06-07 22:05:00,36.71,413.15,60.35,0.897,1,6.96,12.04
2026-06-07 22:10:00,35.6,416.89,58.0,0.848,1,18.96,11.38
2026-06-07 22:15:00,39.87,421.47,64.26,0.865,1,23.01,7.98
2026-06-07 22:20:00,35.08,410.06,58.1,0.826,1,5.53,4.96
2026-06-07 22:25:00,31.49,414.5,51.61,0.891,1,16.03,4.95
2026-06-07 22:30:00,35.79,416.03,58.44,0.875,1,17.08,6.63
2026-06-07 22:35:00,33.59,413.46,55.18,0.911,1,19.2,9.77
2026-06-07 22:40:00,34.65,417.12,56.43,0.845,1,12.72,4.0
2026-06-07 22:45:00,38.03,412.83,62.57,0.872,1,21.37,12.56
2026-06-07 22:50:00,35.51,415.38,58.07,0.842,1,15.8,7.18
2026-06-07 22:55:00,38.67,413.69,63.49,0.894,1,13.18,10.34
2026-06-07 23:00:00,31.47,418.05,51.14,0.922,1,19.39,4.0
2026-06-07 23:05:00,42.75,413.31,70.25,0.912,1,23.55,10.54
2026-06-07 23:10:00,42.43,414.12,69.6,0.933,1,21.24,9.59
2026-06-07 23:15:00,39.09,417.36,63.61,0.937,1,23.61,9.52
2026-06-07 23:20:00,47.22,412.43,77.77,0.913,1,10.32,7.42
2026-06-07 23:25:00,49.36,415.17,80.76,0.854,1,7.37,8.37
2026-06-07 23:30:00,37.39,410.44,61.88,0.846,1,15.69,4.66
2026-06-07 23:35:00,42.38,412.28,69.82,0.874,1,5.89,9.69
2026-06-07 23:40:00,43.1,415.96,70.39,0.939,1,18.49,11.78
2026-06-07 23:45:00,43.01,412.52,70.82,0.87,1,9.8,8.88
2026-06-07 23:50:00,52.62,413.64,86.41,0.844,1,14.09,4.0
2026-06-07 23:55:00,48.27,416.23,78.77,0.933,1,18.11,12.73
2026-06-08 00:00:00,48.68,413.55,79.95,0.866,1,14.66,9.77
2026-06-08 00:05:00,40.74,417.06,66.36,0.903,1,9.72,4.0
2026-06-08 00:10:00,54.7,415.54,89.42,0.915,1,22.61,7.04
2026-06-08 00:15:00,46.09,416.09,75.25,0.921,1,20.29,6.88
2026-06-08 00:20:00,53.35,418.1,86.67,0.919,1,17.02,10.45
2026-06-08 00:25:00,55.2,415.8,90.17,0.92,1,18.97,8.52
2026-06-08 00:30:00,61.37,418.85,99.53,0.9,1,13.31,9.66
2026-06-08 00:35:00,48.78,417.28,79.41,0.868,1,12.52,11.52
2026-06-08 00:40:00,40.98,413.69,67.29,0.9,1,8.2,10.53
2026-06-08 00:45:00,57.75,418.23,93.79,0.92,1,21.07,13.64
2026-06-08 00:50:00,66.58,415.66,108.8,0.862,1,12.62,8.84
2026-06-08 00:55:00,64.51,414.01,105.85,0.856,1,18.85,14.73
2026-06-08 01:00:00,60.11,415.7,98.22,0.861,1,11.0,10.26
2026-06-08 01:05:00,57.34,417.78,93.22,0.886,1,20.92,15.9
2026-06-08 01:10:00,64.56,416.14,105.38,0.826,1,7.1,12.58
2026-06-08 01:15:00,56.38,419.56,91.28,0.913,1,17.5,13.83
2026-06-08 01:20:00,64.35,417.72,104.64,0.837,1,21.15,13.93
2026-06-08 01:25:00,65.21,416.31,106.4,0.836,1,18.21,13.65
2026-06-08 01:30:00,68.69,412.43,113.14,0.844,1,18.92,12.46
2026-06-08 01:35:00,77.89,414.55,127.63,0.889,1,15.52,17.59
2026-06-08 01:40:00,66.75,415.18,109.21,0.854,1,16.18,14.98
2026-06-08 01:45:00,62.94,416.74,102.58,0.864,1,6.32,10.88
2026-06-08 01:50:00,66.03,416.59,107.67,0.932,1,10.02,11.37
2026-06-08 01:55:00,57.99,415.42,94.82,0.922,1,19.44,9.76
2026-06-08 02:00:00,64.03,415.3,104.72,0.922,1,23.91,14.61
2026-06-08 02:05:00,66.11,416.8,107.74,0.889,1,15.84,13.24
2026-06-08 02:10:00,66.19,412.85,108.89,0.924,1,19.51,13.55
2026-06-08 02:15:00,70.21,419.24,113.75,0.913,1,18.67,12.74
2026-06-08 02:20:00,65.96,409.88,109.31,0.934,1,24.99,16.49
2026-06-08 02:25:00,76.3,418.64,123.8,0.828,1,20.9,11.34
2026-06-08 02:30:00,71.31,414.89,116.75,0.823,1,17.55,15.52
2026-06-08 02:35:00,71.86,417.51,116.91,0.841,1,7.3,15.57
2026-06-08 02:40:00,70.86,415.91,115.72,0.931,1,12.25,12.63
2026-06-08 02:45:00,73.85,415.87,120.63,0.893,1,10.01,10.45
2026-06-08 02:50:00,77.77,416.39,126.87,0.871,1,22.07,15.99
2026-06-08 02:55:00,69.87,417.02,113.8,0.882,1,13.92,16.04
2026-06-08 03:00:00,71.46,414.18,117.19,0.92,1,15.71,17.74
2026-06-08 03:05:00,73.76,417.59,119.99,0.931,1,24.3,16.01
2026-06-08 03:10:00,69.08,412.29,113.8,0.908,1,21.73,12.1
2026-06-08 03:15:00,72.22,414.99,118.21,0.911,1,20.8,15.64
2026-06-08 03:20:00,74.43,417.09,121.21,0.858,1,7.84,14.95
2026-06-08 03:25:00,81.67,417.49,132.87,0.876,1,5.46,15.72
2026-06-08 03:30:00,79.08,416.15,129.08,0.926,1,7.51,12.57
2026-06-08 03:35:00,79.19,414.02,129.93,0.914,1,19.81,16.63
2026-06-08 03:40:00,82.92,417.24,135.0,0.902,1,13.21,16.67
2026-06-08 03:45:00,78.41,413.33,128.87,0.828,1,7.35,20.09
2026-06-08 03:50:00,81.47,419.38,131.96,0.825,1,19.78,15.86
2026-06-08 03:55:00,79.41,414.79,130.03,0.836,1,8.89,18.65
2026-06-08 04:00:00,81.64,411.15,134.87,0.89,1,16.78,18.75
2026-06-08 04:05:00,77.77,412.01,128.22,0.884,1,19.83,15.11
2026-06-08 04:10:00,68.85,415.11,112.66,0.933,1,17.16,16.11
2026-06-08 04:15:00,80.72,415.35,132.01,0.903,1,24.87,13.96
2026-06-08 04:20:00,88.83,419.92,143.7,0.855,1,13.68,16.23
2026-06-08 04:25:00,86.67,412.4,142.75,0.839,1,11.24,14.92
2026-06-08 04:30:00,87.16,415.1,142.63,0.922,1,9.02,15.78
2026-06-08 04:35:00,88.8,412.35,146.28,0.875,1,15.08,12.11
2026-06-08 04:40:00,83.33,413.77,136.8,0.898,1,22.05,20.26
2026-06-08 04:45:00,84.13,419.21,136.32,0.888,1,23.94,15.64
2026-06-08 04:50:00,80.29,412.16,132.32,0.833,1,24.44,17.49
2026-06-08 04:55:00,82.02,416.47,133.78,0.827,1,15.63,16.11
2026-06-08 05:00:00,86.89,415.98,141.88,0.865,1,17.11,15.87
2026-06-08 05:05:00,90.02,414.94,147.36,0.863,1,16.63,14.08
2026-06-08 05:10:00,83.47,416.3,136.2,0.901,1,14.32,13.63
2026-06-08 05:15:00,82.08,412.1,135.29,0.896,1,8.04,14.63
2026-06-08 05:20:00,84.47,419.14,136.89,0.936,1,6.31,14.42
2026-06-08 05:25:00,87.6,419.81,141.73,0.923,1,13.73,14.2
2026-06-08 05:30:00,77.48,415.12,126.78,0.88,1,8.72,12.8
2026-06-08 05:35:00,73.31,421.06,118.27,0.88,1,22.73,15.4
2026-06-08 05:40:00,82.11,414.0,134.73,0.901,1,20.23,17.82
2026-06-08 05:45:00,78.82,416.0,128.7,0.834,1,17.37,12.36
2026-06-08 05:50:00,82.43,418.58,133.76,0.94,1,5.95,13.1
2026-06-08 05:55:00,84.25,413.85,138.28,0.882,1,17.44,16.53
2026-06-08 06:00:00,82.73,411.55,136.55,0.929,1,17.42,15.39
2026-06-08 06:05:00,92.25,410.97,152.48,0.936,1,13.78,16.45
2026-06-08 06:10:00,86.6,420.15,140.01,0.89,1,18.16,18.63
2026-06-08 06:15:00,86.43,413.68,141.91,0.832,1,22.16,17.09
2026-06-08 06:20:00,87.98,414.54,144.16,0.889,1,20.16,13.09
2026-06-08 06:25:00,79.1,412.22,130.34,0.892,1,14.47,13.11
2026-06-08 06:30:00,89.9,417.37,146.3,0.915,1,10.25,12.86
2026-06-08 06:35:00,84.21,413.05,138.49,0.826,1,14.56,15.47
2026-06-08 06:40:00,87.82,413.77,144.17,0.876,1,23.92,13.94
2026-06-08 06:45:00,78.97,415.75,129.02,0.931,1,21.4,11.22
2026-06-08 06:50:00,76.4,412.34,125.86,0.939,1,5.54,9.28
2026-06-08 06:55:00,88.09,414.55,144.33,0.843,1,20.66,21.47
2026-06-08 07:00:00,85.69,418.51,139.08,0.924,1,8.41,12.69
2026-06-08 07:05:00,79.09,416.07,129.12,0.838,1,16.42,14.33
2026-06-08 07:10:00,79.03,415.33,129.25,0.921,1,21.13,15.42
2026-06-08 07:15:00,88.77,415.54,145.11,0.853,1,16.23,17.06
2026-06-08 07:20:00,76.94,414.03,126.23,0.935,1,13.08,15.94
2026-06-08 07:25:00,90.83,419.99,146.91,0.903,1,11.43,16.8
2026-06-08 07:30:00,77.83,412.97,128.02,0.868,1,11.1,13.52
2026-06-08 07:35:00,85.23,415.53,139.32,0.854,1,21.75,16.94
2026-06-08 07:40:00,80.08,415.29,130.98,0.848,1,21.5,15.97
2026-06-08 07:45:00,84.41,417.52,137.32,0.902,1,21.47,16.38
2026-06-08 07:50:00,78.32,417.76,127.35,0.927,1,10.65,16.11
2026-06-08 07:55:00,79.87,414.92,130.76,0.911,1,20.98,13.98
2026-06-08 08:00:00,80.52,415.73,131.55,0.92,1,5.73,14.32
2026-06-08 08:05:00,74.91,415.82,122.37,0.914,1,9.13,10.88
2026-06-08 08:10:00,83.22,409.32,138.11,0.937,1,15.29,15.18
2026-06-08 08:15:00,76.54,411.03,126.48,0.911,1,13.13,12.96
2026-06-08 08:20:00,77.53,413.49,127.36,0.845,1,7.24,16.75
2026-06-08 08:25:00,73.25,413.6,120.31,0.915,1,5.83,10.1
2026-06-08 08:30:00,64.96,412.0,107.09,0.859,1,17.22,11.46
2026-06-08 08:35:00,76.34,416.87,124.39,0.939,1,11.27,13.09
2026-06-08 08:40:00,88.87,415.01,145.46,0.865,1,5.32,17.81
2026-06-08 08:45:00,80.24,414.46,131.5,0.855,1,13.62,12.18
2026-06-08 08:50:00,75.71,411.86,124.86,0.849,1,11.14,14.19
2026-06-08 08:55:00,73.97,414.89,121.1,0.899,1,16.53,14.32
2026-06-08 09:00:00,74.86,408.43,124.5,0.833,1,23.6,16.79
2026-06-08 09:05:00,76.94,414.59,126.05,0.934,1,11.16,12.43
2026-06-08 09:10:00,67.74,415.16,110.83,0.855,1,24.94,10.42
2026-06-08 09:15:00,78.65,415.6,128.54,0.855,1,6.72,15.59
2026-06-08 09:20:00,76.07,411.09,125.7,0.826,1,6.77,10.81
2026-06-08 09:25:00,75.5,415.56,123.41,0.85,1,19.26,13.35
2026-06-08 09:30:00,73.5,412.4,121.06,0.87,1,19.97,13.68
2026-06-08 09:35:00,70.79,412.97,116.44,0.864,1,13.46,14.84
2026-06-08 09:40:00,73.44,416.79,119.69,0.853,1,10.72,10.19
2026-06-08 09:45:00,72.4,420.04,117.09,0.825,1,20.88,13.39
2026-06-08 09:50:00,67.04,415.13,109.69,0.856,1,24.12,13.33
2026-06-08 09:55:00,65.29,412.96,107.39,0.913,1,24.8,11.0
2026-06-08 10:00:00,68.01,415.47,111.19,0.873,1,17.69,12.3
2026-06-08 10:05:00,74.58,417.35,121.38,0.855,1,19.8,16.47
2026-06-08 10:10:00,59.97,416.55,97.78,0.857,1,21.44,10.69
2026-06-08 10:15:00,58.14,421.86,93.62,0.887,1,20.98,10.67
2026-06-08 10:20:00,65.62,413.21,107.86,0.856,1,24.87,15.1
2026-06-08 10:25:00,64.35,415.63,105.17,0.896,1,21.21,12.14
2026-06-08 10:30:00,64.26,418.87,104.21,0.939,1,18.25,15.57
2026-06-08 10:35:00,63.91,418.72,103.67,0.825,1,12.52,8.34
2026-06-08 10:40:00,60.85,410.12,100.79,0.84,1,16.96,11.17
2026-06-08 10:45:00,68.7,414.99,112.45,0.841,1,22.61,15.29
2026-06-08 10:50:00,52.52,418.71,85.2,0.874,1,11.11,8.35
2026-06-08 10:55:00,55.65,422.23,89.53,0.825,1,5.61,9.76
2026-06-08 11:00:00,58.54,416.76,95.42,0.877,1,11.54,14.03
2026-06-08 11:05:00,50.1,414.08,82.19,0.931,1,24.2,8.44
2026-06-08 11:10:00,56.7,412.48,93.37,0.821,1,20.88,12.36
2026-06-08 11:15:00,65.14,420.55,105.21,0.864,1,8.74,13.89
2026-06-08 11:20:00,56.18,416.82,91.55,0.911,1,5.24,10.55
2026-06-08 11:25:00,56.48,412.88,92.92,0.839,1,18.38,11.18
2026-06-08 11:30:00,48.27,414.49,79.1,0.829,1,16.58,7.15
2026-06-08 11:35:00,50.73,415.78,82.88,0.896,1,6.66,11.15
2026-06-08 11:40:00,51.17,416.36,83.49,0.821,1,24.32,7.53
2026-06-08 11:45:00,50.7,412.75,83.44,0.916,1,17.36,10.9
2026-06-08 11:50:00,57.93,413.46,95.18,0.828,1,18.03,10.13
2026-06-08 11:55:00,53.55,410.87,88.53,0.883,1,22.07,9.83
2026-06-08 12:00:00,44.44,417.6,72.29,0.909,1,11.74,8.12
2026-06-08 12:05:00,50.47,414.15,82.78,0.849,1,16.17,11.05
2026-06-08 12:10:00,50.96,416.17,83.18,0.832,1,16.52,13.61
2026-06-08 12:15:00,53.41,418.56,86.68,0.841,1,24.35,11.09
2026-06-08 12:20:00,54.85,415.55,89.66,0.923,1,7.63,8.59
2026-06-08 12:25:00,41.11,414.72,67.34,0.905,1,20.18,5.08
2026-06-08 12:30:00,41.38,415.48,67.65,0.844,1,16.5,10.95
2026-06-08 12:35:00,38.39,415.16,62.81,0.906,1,21.91,8.41
2026-06-08 12:40:00,42.75,418.12,69.45,0.905,1,21.64,8.24
2026-06-08 12:45:00,45.5,415.78,74.34,0.94,1,5.24,8.59
2026-06-08 12:50:00,47.36,413.64,77.77,0.867,1,10.13,10.8
2026-06-08 12:55:00,41.3,417.62,67.18,0.924,1,8.62,6.92
2026-06-08 13:00:00,39.34,418.08,63.92,0.874,1,14.23,6.25
2026-06-08 13:05:00,40.96,411.65,67.59,0.928,1,23.11,5.5
2026-06-08 13:10:00,35.3,418.83,57.25,0.831,1,5.1,4.12
2026-06-08 13:15:00,49.2,415.91,80.35,0.841,1,14.76,8.8
2026-06-08 13:20:00,29.99,415.71,49.0,0.922,0,0.0,4.0
2026-06-08 13:25:00,38.24,417.52,62.21,0.918,1,23.52,6.88
2026-06-08 13:30:00,46.72,413.58,76.74,0.857,1,18.15,9.92
2026-06-08 13:35:00,35.94,417.39,58.49,0.892,1,21.6,10.15
2026-06-08 13:40:00,34.26,414.06,56.2,0.866,1,11.48,7.62
2026-06-08 13:45:00,32.73,411.31,54.06,0.821,1,10.72,10.99
2026-06-08 13:50:00,32.94,412.51,54.24,0.823,1,5.98,6.38
2026-06-08 13:55:00,40.03,416.42,65.3,0.827,1,15.06,7.6
2026-06-08 14:00:00,21.44,412.64,35.29,0.891,0,0.0,4.0
2026-06-08 14:05:00,39.51,419.03,64.05,0.854,1,12.44,12.34
2026-06-08 14:10:00,24.07,417.97,39.12,0.837,0,0.0,4.0
2026-06-08 14:15:00,29.22,418.33,47.45,0.933,0,0.0,4.0
2026-06-08 14:20:00,27.78,415.31,45.43,0.835,0,0.0,4.87
2026-06-08 14:25:00,32.25,415.64,52.7,0.901,1,23.88,8.15
2026-06-08 14:30:00,20.7,412.02,34.13,0.927,0,0.0,4.0
2026-06-08 14:35:00,30.4,417.49,49.47,0.84,1,5.07,6.92
2026-06-08 14:40:00,37.62,415.95,61.44,0.846,1,8.41,4.98
2026-06-08 14:45:00,20.11,416.42,32.8,0.889,0,0.0,4.0
2026-06-08 14:50:00,27.3,419.22,44.24,0.881,0,0.0,4.0
2026-06-08 14:55:00,22.49,413.49,36.94,0.883,0,0.0,4.0
2026-06-08 15:00:00,27.38,414.68,44.85,0.887,0,0.0,4.0
2026-06-08 15:05:00,24.81,415.82,40.53,0.934,0,0.0,4.0
2026-06-08 15:10:00,20.99,412.66,34.55,0.826,0,0.0,4.0
2026-06-08 15:15:00,26.12,414.53,42.81,0.911,0,0.0,4.0
2026-06-08 15:20:00,32.21,416.23,52.56,0.848,1,7.01,8.33
2026-06-08 15:25:00,21.75,414.19,35.67,0.865,0,0.0,4.0
2026-06-08 15:30:00,25.83,418.27,41.95,0.831,0,0.0,4.0
2026-06-08 15:35:00,15.31,411.22,25.29,0.873,0,0.0,4.0
2026-06-08 15:40:00,16.55,417.81,26.9,0.917,0,0.0,4.4
2026-06-08 15:45:00,23.26,416.65,37.92,0.832,0,0.0,4.0
2026-06-08 15:50:00,27.9,413.58,45.83,0.853,0,0.0,4.0
2026-06-08 15:55:00,21.86,412.69,35.97,0.865,0,0.0,4.0
2026-06-08 16:00:00,18.12,409.8,30.04,0.832,0,0.0,4.0
2026-06-08 16:05:00,19.31,413.01,31.76,0.911,0,0.0,4.0
2026-06-08 16:10:00,12.7,417.62,20.66,0.914,0,0.0,4.0
2026-06-08 16:15:00,21.63,414.86,35.42,0.92,0,0.0,4.0
2026-06-08 16:20:00,22.69,417.91,36.88,0.89,0,0.0,4.0
2026-06-08 16:25:00,15.7,413.45,25.8,0.881,0,0.0,4.0
2026-06-08 16:30:00,15.31,416.77,24.96,0.852,0,0.0,4.0
2026-06-08 16:35:00,18.71,413.21,30.76,0.899,0,0.0,4.0
2026-06-08 16:40:00,14.93,412.59,24.58,0.873,0,0.0,4.0
2026-06-08 16:45:00,16.53,414.73,27.07,0.936,0,0.0,4.0
2026-06-08 16:50:00,27.12,413.34,44.57,0.936,0,0.0,4.0
2026-06-08 16:55:00,15.16,411.14,25.05,0.929,0,0.0,4.0
2026-06-08 17:00:00,14.4,414.54,23.6,0.863,0,0.0,4.0
2026-06-08 17:05:00,12.77,415.27,20.88,0.864,0,0.0,4.0
2026-06-08 17:10:00,19.55,418.17,31.76,0.922,0,0.0,4.0
2026-06-08 17:15:00,14.77,417.34,24.03,0.907,0,0.0,4.0
2026-06-08 17:20:00,12.28,418.05,19.96,0.905,0,0.0,4.0
2026-06-08 17:25:00,22.01,416.8,35.88,0.854,0,0.0,4.0
2026-06-08 17:30:00,22.4,415.83,36.59,0.92,0,0.0,4.0
2026-06-08 17:35:00,12.21,411.93,20.13,0.89,0,0.0,4.0
2026-06-08 17:40:00,10.0,415.37,16.35,0.874,0,0.0,4.0
2026-06-08 17:45:00,20.11,416.49,32.8,0.924,0,0.0,4.0
2026-06-08 17:50:00,11.61,418.64,18.84,0.867,0,0.0,4.0
2026-06-08 17:55:00,18.96,416.72,30.91,0.898,0,0.0,4.0
2026-06-08 18:00:00,10.0,418.1,16.25,0.876,0,0.0,4.0
2026-06-08 18:05:00,19.47,412.42,32.07,0.891,0,0.0,4.0
2026-06-08 18:10:00,10.0,414.18,16.4,0.825,0,0.0,4.0
2026-06-08 18:15:00,18.73,416.07,30.58,0.875,0,0.0,4.0
2026-06-08 18:20:00,15.2,417.9,24.71,0.887,0,0.0,4.0
2026-06-08 18:25:00,10.44,414.64,17.1,0.879,0,0.0,4.0
2026-06-08 18:30:00,13.26,414.79,21.72,0.922,0,0.0,4.0
2026-06-08 18:35:00,18.84,416.72,30.71,0.857,0,0.0,4.0
2026-06-08 18:40:00,16.06,412.19,26.47,0.926,0,0.0,4.0
2026-06-08 18:45:00,18.59,419.02,30.14,0.868,0,0.0,4.0
2026-06-08 18:50:00,25.71,412.8,42.31,0.903,0,0.0,4.0
2026-06-08 18:55:00,10.0,410.2,16.56,0.83,0,0.0,4.0
2026-06-08 19:00:00,24.28,415.03,39.74,0.844,0,0.0,4.0
2026-06-08 19:05:00,16.92,419.25,27.41,0.911,0,0.0,4.0
2026-06-08 19:10:00,12.13,416.47,19.78,0.821,0,0.0,4.0
2026-06-08 19:15:00,10.21,416.88,16.63,0.936,0,0.0,4.0
2026-06-08 19:20:00,16.17,415.1,26.45,0.843,0,0.0,4.0
2026-06-08 19:25:00,21.99,414.62,36.02,0.928,0,0.0,4.0
2026-06-08 19:30:00,17.03,411.14,28.13,0.882,0,0.0,4.0
2026-06-08 19:35:00,25.52,409.35,42.35,0.888,0,0.0,4.0
2026-06-08 19:40:00,11.02,415.49,18.02,0.83,0,0.0,4.0
2026-06-08 19:45:00,18.55,418.28,30.12,0.864,0,0.0,4.0
2026-06-08 19:50:00,12.69,415.86,20.73,0.839,0,0.0,4.0
2026-06-08 19:55:00,21.13,416.56,34.46,0.883,0,0.0,4.0
2026-06-08 20:00:00,24.12,418.96,39.11,0.886,0,0.0,4.0
2026-06-08 20:05:00,17.97,415.82,29.36,0.905,0,0.0,4.0
2026-06-08 20:10:00,10.0,414.69,16.38,0.925,0,0.0,4.0
2026-06-08 20:15:00,21.89,412.95,36.01,0.876,0,0.0,4.0
2026-06-08 20:20:00,23.51,420.06,38.02,0.848,0,0.0,4.0
2026-06-08 20:25:00,23.8,416.32,38.83,0.86,0,0.0,4.0
2026-06-08 20:30:00,28.41,412.64,46.77,0.922,0,0.0,4.0
2026-06-08 20:35:00,17.35,412.07,28.6,0.838,0,0.0,4.0
2026-06-08 20:40:00,26.59,418.13,43.19,0.895,0,0.0,4.0
2026-06-08 20:45:00,29.65,412.41,48.83,0.822,0,0.0,4.0
2026-06-08 20:50:00,15.3,419.63,24.77,0.849,0,0.0,4.0
2026-06-08 20:55:00,26.32,408.11,43.8,0.891,0,0.0,4.0
2026-06-08 21:00:00,22.73,418.56,36.89,0.875,0,0.0,4.0
2026-06-08 21:05:00,25.39,416.22,41.43,0.879,0,0.0,4.0
2026-06-08 21:10:00,28.09,415.3,45.95,0.899,0,0.0,4.0
2026-06-08 21:15:00,24.49,414.56,40.12,0.848,0,0.0,4.0
2026-06-08 21:20:00,24.12,419.73,39.04,0.854,0,0.0,4.0
2026-06-08 21:25:00,28.26,416.77,46.06,0.902,0,0.0,4.0
2026-06-08 21:30:00,23.26,412.74,38.27,0.885,0,0.0,4.0
2026-06-08 21:35:00,23.88,410.7,39.49,0.822,0,0.0,4.0
2026-06-08 21:40:00,33.32,415.44,54.48,0.9,1,9.6,8.0
2026-06-08 21:45:00,24.81,415.0,40.61,0.894,0,0.0,4.0
2026-06-08 21:50:00,34.53,411.2,57.03,0.829,1,20.4,8.95
2026-06-08 21:55:00,34.16,414.86,55.92,0.91,1,17.71,4.0
2026-06-08 22:00:00,23.87,413.57,39.21,0.883,0,0.0,4.0
2026-06-08 22:05:00,29.78,415.02,48.74,0.845,0,0.0,4.0
2026-06-08 22:10:00,39.81,416.81,64.87,0.887,1,14.41,8.3
2026-06-08 22:15:00,29.61,418.73,48.04,0.891,0,0.0,4.0
2026-06-08 22:20:00,32.89,417.27,53.53,0.93,1,14.04,7.07
2026-06-08 22:25:00,38.21,413.2,62.82,0.909,1,8.22,8.46
2026-06-08 22:30:00,40.52,415.92,66.18,0.856,1,14.99,8.02
2026-06-08 22:35:00,36.06,415.16,58.99,0.834,1,6.02,7.19
2026-06-08 22:40:00,35.04,411.67,57.82,0.922,1,23.97,5.17
2026-06-08 22:45:00,45.86,416.0,74.88,0.922,1,9.93,5.01
2026-06-08 22:50:00,48.17,419.64,77.97,0.841,1,14.34,6.81
2026-06-08 22:55:00,45.1,415.08,73.8,0.827,1,5.66,4.5
2026-06-08 23:00:00,41.37,411.01,68.37,0.905,1,8.85,8.41
2026-06-08 23:05:00,37.64,415.08,61.6,0.907,1,18.86,9.89
2026-06-08 23:10:00,38.27,411.97,63.1,0.841,1,7.24,5.06
2026-06-08 23:15:00,45.78,417.16,74.55,0.9,1,17.56,11.45
2026-06-08 23:20:00,46.01,416.31,75.08,0.853,1,5.04,9.58
2026-06-08 23:25:00,51.68,414.57,84.68,0.851,1,14.3,8.74
2026-06-08 23:30:00,48.68,414.17,79.84,0.859,1,19.43,8.93
2026-06-08 23:35:00,38.67,414.47,63.38,0.882,1,23.53,10.71
2026-06-08 23:40:00,52.21,415.02,85.45,0.917,1,14.86,4.77
2026-06-08 23:45:00,42.72,413.07,70.25,0.88,1,21.81,11.35
2026-06-08 23:50:00,46.55,411.53,76.84,0.856,1,21.05,11.5
2026-06-08 23:55:00,50.49,417.85,82.07,0.926,1,10.92,8.27
2026-06-09 00:00:00,59.98,414.04,98.4,0.827,1,22.49,11.71
2026-06-09 00:05:00,66.31,415.42,108.43,0.916,1,17.81,16.58
2026-06-09 00:10:00,54.56,415.71,89.15,0.914,1,7.08,7.15
2026-06-09 00:15:00,51.37,415.81,83.92,0.85,1,23.78,10.02
2026-06-09 00:20:00,55.72,412.07,91.85,0.844,1,8.53,11.95
2026-06-09 00:25:00,58.25,410.81,96.31,0.925,1,14.41,11.69
2026-06-09 00:30:00,52.97,413.53,87.0,0.887,1,14.33,10.37
2026-06-09 00:35:00,64.3,415.99,104.99,0.826,1,17.5,16.65
2026-06-09 00:40:00,57.23,413.18,94.08,0.927,1,18.3,8.66
2026-06-09 00:45:00,59.32,414.11,97.3,0.862,1,9.66,8.7
2026-06-09 00:50:00,60.91,420.32,98.43,0.861,1,12.05,5.76
2026-06-09 00:55:00,60.43,410.39,100.02,0.897,1,7.89,8.78
2026-06-09 01:00:00,63.25,413.11,104.0,0.899,1,7.52,10.23
2026-06-09 01:05:00,56.71,419.74,91.77,0.862,1,21.5,12.02
2026-06-09 01:10:00,57.73,414.89,94.52,0.837,1,20.01,13.61
2026-06-09 01:15:00,55.75,413.24,91.64,0.886,1,13.85,8.5
2026-06-09 01:20:00,64.17,417.92,104.29,0.895,1,6.92,11.57
2026-06-09 01:25:00,66.58,415.14,108.94,0.923,1,14.0,15.91
2026-06-09 01:30:00,65.68,414.13,107.73,0.878,1,10.89,11.93
2026-06-09 01:35:00,72.47,415.48,118.48,0.897,1,20.56,15.27
2026-06-09 01:40:00,64.76,413.35,106.42,0.827,1,6.93,14.59
2026-06-09 01:45:00,68.82,412.46,113.34,0.927,1,14.03,10.94
2026-06-09 01:50:00,60.7,414.72,99.42,0.859,1,16.83,9.15
2026-06-09 01:55:00,64.9,412.47,106.88,0.896,1,24.71,16.66
2026-06-09 02:00:00,70.98,415.03,116.17,0.93,1,6.79,14.45
2026-06-09 02:05:00,72.4,415.89,118.25,0.917,1,7.28,10.33
2026-06-09 02:10:00,67.34,417.13,109.65,0.897,1,24.76,10.92
2026-06-09 02:15:00,69.09,417.82,112.32,0.904,1,13.11,12.63
2026-06-09 02:20:00,62.49,413.99,102.52,0.931,1,19.87,15.46
2026-06-09 02:25:00,68.91,416.25,112.45,0.917,1,20.67,15.71
2026-06-09 02:30:00,75.76,416.23,123.63,0.893,1,11.29,16.67
2026-06-09 02:35:00,74.78,415.82,122.16,0.899,1,9.29,12.92
2026-06-09 02:40:00,75.0,413.8,123.11,0.838,1,10.52,14.01
2026-06-09 02:45:00,73.33,412.43,120.76,0.876,1,20.29,12.37
2026-06-09 02:50:00,73.68,416.26,120.23,0.856,1,21.81,13.39
2026-06-09 02:55:00,70.9,410.73,117.25,0.872,1,18.99,11.12
2026-06-09 03:00:00,78.24,414.33,128.27,0.899,1,13.82,12.76
2026-06-09 03:05:00,77.39,408.62,128.64,0.838,1,10.25,12.76
2026-06-09 03:10:00,78.26,411.66,129.14,0.822,1,13.5,14.43
2026-06-09 03:15:00,73.68,412.81,121.24,0.868,1,23.29,15.4
2026-06-09 03:20:00,66.04,417.74,107.39,0.859,1,22.26,16.85
2026-06-09 03:25:00,82.78,416.72,134.93,0.87,1,11.47,14.63
2026-06-09 03:30:00,75.37,413.62,123.78,0.932,1,11.56,15.5
2026-06-09 03:35:00,73.91,416.82,120.45,0.905,1,20.6,13.92
2026-06-09 03:40:00,82.14,417.22,133.72,0.859,1,13.53,17.69
2026-06-09 03:45:00,77.14,414.6,126.38,0.842,1,16.45,11.81
2026-06-09 03:50:00,84.82,411.54,139.99,0.894,1,13.45,14.7
2026-06-09 03:55:00,83.01,414.48,136.03,0.899,1,9.85,16.96
2026-06-09 04:00:00,83.73,414.76,137.12,0.878,1,8.78,16.85
2026-06-09 04:05:00,73.86,411.92,121.79,0.846,1,7.79,15.07
2026-06-09 04:10:00,87.11,415.92,142.26,0.823,1,5.23,19.2
2026-06-09 04:15:00,82.7,415.7,135.13,0.852,1,10.61,11.41
2026-06-09 04:20:00,79.87,416.11,130.39,0.875,1,8.43,11.9
2026-06-09 04:25:00,82.75,415.7,135.22,0.915,1,10.16,16.7
2026-06-09 04:30:00,73.45,416.82,119.7,0.922,1,6.52,15.43
2026-06-09 04:35:00,84.66,414.55,138.72,0.87,1,11.83,17.34
2026-06-09 04:40:00,77.74,415.5,127.09,0.916,1,15.4,21.02
2026-06-09 04:45:00,76.38,414.01,125.31,0.939,1,23.89,12.83
2026-06-09 04:50:00,75.77,413.54,124.45,0.906,1,11.94,15.09
2026-06-09 04:55:00,89.17,418.35,144.77,0.907,1,5.62,16.17
2026-06-09 05:00:00,80.66,409.89,133.67,0.929,1,12.25,16.57
2026-06-09 05:05:00,91.67,417.19,149.25,0.861,1,21.34,18.44
2026-06-09 05:10:00,81.49,413.45,133.88,0.821,1,11.8,14.06
2026-06-09 05:15:00,75.79,413.12,124.61,0.938,1,10.83,15.08
2026-06-09 05:20:00,78.89,415.65,128.91,0.879,1,23.38,15.56
2026-06-09 05:25:00,90.77,411.28,149.92,0.914,1,10.94,17.18
2026-06-09 05:30:00,83.92,412.96,138.04,0.917,1,24.41,18.95
2026-06-09 05:35:00,82.05,412.88,134.99,0.868,1,21.65,21.58
2026-06-09 05:40:00,85.67,414.45,140.4,0.885,1,18.68,11.93
2026-06-09 05:45:00,87.43,412.99,143.81,0.885,1,16.97,19.56
2026-06-09 05:50:00,90.55,419.0,146.8,0.846,1,9.5,18.26
2026-06-09 05:55:00,92.23,419.49,149.35,0.834,1,19.61,15.87
2026-06-09 06:00:00,83.2,409.95,137.86,0.885,1,11.94,14.74
2026-06-09 06:05:00,78.36,416.36,127.84,0.834,1,14.71,16.88
2026-06-09 06:10:00,82.9,417.15,134.99,0.862,1,7.08,15.39
2026-06-09 06:15:00,86.23,416.36,140.67,0.842,1,10.92,15.95
2026-06-09 06:20:00,80.05,413.35,131.54,0.905,1,15.58,13.6
2026-06-09 06:25:00,80.01,414.39,131.14,0.925,1,14.36,13.37
2026-06-09 06:30:00,86.42,413.13,142.09,0.889,1,11.87,13.92
2026-06-09 06:35:00,84.35,413.95,138.41,0.869,1,14.44,14.73
2026-06-09 06:40:00,84.63,411.98,139.54,0.94,1,19.9,15.93
2026-06-09 06:45:00,80.54,414.71,131.91,0.823,1,14.19,16.02
2026-06-09 06:50:00,83.02,411.24,137.12,0.857,1,15.12,13.8
2026-06-09 06:55:00,79.38,414.5,130.08,0.853,1,19.02,16.98
2026-06-09 07:00:00,88.26,411.88,145.55,0.863,1,21.83,14.88
2026-06-09 07:05:00,88.78,415.52,145.13,0.848,1,15.54,18.53
2026-06-09 07:10:00,74.15,413.3,121.86,0.852,1,23.96,12.54
2026-06-09 07:15:00,78.5,415.73,128.25,0.851,1,12.07,19.39
2026-06-09 07:20:00,75.41,417.7,122.62,0.881,1,10.05,15.57
2026-06-09 07:25:00,79.37,418.97,128.68,0.867,1,18.86,17.17
2026-06-09 07:30:00,81.92,408.68,136.15,0.897,1,8.51,14.77
2026-06-09 07:35:00,74.79,412.91,123.03,0.882,1,23.0,16.01
2026-06-09 07:40:00,77.11,414.24,126.44,0.842,1,12.73,11.62
2026-06-09 07:45:00,76.37,416.15,124.65,0.917,1,18.96,12.44
2026-06-09 07:50:00,82.08,410.87,135.7,0.877,1,16.4,14.88
2026-06-09 07:55:00,81.03,412.54,133.42,0.838,1,6.09,18.4
2026-06-09 08:00:00,76.7,415.33,125.44,0.84,1,19.18,17.09
2026-06-09 08:05:00,80.81,415.21,132.19,0.916,1,20.8,10.42
2026-06-09 08:10:00,76.79,415.94,125.39,0.904,1,24.65,12.78
2026-06-09 08:15:00,77.74,416.11,126.91,0.881,1,13.32,14.46
2026-06-09 08:20:00,87.04,415.85,142.17,0.857,1,15.06,19.32
2026-06-09 08:25:00,84.93,415.48,138.84,0.875,1,22.5,16.98
2026-06-09 08:30:00,71.27,415.14,116.61,0.896,1,10.38,7.49
2026-06-09 08:35:00,81.44,416.66,132.77,0.926,1,8.78,12.39
2026-06-09 08:40:00,80.87,409.4,134.17,0.887,1,7.66,16.6
2026-06-09 08:45:00,70.57,418.86,114.45,0.853,1,24.57,14.4
2026-06-09 08:50:00,79.9,409.49,132.53,0.825,1,10.41,15.21
2026-06-09 08:55:00,82.97,412.3,136.69,0.841,1,20.15,18.51
2026-06-09 09:00:00,69.14,414.43,113.31,0.898,1,13.99,12.34
2026-06-09 09:05:00,69.62,416.68,113.48,0.839,1,9.81,14.64
2026-06-09 09:10:00,78.73,407.51,131.24,0.878,1,23.27,19.13
2026-06-09 09:15:00,74.43,414.93,121.85,0.904,1,14.28,14.63
2026-06-09 09:20:00,75.25,416.98,122.59,0.857,1,16.32,12.3
2026-06-09 09:25:00,73.61,417.49,119.76,0.9,1,9.45,12.74
2026-06-09 09:30:00,73.26,413.26,120.42,0.89,1,11.48,11.67
2026-06-09 09:35:00,64.06,414.25,105.05,0.873,1,19.95,7.35
2026-06-09 09:40:00,75.31,413.46,123.73,0.928,1,11.86,12.32
2026-06-09 09:45:00,75.29,414.02,123.53,0.903,1,15.12,15.78
2026-06-09 09:50:00,67.66,412.42,111.43,0.863,1,7.29,12.56
2026-06-09 09:55:00,67.94,412.78,111.8,0.917,1,22.0,16.47
2026-06-09 10:00:00,59.84,416.09,97.7,0.909,1,19.75,12.09
2026-06-09 10:05:00,69.41,415.33,113.51,0.915,1,20.21,15.54
2026-06-09 10:10:00,69.02,416.23,112.64,0.897,1,8.56,8.79
2026-06-09 10:15:00,65.17,415.54,106.53,0.866,1,14.9,11.46
2026-06-09 10:20:00,70.41,416.76,114.76,0.862,1,5.55,12.33
2026-06-09 10:25:00,62.43,417.2,101.64,0.898,1,11.3,9.89
2026-06-09 10:30:00,66.22,410.65,109.53,0.836,1,11.96,16.04
2026-06-09 10:35:00,57.59,412.86,94.74,0.918,1,23.27,7.07
2026-06-09 10:40:00,61.85,414.42,101.38,0.864,1,24.86,12.11
2026-06-09 10:45:00,60.38,414.94,98.84,0.896,1,17.35,14.35
2026-06-09 10:50:00,61.65,413.32,101.32,0.88,1,15.34,13.63
2026-06-09 10:55:00,57.95,417.28,94.33,0.882,1,13.8,10.24
2026-06-09 11:00:00,58.4,419.95,94.46,0.909,1,5.37,8.7
2026-06-09 11:05:00,62.45,415.47,102.1,0.895,1,21.0,14.81
2026-06-09 11:10:00,55.39,415.21,90.62,0.85,1,18.44,9.69
2026-06-09 11:15:00,48.8,417.12,79.46,0.829,1,17.99,7.76
2026-06-09 11:20:00,64.83,410.34,107.31,0.921,1,21.18,15.04
2026-06-09 11:25:00,62.23,415.07,101.84,0.926,1,23.56,13.09
2026-06-09 11:30:00,48.11,417.45,78.28,0.84,1,12.79,8.49
2026-06-09 11:35:00,57.26,413.39,94.08,0.857,1,13.53,11.73
2026-06-09 11:40:00,50.54,411.93,83.33,0.854,1,24.5,11.35
2026-06-09 11:45:00,53.61,414.54,87.84,0.932,1,18.29,10.44
2026-06-09 11:50:00,53.0,414.85,86.78,0.845,1,22.03,11.0
2026-06-09 11:55:00,49.59,412.73,81.62,0.84,1,9.43,4.4
2026-06-09 12:00:00,46.08,420.24,74.48,0.842,1,11.34,8.62
2026-06-09 12:05:00,45.78,413.8,75.15,0.908,1,12.83,7.41
2026-06-09 12:10:00,43.89,412.12,72.34,0.927,1,11.34,6.62
2026-06-09 12:15:00,43.55,414.77,71.32,0.867,1,22.68,7.39
2026-06-09 12:20:00,46.61,417.27,75.88,0.836,1,15.23,8.0
2026-06-09 12:25:00,42.61,415.04,69.74,0.89,1,24.07,8.19
2026-06-09 12:30:00,48.84,416.21,79.71,0.845,1,11.43,9.75
2026-06-09 12:35:00,52.11,412.82,85.74,0.828,1,5.74,7.97
2026-06-09 12:40:00,41.02,418.72,66.55,0.926,1,7.76,8.97
2026-06-09 12:45:00,44.37,416.4,72.38,0.925,1,9.34,10.15
2026-06-09 12:50:00,44.92,417.62,73.07,0.937,1,17.8,10.65
2026-06-09 12:55:00,44.04,415.91,71.93,0.877,1,8.62,10.52
2026-06-09 13:00:00,41.32,417.06,67.3,0.855,1,12.63,6.76
2026-06-09 13:05:00,43.92,412.82,72.27,0.912,1,20.91,8.33
2026-06-09 13:10:00,41.89,413.77,68.76,0.842,1,7.5,8.48
2026-06-09 13:15:00,32.56,418.37,52.87,0.849,1,6.61,5.21
2026-06-09 13:20:00,42.38,418.9,68.71,0.851,1,15.8,5.74
2026-06-09 13:25:00,41.75,412.13,68.81,0.934,1,18.96,7.3
2026-06-09 13:30:00,32.79,415.62,53.59,0.908,1,23.22,10.84
2026-06-09 13:35:00,36.09,413.92,59.23,0.836,1,18.24,5.69
2026-06-09 13:40:00,38.63,413.26,63.49,0.831,1,23.92,6.32
2026-06-09 13:45:00,33.47,415.71,54.69,0.921,1,9.89,5.26
2026-06-09 13:50:00,39.2,417.85,63.73,0.916,1,11.84,8.93
2026-06-09 13:55:00,44.98,416.13,73.43,0.901,1,21.79,9.99
2026-06-09 14:00:00,28.57,414.2,46.85,0.844,0,0.0,4.0
2026-06-09 14:05:00,24.94,416.29,40.69,0.878,0,0.0,5.85
2026-06-09 14:10:00,32.71,414.1,53.66,0.892,1,15.12,8.54
2026-06-09 14:15:00,34.16,416.03,55.78,0.932,1,5.35,8.49
2026-06-09 14:20:00,28.77,418.49,46.7,0.84,0,0.0,6.61
2026-06-09 14:25:00,36.57,409.81,60.62,0.882,1,8.17,8.12
2026-06-09 14:30:00,22.0,416.99,35.84,0.839,0,0.0,4.0
2026-06-09 14:35:00,31.56,411.15,52.14,0.873,1,20.52,6.01
2026-06-09 14:40:00,24.47,418.07,39.76,0.844,0,0.0,4.0
2026-06-09 14:45:00,35.52,413.41,58.36,0.92,1,12.15,4.11
2026-06-09 14:50:00,36.32,411.96,59.88,0.851,1,24.55,4.0
2026-06-09 14:55:00,21.96,416.74,35.8,0.87,0,0.0,4.0
2026-06-09 15:00:00,22.5,415.91,36.75,0.869,0,0.0,4.0
2026-06-09 15:05:00,29.02,412.5,47.78,0.924,0,0.0,4.0
2026-06-09 15:10:00,22.26,411.87,36.71,0.911,0,0.0,4.0
2026-06-09 15:15:00,23.46,414.53,38.44,0.827,0,0.0,4.0
2026-06-09 15:20:00,23.32,411.99,38.44,0.828,0,0.0,4.0
2026-06-09 15:25:00,13.11,412.35,21.59,0.886,0,0.0,4.0
2026-06-09 15:30:00,22.16,415.29,36.25,0.871,0,0.0,4.0
2026-06-09 15:35:00,18.33,412.59,30.17,0.853,0,0.0,4.0
2026-06-09 15:40:00,18.86,416.07,30.8,0.915,0,0.0,4.0
2026-06-09 15:45:00,28.12,418.73,45.61,0.835,0,0.0,4.0
2026-06-09 15:50:00,14.2,414.63,23.26,0.937,0,0.0,4.0
2026-06-09 15:55:00,24.14,415.33,39.49,0.823,0,0.0,4.0
2026-06-09 16:00:00,18.29,420.05,29.58,0.834,0,0.0,4.0
2026-06-09 16:05:00,17.92,412.03,29.54,0.857,0,0.0,4.0
2026-06-09 16:10:00,22.91,417.98,37.23,0.881,0,0.0,4.0
2026-06-09 16:15:00,20.31,417.68,33.03,0.846,0,0.0,4.0
2026-06-09 16:20:00,21.13,417.14,34.41,0.908,0,0.0,4.0
2026-06-09 16:25:00,22.81,418.23,37.04,0.863,0,0.0,4.0
2026-06-09 16:30:00,16.01,415.7,26.16,0.825,0,0.0,4.0
2026-06-09 16:35:00,14.32,413.54,23.52,0.925,0,0.0,5.12
2026-06-09 16:40:00,11.69,417.74,19.0,0.933,0,0.0,4.0
2026-06-09 16:45:00,12.73,417.83,20.7,0.894,0,0.0,4.0
2026-06-09 16:50:00,31.37,417.76,51.0,0.917,1,11.92,6.02
2026-06-09 16:55:00,22.62,415.11,37.02,0.835,0,0.0,4.0
2026-06-09 17:00:00,10.0,413.21,16.44,0.852,0,0.0,4.0
2026-06-09 17:05:00,10.0,415.48,16.35,0.859,0,0.0,4.0
2026-06-09 17:10:00,18.24,417.36,29.68,0.935,0,0.0,5.11
2026-06-09 17:15:00,18.41,417.56,29.95,0.881,0,0.0,4.0
2026-06-09 17:20:00,18.28,413.93,29.99,0.821,0,0.0,4.0
2026-06-09 17:25:00,14.13,415.79,23.09,0.866,0,0.0,4.0
2026-06-09 17:30:00,14.67,411.73,24.21,0.821,0,0.0,4.0
2026-06-09 17:35:00,16.85,417.46,27.41,0.849,0,0.0,4.0
2026-06-09 17:40:00,15.56,413.04,25.59,0.875,0,0.0,4.0
2026-06-09 17:45:00,10.0,416.96,16.29,0.859,0,0.0,4.0
2026-06-09 17:50:00,13.88,412.13,22.88,0.824,0,0.0,4.0
2026-06-09 17:55:00,10.75,417.58,17.49,0.834,0,0.0,4.0
2026-06-09 18:00:00,15.88,415.8,25.94,0.886,0,0.0,4.0
2026-06-09 18:05:00,29.93,413.05,49.23,0.903,0,0.0,4.0
2026-06-09 18:10:00,16.87,416.73,27.5,0.869,0,0.0,5.73
2026-06-09 18:15:00,13.51,413.52,22.19,0.908,0,0.0,4.0
2026-06-09 18:20:00,19.74,416.87,32.17,0.84,0,0.0,4.0
2026-06-09 18:25:00,17.62,414.31,28.89,0.835,0,0.0,4.0
2026-06-09 18:30:00,17.4,410.7,28.78,0.921,0,0.0,4.0
2026-06-09 18:35:00,18.44,412.54,30.36,0.861,0,0.0,4.0
2026-06-09 18:40:00,25.81,413.92,42.36,0.872,0,0.0,4.0
2026-06-09 18:45:00,10.02,418.42,16.26,0.934,0,0.0,4.0
2026-06-09 18:50:00,18.2,417.25,29.62,0.871,0,0.0,4.0
2026-06-09 18:55:00,11.37,419.06,18.43,0.82,0,0.0,4.0
2026-06-09 19:00:00,18.97,419.13,30.74,0.933,0,0.0,4.0
2026-06-09 19:05:00,11.8,413.66,19.38,0.822,0,0.0,4.0
2026-06-09 19:10:00,14.53,414.53,23.81,0.899,0,0.0,4.0
2026-06-09 19:15:00,15.38,413.97,25.24,0.859,0,0.0,4.0
2026-06-09 19:20:00,21.99,413.32,36.14,0.876,0,0.0,4.0
2026-06-09 19:25:00,21.97,410.4,36.37,0.886,0,0.0,4.0
2026-06-09 19:30:00,11.44,414.96,18.72,0.869,0,0.0,4.0
2026-06-09 19:35:00,18.24,411.79,30.09,0.913,0,0.0,4.0
2026-06-09 19:40:00,14.73,414.91,24.12,0.932,0,0.0,4.0
2026-06-09 19:45:00,12.32,420.29,19.91,0.83,0,0.0,4.0
2026-06-09 19:50:00,17.87,413.73,29.34,0.916,0,0.0,4.0
2026-06-09 19:55:00,17.77,415.49,29.05,0.835,0,0.0,4.0
2026-06-09 20:00:00,31.82,417.27,51.8,0.83,1,22.36,13.45
2026-06-09 20:05:00,22.24,415.7,36.34,0.935,0,0.0,4.0
2026-06-09 20:10:00,13.59,415.73,22.21,0.879,0,0.0,4.0
2026-06-09 20:15:00,18.07,414.09,29.65,0.838,0,0.0,4.0
2026-06-09 20:20:00,26.44,414.42,43.33,0.888,0,0.0,4.0
2026-06-09 20:25:00,32.22,412.6,53.04,0.852,1,22.29,7.69
2026-06-09 20:30:00,14.3,417.12,23.29,0.876,0,0.0,4.0
2026-06-09 20:35:00,13.3,410.65,22.01,0.895,0,0.0,4.0
2026-06-09 20:40:00,32.54,417.43,52.96,0.924,1,23.56,6.18
2026-06-09 20:45:00,25.63,411.49,42.31,0.82,0,0.0,4.0
2026-06-09 20:50:00,19.85,417.41,32.31,0.846,0,0.0,4.0
2026-06-09 20:55:00,27.39,414.12,44.93,0.832,0,0.0,4.0
2026-06-09 21:00:00,12.07,411.92,19.91,0.832,0,0.0,4.0
2026-06-09 21:05:00,25.81,416.45,42.1,0.933,0,0.0,4.0
2026-06-09 21:10:00,27.99,417.32,45.56,0.932,0,0.0,4.0
2026-06-09 21:15:00,31.54,413.9,51.77,0.91,1,7.34,4.0
2026-06-09 21:20:00,22.43,416.8,36.56,0.897,0,0.0,4.0
2026-06-09 21:25:00,28.52,409.29,47.33,0.922,0,0.0,4.0
2026-06-09 21:30:00,24.07,411.7,39.71,0.827,0,0.0,4.0
2026-06-09 21:35:00,30.58,418.23,49.67,0.834,1,14.39,7.4
2026-06-09 21:40:00,25.45,414.44,41.71,0.858,0,0.0,4.0
2026-06-09 21:45:00,28.51,410.34,47.2,0.92,0,0.0,4.0
2026-06-09 21:50:00,26.22,413.25,43.09,0.877,0,0.0,4.0
2026-06-09 21:55:00,35.1,412.69,57.77,0.88,1,16.83,6.47
2026-06-09 22:00:00,36.79,414.59,60.28,0.848,1,9.29,8.81
2026-06-09 22:05:00,31.99,414.07,52.48,0.898,1,8.04,8.15
2026-06-09 22:10:00,34.03,415.45,55.64,0.927,1,17.15,5.2
2026-06-09 22:15:00,27.28,414.83,44.66,0.86,0,0.0,4.95
2026-06-09 22:20:00,33.71,418.4,54.73,0.894,1,19.13,6.72
2026-06-09 22:25:00,35.65,416.06,58.21,0.86,1,7.29,6.98
2026-06-09 22:30:00,49.71,416.14,81.14,0.915,1,11.79,11.8
2026-06-09 22:35:00,31.75,417.91,51.61,0.877,1,20.46,10.32
2026-06-09 22:40:00,45.35,414.03,74.4,0.861,1,21.62,9.39
2026-06-09 22:45:00,43.73,411.85,72.13,0.87,1,11.9,11.18
2026-06-09 22:50:00,40.88,418.02,66.43,0.831,1,9.13,6.76
2026-06-09 22:55:00,49.0,415.34,80.13,0.924,1,24.16,13.88
2026-06-09 23:00:00,42.8,415.35,70.0,0.935,1,20.22,8.8
2026-06-09 23:05:00,43.63,413.42,71.68,0.877,1,21.14,9.64
2026-06-09 23:10:00,42.16,413.46,69.26,0.847,1,9.46,7.26
2026-06-09 23:15:00,49.29,417.12,80.27,0.9,1,13.49,10.05
2026-06-09 23:20:00,49.4,417.46,80.39,0.874,1,6.36,7.52
2026-06-09 23:25:00,41.55,416.96,67.68,0.85,1,7.19,7.69
2026-06-09 23:30:00,38.84,416.98,63.26,0.825,1,9.42,7.5
2026-06-09 23:35:00,45.17,416.42,73.69,0.927,1,11.06,6.25
2026-06-09 23:40:00,42.95,415.33,70.24,0.916,1,24.94,7.66
2026-06-09 23:45:00,47.39,414.56,77.65,0.919,1,13.44,4.35
2026-06-09 23:50:00,54.66,418.03,88.82,0.873,1,18.96,7.92
2026-06-09 23:55:00,46.95,414.07,77.02,0.91,1,23.09,9.57
2026-06-10 00:00:00,49.79,415.92,81.31,0.89,1,9.92,11.67
2026-06-10 00:05:00,51.05,412.99,83.97,0.865,1,7.89,8.76
2026-06-10 00:10:00,55.77,413.35,91.64,0.921,1,9.87,10.46
2026-06-10 00:15:00,41.05,414.41,67.29,0.94,1,22.65,11.21
2026-06-10 00:20:00,50.02,412.99,82.26,0.928,1,18.31,11.84
2026-06-10 00:25:00,54.87,416.99,89.37,0.913,1,14.03,12.47
2026-06-10 00:30:00,60.57,411.63,99.95,0.91,1,21.41,12.25
2026-06-10 00:35:00,52.86,415.25,86.48,0.898,1,9.73,8.87
2026-06-10 00:40:00,46.69,415.33,76.37,0.922,1,9.78,9.81
2026-06-10 00:45:00,59.93,410.47,99.17,0.879,1,16.34,14.57
2026-06-10 00:50:00,54.4,413.9,89.27,0.842,1,20.8,15.01
2026-06-10 00:55:00,52.37,415.64,85.59,0.912,1,10.19,15.49
2026-06-10 01:00:00,55.94,416.07,91.32,0.93,1,9.2,14.06
2026-06-10 01:05:00,58.87,414.49,96.48,0.861,1,14.48,11.42
2026-06-10 01:10:00,57.5,416.69,93.73,0.914,1,7.68,7.96
2026-06-10 01:15:00,50.22,414.73,82.26,0.853,1,19.96,11.43
2026-06-10 01:20:00,66.46,415.03,108.76,0.933,1,16.55,15.32
2026-06-10 01:25:00,69.06,415.63,112.86,0.902,1,15.25,7.3
2026-06-10 01:30:00,66.65,417.32,108.49,0.888,1,22.45,9.7
2026-06-10 01:35:00,58.41,413.31,95.99,0.914,1,19.65,10.44
2026-06-10 01:40:00,63.78,413.78,104.71,0.918,1,7.99,10.1
2026-06-10 01:45:00,65.45,413.33,107.56,0.927,1,13.41,8.73
2026-06-10 01:50:00,69.16,414.17,113.42,0.928,1,11.43,13.9
2026-06-10 01:55:00,70.18,418.57,113.88,0.826,1,21.04,16.55
2026-06-10 02:00:00,63.83,416.43,104.11,0.835,1,19.38,12.02
2026-06-10 02:05:00,68.57,412.17,113.0,0.919,1,14.44,9.23
2026-06-10 02:10:00,71.09,413.5,116.78,0.934,1,21.47,14.35
2026-06-10 02:15:00,76.72,415.93,125.3,0.857,1,13.2,11.91
2026-06-10 02:20:00,73.6,412.73,121.12,0.821,1,21.07,11.97
2026-06-10 02:25:00,74.64,413.19,122.71,0.859,1,5.64,15.93
2026-06-10 02:30:00,71.73,418.36,116.45,0.866,1,7.69,16.07
2026-06-10 02:35:00,78.96,413.47,129.72,0.911,1,20.12,14.55
2026-06-10 02:40:00,74.55,417.39,121.32,0.826,1,7.29,15.47
2026-06-10 02:45:00,68.77,418.14,111.72,0.846,1,18.68,10.83
2026-06-10 02:50:00,80.66,413.17,132.61,0.927,1,19.47,16.72
2026-06-10 02:55:00,77.69,412.78,127.85,0.839,1,18.24,14.01
2026-06-10 03:00:00,72.53,414.31,118.92,0.911,1,21.36,11.06
2026-06-10 03:05:00,72.89,412.28,120.08,0.863,1,15.23,11.79
2026-06-10 03:10:00,77.29,415.3,126.41,0.9,1,22.94,16.01
2026-06-10 03:15:00,78.63,414.49,128.86,0.829,1,16.39,11.55
2026-06-10 03:20:00,77.8,415.9,127.06,0.854,1,15.16,14.11
2026-06-10 03:25:00,78.85,418.49,127.99,0.871,1,15.19,17.42
2026-06-10 03:30:00,86.27,417.04,140.51,0.923,1,23.24,15.55
2026-06-10 03:35:00,83.58,416.22,136.4,0.888,1,9.87,11.98
2026-06-10 03:40:00,79.62,410.08,131.89,0.825,1,18.9,14.64
2026-06-10 03:45:00,83.81,416.11,136.81,0.916,1,9.85,17.14
2026-06-10 03:50:00,74.36,419.31,120.45,0.827,1,6.84,10.73
2026-06-10 03:55:00,81.91,407.47,136.55,0.932,1,24.07,18.69
2026-06-10 04:00:00,89.36,416.72,145.65,0.845,1,7.59,18.23
2026-06-10 04:05:00,79.6,414.6,130.4,0.879,1,18.72,16.07
2026-06-10 04:10:00,76.81,412.88,126.36,0.829,1,13.49,15.83
2026-06-10 04:15:00,78.13,417.0,127.27,0.887,1,21.74,15.44
2026-06-10 04:20:00,76.27,419.27,123.57,0.88,1,20.46,15.52
2026-06-10 04:25:00,78.11,416.94,127.26,0.869,1,7.88,14.62
2026-06-10 04:30:00,80.48,414.07,132.03,0.824,1,14.36,17.24
2026-06-10 04:35:00,75.59,412.64,124.43,0.925,1,5.55,16.87
2026-06-10 04:40:00,82.97,415.36,135.68,0.916,1,13.59,13.72
2026-06-10 04:45:00,87.65,417.18,142.72,0.896,1,19.0,15.11
2026-06-10 04:50:00,78.84,414.03,129.35,0.889,1,9.64,13.77
2026-06-10 04:55:00,91.2,414.27,149.53,0.903,1,21.2,16.07
2026-06-10 05:00:00,86.36,422.06,138.99,0.837,1,6.06,18.47
2026-06-10 05:05:00,89.15,417.7,144.97,0.932,1,5.69,12.87
2026-06-10 05:10:00,80.88,417.88,131.47,0.854,1,5.55,16.09
2026-06-10 05:15:00,88.6,411.35,146.3,0.899,1,10.6,19.68
2026-06-10 05:20:00,79.01,413.23,129.87,0.893,1,14.34,13.6
2026-06-10 05:25:00,89.04,415.19,145.68,0.896,1,7.15,19.79
2026-06-10 05:30:00,85.56,412.5,140.89,0.925,1,24.93,19.32
2026-06-10 05:35:00,87.56,419.0,141.94,0.856,1,24.99,16.2
2026-06-10 05:40:00,78.99,418.53,128.2,0.91,1,15.4,16.88
2026-06-10 05:45:00,80.45,413.67,132.1,0.892,1,16.36,13.39
2026-06-10 05:50:00,87.95,419.46,142.43,0.829,1,23.54,14.46
2026-06-10 05:55:00,80.25,414.99,131.35,0.87,1,20.4,14.39
2026-06-10 06:00:00,87.32,421.47,140.72,0.921,1,8.36,19.25
2026-06-10 06:05:00,78.16,415.36,127.81,0.858,1,20.85,14.05
2026-06-10 06:10:00,89.21,416.44,145.51,0.878,1,9.62,16.63
2026-06-10 06:15:00,78.76,418.5,127.84,0.879,1,13.6,12.54
2026-06-10 06:20:00,87.63,418.19,142.33,0.894,1,15.65,18.56
2026-06-10 06:25:00,87.92,416.28,143.46,0.926,1,19.34,18.71
2026-06-10 06:30:00,81.22,414.65,133.05,0.841,1,8.0,13.39
2026-06-10 06:35:00,87.5,416.29,142.78,0.881,1,6.52,10.72
2026-06-10 06:40:00,85.77,412.96,141.08,0.871,1,22.32,15.72
2026-06-10 06:45:00,81.63,415.38,133.49,0.856,1,21.54,16.79
2026-06-10 06:50:00,79.13,412.23,130.38,0.93,1,15.47,14.99
2026-06-10 06:55:00,74.18,410.55,122.74,0.821,1,18.25,14.45
2026-06-10 07:00:00,85.56,415.13,139.99,0.835,1,19.39,17.18
2026-06-10 07:05:00,75.78,418.16,123.09,0.908,1,14.53,13.19
2026-06-10 07:10:00,83.86,417.31,136.49,0.852,1,10.14,12.7
2026-06-10 07:15:00,81.83,414.8,133.99,0.907,1,14.63,17.17
2026-06-10 07:20:00,86.28,419.37,139.76,0.92,1,24.02,14.69
2026-06-10 07:25:00,81.11,413.58,133.21,0.851,1,21.76,12.91
2026-06-10 07:30:00,80.69,410.21,133.61,0.843,1,14.31,16.39
2026-06-10 07:35:00,85.7,409.54,142.13,0.837,1,9.51,13.35
2026-06-10 07:40:00,83.4,412.05,137.48,0.844,1,22.79,14.26
2026-06-10 07:45:00,82.97,417.04,135.14,0.852,1,17.76,19.47
2026-06-10 07:50:00,83.39,413.41,137.02,0.924,1,13.09,19.33
2026-06-10 07:55:00,73.01,416.15,119.16,0.912,1,7.23,16.25
2026-06-10 08:00:00,84.09,419.12,136.29,0.82,1,20.04,17.89
2026-06-10 08:05:00,82.98,412.25,136.73,0.925,1,11.34,18.18
2026-06-10 08:10:00,74.44,416.2,121.48,0.829,1,17.13,18.79
2026-06-10 08:15:00,77.88,416.35,127.06,0.899,1,16.39,17.37
2026-06-10 08:20:00,78.47,412.85,129.11,0.838,1,18.99,15.66
2026-06-10 08:25:00,77.55,418.39,125.91,0.827,1,15.75,16.76
2026-06-10 08:30:00,79.44,414.28,130.24,0.911,1,17.61,14.1
2026-06-10 08:35:00,84.45,414.04,138.55,0.876,1,6.63,15.87
2026-06-10 08:40:00,82.22,420.28,132.88,0.892,1,18.31,16.16
2026-06-10 08:45:00,69.75,416.31,113.81,0.871,1,8.88,12.68
2026-06-10 08:50:00,78.92,417.31,128.45,0.828,1,12.84,14.12
2026-06-10 08:55:00,81.93,418.39,133.01,0.909,1,15.25,18.48
2026-06-10 09:00:00,76.68,413.37,126.01,0.918,1,18.74,12.54
2026-06-10 09:05:00,79.66,418.12,129.41,0.825,1,19.85,15.67
2026-06-10 09:10:00,83.71,413.75,137.42,0.865,1,19.1,13.04
2026-06-10 09:15:00,78.2,413.64,128.41,0.887,1,6.9,9.78
2026-06-10 09:20:00,73.74,414.32,120.9,0.893,1,12.74,16.67
2026-06-10 09:25:00,77.13,413.44,126.72,0.889,1,10.61,17.38
2026-06-10 09:30:00,72.03,417.06,117.32,0.903,1,12.97,12.49
2026-06-10 09:35:00,70.82,415.67,115.72,0.936,1,17.94,13.76
2026-06-10 09:40:00,68.32,413.77,112.15,0.867,1,8.86,12.07
2026-06-10 09:45:00,77.26,416.69,125.95,0.887,1,15.04,13.99
2026-06-10 09:50:00,64.71,414.31,106.1,0.904,1,22.7,11.66
2026-06-10 09:55:00,75.82,414.18,124.34,0.891,1,19.62,15.69
2026-06-10 10:00:00,70.0,415.12,114.54,0.866,1,19.51,12.69
2026-06-10 10:05:00,59.84,416.16,97.67,0.895,1,21.97,12.83
2026-06-10 10:10:00,68.0,415.97,111.04,0.898,1,12.98,16.74
2026-06-10 10:15:00,54.98,414.09,90.19,0.89,1,20.19,11.81
2026-06-10 10:20:00,67.92,417.12,110.6,0.845,1,6.17,12.82
2026-06-10 10:25:00,68.52,414.44,112.31,0.881,1,6.13,11.32
2026-06-10 10:30:00,60.43,413.36,99.3,0.926,1,11.64,11.43
2026-06-10 10:35:00,63.3,411.33,104.54,0.924,1,8.94,7.98
2026-06-10 10:40:00,71.74,417.46,116.73,0.91,1,15.37,17.24
2026-06-10 10:45:00,58.72,415.03,96.11,0.904,1,8.66,8.79
2026-06-10 10:50:00,55.23,415.53,90.28,0.838,1,24.51,6.74
2026-06-10 10:55:00,67.2,417.61,109.31,0.875,1,22.02,12.96
2026-06-10 11:00:00,68.87,413.81,113.05,0.833,1,24.65,14.45
2026-06-10 11:05:00,58.34,411.56,96.28,0.918,1,21.16,14.62
2026-06-10 11:10:00,62.63,415.17,102.47,0.855,1,24.02,13.04
2026-06-10 11:15:00,63.54,415.77,103.8,0.912,1,12.36,14.19
2026-06-10 11:20:00,52.37,414.34,85.85,0.918,1,14.96,12.32
2026-06-10 11:25:00,52.9,418.68,85.82,0.927,1,9.8,11.93
2026-06-10 11:30:00,60.72,408.78,100.9,0.91,1,17.72,9.2
2026-06-10 11:35:00,62.24,417.8,101.18,0.888,1,20.76,13.42
2026-06-10 11:40:00,55.86,416.98,91.0,0.892,1,14.97,7.6
2026-06-10 11:45:00,47.89,416.14,78.17,0.858,1,10.93,13.77
2026-06-10 11:50:00,61.46,406.66,102.66,0.841,1,15.15,13.43
2026-06-10 11:55:00,48.11,418.21,78.14,0.836,1,6.26,7.53
2026-06-10 12:00:00,48.32,412.43,79.59,0.842,1,19.42,10.54
2026-06-10 12:05:00,50.95,413.73,83.65,0.932,1,14.03,7.54
2026-06-10 12:10:00,56.24,414.57,92.15,0.84,1,22.96,7.68
2026-06-10 12:15:00,51.98,416.02,84.87,0.907,1,23.47,12.56
2026-06-10 12:20:00,49.02,416.6,79.93,0.842,1,7.51,6.93
2026-06-10 12:25:00,48.51,417.23,78.97,0.937,1,24.92,9.56
2026-06-10 12:30:00,45.65,417.04,74.35,0.864,1,24.4,9.91
2026-06-10 12:35:00,47.47,415.63,77.57,0.869,1,17.54,9.0
2026-06-10 12:40:00,31.27,416.04,51.06,0.869,1,21.51,4.33
2026-06-10 12:45:00,41.69,412.27,68.69,0.918,1,5.37,7.91
2026-06-10 12:50:00,43.63,413.12,71.74,0.846,1,24.41,9.42
2026-06-10 12:55:00,35.93,417.24,58.49,0.92,1,14.13,9.19
2026-06-10 13:00:00,42.87,417.09,69.82,0.899,1,23.19,14.52
2026-06-10 13:05:00,39.18,416.81,63.86,0.846,1,12.7,4.0
2026-06-10 13:10:00,48.25,413.71,79.22,0.828,1,20.76,7.88
2026-06-10 13:15:00,46.61,417.28,75.88,0.913,1,13.36,9.57
2026-06-10 13:20:00,35.7,412.1,58.84,0.846,1,12.25,9.37
2026-06-10 13:25:00,36.56,417.69,59.45,0.927,1,23.94,8.58
2026-06-10 13:30:00,36.24,414.35,59.4,0.836,1,18.98,10.07
2026-06-10 13:35:00,33.65,419.21,54.52,0.894,1,21.8,4.0
2026-06-10 13:40:00,36.18,411.2,59.77,0.903,1,15.87,6.57
2026-06-10 13:45:00,30.73,419.41,49.77,0.899,1,23.37,10.08
2026-06-10 13:50:00,28.19,414.1,46.23,0.858,0,0.0,4.0
2026-06-10 13:55:00,36.28,414.05,59.52,0.925,1,6.44,4.0
2026-06-10 14:00:00,35.65,415.49,58.28,0.912,1,20.34,5.55
2026-06-10 14:05:00,27.82,413.26,45.73,0.881,0,0.0,4.0
2026-06-10 14:10:00,35.67,414.82,58.41,0.892,1,21.58,7.34
2026-06-10 14:15:00,27.4,413.16,45.04,0.888,0,0.0,4.0
2026-06-10 14:20:00,31.19,413.25,51.27,0.934,1,16.97,4.8
2026-06-10 14:25:00,33.41,416.22,54.52,0.928,1,19.99,4.0
2026-06-10 14:30:00,28.53,412.75,46.94,0.848,0,0.0,4.0
2026-06-10 14:35:00,30.37,413.08,49.93,0.852,1,18.45,4.36
2026-06-10 14:40:00,24.92,411.57,41.13,0.938,0,0.0,4.0
2026-06-10 14:45:00,25.94,413.74,42.59,0.848,0,0.0,4.0
2026-06-10 14:50:00,25.33,418.28,41.13,0.934,0,0.0,4.0
2026-06-10 14:55:00,22.06,412.89,36.3,0.898,0,0.0,4.0
2026-06-10 15:00:00,24.37,413.17,40.06,0.826,0,0.0,4.0
2026-06-10 15:05:00,16.97,415.48,27.75,0.86,0,0.0,4.0
2026-06-10 15:10:00,21.74,414.07,35.66,0.877,0,0.0,4.0
2026-06-10 15:15:00,22.26,420.57,35.95,0.92,0,0.0,4.0
2026-06-10 15:20:00,21.91,414.59,35.89,0.859,0,0.0,4.0
2026-06-10 15:25:00,21.5,415.84,35.11,0.857,0,0.0,4.0
2026-06-10 15:30:00,21.92,417.36,35.68,0.93,0,0.0,4.0
2026-06-10 15:35:00,24.17,417.31,39.34,0.829,0,0.0,4.0
2026-06-10 15:40:00,25.7,415.58,42.01,0.886,0,0.0,4.0
2026-06-10 15:45:00,17.65,414.6,28.92,0.881,0,0.0,4.0
2026-06-10 15:50:00,14.47,420.06,23.39,0.827,0,0.0,4.0
2026-06-10 15:55:00,14.87,414.75,24.35,0.831,0,0.0,4.0
2026-06-10 16:00:00,17.25,413.9,28.31,0.866,0,0.0,4.0
2026-06-10 16:05:00,17.55,413.39,28.85,0.836,0,0.0,4.0
2026-06-10 16:10:00,15.1,410.68,24.98,0.877,0,0.0,4.0
2026-06-10 16:15:00,12.13,417.05,19.75,0.893,0,0.0,4.0
2026-06-10 16:20:00,16.0,409.13,26.56,0.903,0,0.0,4.0
2026-06-10 16:25:00,18.87,414.99,30.89,0.886,0,0.0,4.0
2026-06-10 16:30:00,20.64,414.49,33.82,0.866,0,0.0,4.63
2026-06-10 16:35:00,14.59,420.6,23.57,0.836,0,0.0,4.0
2026-06-10 16:40:00,15.05,410.42,24.9,0.85,0,0.0,4.0
2026-06-10 16:45:00,12.22,412.75,20.12,0.87,0,0.0,4.0
2026-06-10 16:50:00,16.46,414.66,26.97,0.931,0,0.0,4.0
2026-06-10 16:55:00,12.16,414.51,19.92,0.844,0,0.0,4.0
2026-06-10 17:00:00,19.06,413.63,31.3,0.87,0,0.0,4.0
2026-06-10 17:05:00,10.0,414.8,16.38,0.908,0,0.0,4.0
2026-06-10 17:10:00,14.03,411.85,23.14,0.905,0,0.0,4.0
2026-06-10 17:15:00,17.18,415.89,28.06,0.936,0,0.0,4.0
2026-06-10 17:20:00,16.45,409.2,27.31,0.843,0,0.0,4.0
2026-06-10 17:25:00,28.87,414.94,47.26,0.822,0,0.0,4.0
2026-06-10 17:30:00,17.05,413.5,28.01,0.859,0,0.0,4.0
2026-06-10 17:35:00,10.19,417.54,16.57,0.838,0,0.0,4.0
2026-06-10 17:40:00,14.66,419.39,23.74,0.886,0,0.0,4.99
2026-06-10 17:45:00,10.0,414.17,16.4,0.928,0,0.0,4.0
2026-06-10 17:50:00,14.63,418.48,23.75,0.903,0,0.0,4.0
2026-06-10 17:55:00,10.84,414.21,17.78,0.836,0,0.0,4.0
2026-06-10 18:00:00,19.58,412.58,32.23,0.834,0,0.0,4.0
2026-06-10 18:05:00,12.26,419.36,19.86,0.929,0,0.0,4.0
2026-06-10 18:10:00,14.45,416.3,23.58,0.879,0,0.0,4.0
2026-06-10 18:15:00,11.9,415.01,19.47,0.931,0,0.0,4.0
2026-06-10 18:20:00,23.83,416.72,38.84,0.908,0,0.0,4.0
2026-06-10 18:25:00,13.6,415.69,22.23,0.939,0,0.0,4.0
2026-06-10 18:30:00,24.46,414.83,40.06,0.925,0,0.0,4.0
2026-06-10 18:35:00,19.48,411.68,32.14,0.87,0,0.0,4.0
2026-06-10 18:40:00,17.94,414.32,29.41,0.911,0,0.0,4.0
2026-06-10 18:45:00,17.52,416.56,28.56,0.877,0,0.0,4.0
2026-06-10 18:50:00,17.8,414.69,29.15,0.848,0,0.0,4.0
2026-06-10 18:55:00,10.0,417.26,16.28,0.849,0,0.0,4.0
2026-06-10 19:00:00,14.8,415.96,24.17,0.868,0,0.0,4.0
2026-06-10 19:05:00,20.62,412.8,33.94,0.833,0,0.0,4.0
2026-06-10 19:10:00,16.38,411.7,27.02,0.841,0,0.0,4.3
2026-06-10 19:15:00,10.0,414.61,16.38,0.88,0,0.0,4.0
2026-06-10 19:20:00,16.85,413.69,27.66,0.934,0,0.0,4.0
2026-06-10 19:25:00,25.9,415.84,42.31,0.889,0,0.0,4.97
2026-06-10 19:30:00,23.9,413.2,39.29,0.869,0,0.0,4.0
2026-06-10 19:35:00,17.65,413.46,29.0,0.849,0,0.0,4.0
2026-06-10 19:40:00,23.04,417.63,37.47,0.844,0,0.0,4.0
2026-06-10 19:45:00,16.78,415.37,27.44,0.899,0,0.0,4.0
2026-06-10 19:50:00,10.44,413.24,17.15,0.922,0,0.0,4.0
2026-06-10 19:55:00,14.69,415.04,24.05,0.868,0,0.0,4.0
2026-06-10 20:00:00,27.5,418.45,44.65,0.886,0,0.0,4.0
2026-06-10 20:05:00,18.71,415.73,30.57,0.905,0,0.0,4.0
2026-06-10 20:10:00,19.26,416.48,31.42,0.827,0,0.0,4.0
2026-06-10 20:15:00,19.4,413.12,31.9,0.862,0,0.0,4.0
2026-06-10 20:20:00,30.85,417.57,50.18,0.908,1,24.36,4.42
2026-06-10 20:25:00,29.9,420.8,48.27,0.902,0,0.0,4.53
2026-06-10 20:30:00,33.33,413.02,54.81,0.826,1,10.24,4.0
2026-06-10 20:35:00,21.91,412.05,36.12,0.849,0,0.0,4.0
2026-06-10 20:40:00,24.67,415.44,40.33,0.902,0,0.0,4.0
2026-06-10 20:45:00,16.1,417.19,26.22,0.853,0,0.0,4.0
2026-06-10 20:50:00,31.58,414.77,51.72,0.918,1,18.58,4.35
2026-06-10 20:55:00,18.88,412.37,31.1,0.824,0,0.0,4.0
2026-06-10 21:00:00,26.34,414.73,43.13,0.843,0,0.0,4.0
2026-06-10 21:05:00,20.31,416.5,33.12,0.854,0,0.0,4.0
2026-06-10 21:10:00,23.41,413.98,38.41,0.931,0,0.0,4.0
2026-06-10 21:15:00,22.74,416.52,37.08,0.916,0,0.0,4.0
2026-06-10 21:20:00,24.46,417.91,39.76,0.926,0,0.0,4.0
2026-06-10 21:25:00,25.4,415.6,41.51,0.873,0,0.0,4.0
2026-06-10 21:30:00,25.95,414.93,42.48,0.919,0,0.0,4.72
2026-06-10 21:35:00,33.47,417.07,54.51,0.922,1,16.31,6.11
2026-06-10 21:40:00,24.4,412.86,40.14,0.868,0,0.0,4.0
2026-06-10 21:45:00,31.66,412.61,52.12,0.939,1,7.91,6.29
2026-06-10 21:50:00,37.28,414.33,61.12,0.922,1,24.06,11.55
2026-06-10 21:55:00,29.28,413.77,48.06,0.937,0,0.0,4.0
2026-06-10 22:00:00,28.91,412.99,47.55,0.924,0,0.0,5.18
2026-06-10 22:05:00,32.01,419.58,51.83,0.913,1,7.52,9.65
2026-06-10 22:10:00,39.74,420.43,64.2,0.933,1,15.08,8.83
2026-06-10 22:15:00,35.49,414.12,58.21,0.87,1,19.86,8.81
2026-06-10 22:20:00,32.55,415.23,53.25,0.914,1,9.96,5.83
2026-06-10 22:25:00,38.32,414.53,62.8,0.846,1,12.38,7.86
2026-06-10 22:30:00,31.09,417.77,50.56,0.908,1,8.58,7.0
2026-06-10 22:35:00,40.72,418.26,66.13,0.914,1,12.1,5.84
2026-06-10 22:40:00,40.07,410.56,66.3,0.906,1,22.23,11.83
2026-06-10 22:45:00,37.21,416.19,60.73,0.922,1,9.74,7.7
2026-06-10 22:50:00,35.28,411.73,58.21,0.87,1,5.59,6.96
2026-06-10 22:55:00,35.77,419.4,57.94,0.885,1,15.72,5.22
2026-06-10 23:00:00,43.62,416.1,71.2,0.821,1,16.59,11.38
2026-06-10 23:05:00,47.83,412.94,78.67,0.838,1,11.58,9.08
2026-06-10 23:10:00,39.24,414.4,64.32,0.897,1,17.83,6.74
2026-06-10 23:15:00,45.46,414.28,74.54,0.887,1,5.76,5.96
2026-06-10 23:20:00,33.49,416.31,54.64,0.844,1,11.81,6.25
2026-06-10 23:25:00,41.75,417.6,67.91,0.849,1,7.89,5.21
2026-06-10 23:30:00,45.28,412.13,74.62,0.861,1,9.6,9.43
2026-06-10 23:35:00,41.64,419.6,67.41,0.906,1,12.65,9.92
2026-06-10 23:40:00,42.27,419.01,68.52,0.893,1,14.87,7.44
2026-06-10 23:45:00,44.37,412.81,73.01,0.828,1,6.86,8.88
2026-06-10 23:50:00,49.93,415.18,81.69,0.911,1,7.03,12.16
2026-06-10 23:55:00,48.3,419.28,78.25,0.852,1,18.48,9.22
2026-06-11 00:00:00,38.81,418.08,63.05,0.901,1,13.08,7.4
2026-06-11 00:05:00,40.16,414.16,65.87,0.835,1,8.53,7.67
2026-06-11 00:10:00,48.49,417.04,78.98,0.94,1,9.7,8.2
2026-06-11 00:15:00,54.58,422.49,87.75,0.83,1,19.4,9.98
2026-06-11 00:20:00,39.31,415.26,64.31,0.909,1,6.04,5.6
2026-06-11 00:25:00,51.31,413.42,84.31,0.885,1,15.17,10.99
2026-06-11 00:30:00,51.94,415.43,84.92,0.83,1,12.21,9.79
2026-06-11 00:35:00,62.27,415.62,101.76,0.823,1,21.22,13.65
2026-06-11 00:40:00,54.15,413.69,88.92,0.864,1,20.8,13.15
2026-06-11 00:45:00,58.74,416.1,95.89,0.916,1,18.78,9.09
2026-06-11 00:50:00,58.28,411.86,96.12,0.825,1,12.7,9.19
2026-06-11 00:55:00,47.67,413.34,78.33,0.905,1,17.62,11.06
2026-06-11 01:00:00,62.9,416.9,102.48,0.899,1,17.8,11.62
2026-06-11 01:05:00,60.87,410.61,100.7,0.852,1,11.64,11.73
2026-06-11 01:10:00,63.07,417.26,102.67,0.829,1,22.6,12.67
2026-06-11 01:15:00,80.88,409.97,134.01,0.93,1,24.7,13.6
2026-06-11 01:20:00,51.55,410.67,85.26,0.856,1,11.29,11.01
2026-06-11 01:25:00,71.31,413.75,117.07,0.833,1,21.02,14.46
2026-06-11 01:30:00,61.96,415.72,101.23,0.902,1,15.02,9.57
2026-06-11 01:35:00,65.53,418.31,106.41,0.846,1,14.27,12.13
2026-06-11 01:40:00,64.56,415.14,105.64,0.877,1,12.73,12.01
2026-06-11 01:45:00,63.36,414.38,103.86,0.826,1,10.84,13.67
2026-06-11 01:50:00,63.31,416.45,103.27,0.939,1,23.39,15.28
2026-06-11 01:55:00,68.48,412.82,112.68,0.874,1,19.82,13.3
2026-06-11 02:00:00,59.91,415.35,97.98,0.94,1,13.81,7.59
2026-06-11 02:05:00,71.91,412.0,118.56,0.866,1,20.03,15.62
2026-06-11 02:10:00,66.72,415.21,109.16,0.862,1,19.37,18.06
2026-06-11 02:15:00,63.79,414.68,104.5,0.93,1,10.35,13.66
2026-06-11 02:20:00,67.83,412.99,111.55,0.86,1,8.52,12.0
2026-06-11 02:25:00,76.98,415.41,125.88,0.872,1,21.73,15.87
2026-06-11 02:30:00,68.63,415.4,112.22,0.829,1,21.23,15.26
2026-06-11 02:35:00,73.7,417.94,119.78,0.935,1,24.94,14.77
2026-06-11 02:40:00,68.84,410.99,113.78,0.83,1,5.39,15.7
2026-06-11 02:45:00,76.87,414.81,125.87,0.913,1,15.81,12.01
2026-06-11 02:50:00,77.07,413.1,126.73,0.885,1,19.03,13.89
2026-06-11 02:55:00,83.45,417.17,135.87,0.827,1,16.65,16.91
2026-06-11 03:00:00,73.87,416.88,120.36,0.82,1,19.21,15.87
2026-06-11 03:05:00,78.63,416.27,128.3,0.932,1,7.75,13.28
2026-06-11 03:10:00,76.3,413.24,125.41,0.909,1,5.03,12.94
2026-06-11 03:15:00,82.79,417.21,134.79,0.902,1,6.86,13.71
2026-06-11 03:20:00,73.22,411.17,120.95,0.873,1,12.6,12.09
2026-06-11 03:25:00,81.02,410.66,134.01,0.849,1,11.58,16.36
2026-06-11 03:30:00,76.79,411.81,126.67,0.902,1,22.48,14.86
2026-06-11 03:35:00,77.9,414.92,127.54,0.893,1,6.67,17.35
2026-06-11 03:40:00,79.13,416.69,128.99,0.907,1,13.85,12.41
2026-06-11 03:45:00,80.36,407.56,133.94,0.864,1,24.16,15.31
2026-06-11 03:50:00,78.94,418.31,128.18,0.938,1,15.06,16.66
2026-06-11 03:55:00,81.0,415.33,132.47,0.828,1,7.65,15.76
2026-06-11 04:00:00,88.2,411.08,145.74,0.83,1,10.83,13.88
2026-06-11 04:05:00,85.61,415.25,140.04,0.93,1,17.54,18.95
2026-06-11 04:10:00,85.39,417.73,138.85,0.898,1,5.24,15.85
2026-06-11 04:15:00,79.11,416.5,129.02,0.859,1,24.36,19.89
2026-06-11 04:20:00,77.27,417.75,125.65,0.911,1,16.34,14.42
2026-06-11 04:25:00,86.81,411.58,143.27,0.874,1,19.08,19.26
2026-06-11 04:30:00,86.72,413.96,142.29,0.823,1,14.98,15.53
2026-06-11 04:35:00,89.98,412.69,148.11,0.898,1,24.16,16.86
2026-06-11 04:40:00,79.87,419.29,129.39,0.849,1,16.78,16.36
2026-06-11 04:45:00,81.99,416.6,133.69,0.834,1,18.24,11.74
2026-06-11 04:50:00,75.18,422.12,120.98,0.847,1,22.22,9.98
2026-06-11 04:55:00,81.64,413.83,134.0,0.877,1,22.23,14.24
2026-06-11 05:00:00,88.79,413.19,145.97,0.826,1,5.56,13.26
2026-06-11 05:05:00,81.66,414.64,133.78,0.926,1,10.67,10.02
2026-06-11 05:10:00,87.37,418.45,141.83,0.887,1,9.93,17.94
2026-06-11 05:15:00,83.37,414.08,136.77,0.855,1,5.13,13.44
2026-06-11 05:20:00,86.09,415.31,140.8,0.902,1,22.54,15.83
2026-06-11 05:25:00,78.85,415.24,128.99,0.917,1,11.34,15.08
2026-06-11 05:30:00,85.13,415.1,139.3,0.894,1,11.94,17.09
2026-06-11 05:35:00,69.84,413.37,114.76,0.844,1,6.99,13.57
2026-06-11 05:40:00,83.93,414.66,137.49,0.833,1,24.79,16.81
2026-06-11 05:45:00,76.77,414.55,125.79,0.923,1,21.53,15.98
2026-06-11 05:50:00,91.0,414.98,148.95,0.848,1,16.44,16.05
2026-06-11 05:55:00,88.88,417.36,144.65,0.822,1,20.44,15.37
2026-06-11 06:00:00,87.33,419.4,141.44,0.897,1,20.54,11.39
2026-06-11 06:05:00,92.6,412.9,152.33,0.838,1,18.13,19.05
2026-06-11 06:10:00,80.22,414.02,131.62,0.939,1,8.48,13.28
2026-06-11 06:15:00,93.66,412.94,154.07,0.924,1,19.41,22.41
2026-06-11 06:20:00,89.53,415.47,146.37,0.893,1,16.39,18.64
2026-06-11 06:25:00,83.61,413.65,137.29,0.92,1,19.48,18.22
2026-06-11 06:30:00,90.38,415.6,147.71,0.876,1,15.87,18.69
2026-06-11 06:35:00,79.06,417.76,128.55,0.915,1,24.13,16.66
2026-06-11 06:40:00,80.35,408.69,133.54,0.898,1,17.54,16.44
2026-06-11 06:45:00,81.28,416.23,132.65,0.823,1,16.47,16.77
2026-06-11 06:50:00,81.53,413.85,133.81,0.934,1,21.86,16.17
2026-06-11 06:55:00,78.71,416.15,128.48,0.923,1,12.58,13.37
2026-06-11 07:00:00,89.92,412.76,147.98,0.934,1,11.32,14.03
2026-06-11 07:05:00,82.31,417.99,133.75,0.908,1,15.06,16.55
2026-06-11 07:10:00,85.14,417.28,138.6,0.869,1,16.69,19.14
2026-06-11 07:15:00,80.29,416.42,130.97,0.845,1,9.41,14.63
2026-06-11 07:20:00,73.79,416.98,120.2,0.842,1,18.65,14.56
2026-06-11 07:25:00,83.97,413.14,138.06,0.837,1,21.05,13.12
2026-06-11 07:30:00,72.77,413.45,119.56,0.846,1,16.55,12.88
2026-06-11 07:35:00,81.69,416.88,133.11,0.886,1,15.46,12.64
2026-06-11 07:40:00,74.88,413.08,123.13,0.902,1,10.89,11.34
2026-06-11 07:45:00,91.33,418.61,148.19,0.858,1,23.19,17.83
2026-06-11 07:50:00,85.6,414.19,140.38,0.886,1,20.09,16.28
2026-06-11 07:55:00,81.21,416.25,132.53,0.861,1,14.61,17.17
2026-06-11 08:00:00,86.63,420.25,140.02,0.904,1,18.18,18.27
2026-06-11 08:05:00,75.69,413.23,124.42,0.939,1,11.74,12.19
2026-06-11 08:10:00,82.24,415.17,134.55,0.903,1,6.2,10.64
2026-06-11 08:15:00,80.1,417.64,130.28,0.827,1,9.08,12.68
2026-06-11 08:20:00,79.99,417.38,130.18,0.877,1,6.59,13.09
2026-06-11 08:25:00,84.59,414.18,138.72,0.912,1,15.16,17.26
2026-06-11 08:30:00,81.43,413.71,133.7,0.885,1,17.44,16.94
2026-06-11 08:35:00,78.74,414.42,129.06,0.934,1,12.61,14.7
2026-06-11 08:40:00,68.54,418.62,111.21,0.827,1,15.6,14.83
2026-06-11 08:45:00,71.51,414.3,117.25,0.855,1,6.71,19.13
2026-06-11 08:50:00,75.19,415.2,123.01,0.846,1,20.4,14.28
2026-06-11 08:55:00,75.75,413.93,124.3,0.912,1,5.66,13.38
2026-06-11 09:00:00,69.1,416.76,112.62,0.883,1,17.69,11.38
2026-06-11 09:05:00,86.26,415.39,141.06,0.837,1,13.67,16.95
2026-06-11 09:10:00,81.23,412.49,133.76,0.854,1,8.68,17.68
2026-06-11 09:15:00,76.09,412.58,125.27,0.883,1,15.46,13.32
2026-06-11 09:20:00,72.86,410.0,120.7,0.94,1,20.62,13.24
2026-06-11 09:25:00,70.85,412.92,116.54,0.864,1,13.27,12.21
2026-06-11 09:30:00,66.55,416.98,108.4,0.839,1,12.35,9.94
2026-06-11 09:35:00,71.08,418.31,115.43,0.88,1,7.85,13.5
2026-06-11 09:40:00,71.36,416.71,116.33,0.857,1,16.89,14.08
2026-06-11 09:45:00,63.24,416.39,103.16,0.888,1,21.56,12.37
2026-06-11 09:50:00,70.48,414.68,115.44,0.876,1,16.23,17.75
2026-06-11 09:55:00,67.38,416.94,109.77,0.903,1,8.3,13.47
2026-06-11 10:00:00,57.96,415.72,94.7,0.93,1,18.22,8.77
2026-06-11 10:05:00,62.53,419.51,101.25,0.844,1,5.6,13.0
2026-06-11 10:10:00,64.09,414.75,104.97,0.919,1,21.76,11.84
2026-06-11 10:15:00,74.92,418.36,121.64,0.934,1,23.43,13.9
2026-06-11 10:20:00,67.57,417.19,110.02,0.865,1,16.94,12.61
2026-06-11 10:25:00,57.42,416.84,93.57,0.834,1,22.64,10.81
2026-06-11 10:30:00,65.82,409.97,109.06,0.919,1,6.69,12.81
2026-06-11 10:35:00,54.95,417.32,89.44,0.904,1,9.57,15.26
2026-06-11 10:40:00,67.38,414.68,110.38,0.846,1,11.35,11.85
2026-06-11 10:45:00,58.89,413.89,96.66,0.873,1,20.46,11.83
2026-06-11 10:50:00,60.06,411.29,99.18,0.889,1,14.68,12.09
2026-06-11 10:55:00,66.42,414.99,108.72,0.84,1,11.97,11.37
2026-06-11 11:00:00,52.62,415.08,86.11,0.906,1,8.16,8.95
2026-06-11 11:05:00,51.33,411.74,84.69,0.903,1,21.21,12.6
2026-06-11 11:10:00,54.66,411.32,90.26,0.926,1,5.41,8.93
2026-06-11 11:15:00,62.02,416.22,101.22,0.888,1,11.75,9.7
2026-06-11 11:20:00,48.48,417.18,78.94,0.889,1,9.86,13.34
2026-06-11 11:25:00,41.16,415.48,67.3,0.894,1,7.58,5.0
2026-06-11 11:30:00,52.31,417.88,85.03,0.853,1,8.44,11.88
2026-06-11 11:35:00,56.57,414.78,92.64,0.911,1,14.88,10.46
2026-06-11 11:40:00,59.05,414.86,96.69,0.899,1,13.52,8.5
2026-06-11 11:45:00,49.97,412.71,82.25,0.921,1,15.37,8.89
2026-06-11 11:50:00,49.47,411.1,81.74,0.912,1,19.55,9.36
2026-06-11 11:55:00,56.53,419.64,91.51,0.897,1,22.85,7.55
2026-06-11 12:00:00,40.65,417.83,66.09,0.839,1,7.37,8.67
2026-06-11 12:05:00,47.29,411.52,78.06,0.93,1,6.65,9.6
2026-06-11 12:10:00,49.43,415.39,80.82,0.864,1,11.41,8.66
2026-06-11 12:15:00,49.96,414.75,81.82,0.936,1,15.93,10.88
2026-06-11 12:20:00,44.4,414.32,72.79,0.868,1,7.0,8.81
2026-06-11 12:25:00,46.36,413.98,76.07,0.838,1,19.32,12.3
2026-06-11 12:30:00,32.99,415.95,53.87,0.926,1,16.12,4.25
2026-06-11 12:35:00,41.38,417.05,67.4,0.915,1,19.97,7.77
2026-06-11 12:40:00,46.19,416.01,75.42,0.914,1,12.16,11.23
2026-06-11 12:45:00,38.26,414.7,62.67,0.831,1,13.02,8.79
2026-06-11 12:50:00,42.72,414.61,69.99,0.926,1,21.15,4.0
2026-06-11 12:55:00,43.92,417.34,71.48,0.892,1,10.34,4.57
2026-06-11 13:00:00,39.23,416.16,64.03,0.876,1,12.63,7.69
2026-06-11 13:05:00,41.06,415.18,67.17,0.93,1,5.27,11.44
2026-06-11 13:10:00,34.66,414.91,56.75,0.9,1,16.11,6.05
2026-06-11 13:15:00,37.72,415.86,61.6,0.836,1,22.03,9.39
2026-06-11 13:20:00,41.08,413.83,67.43,0.882,1,5.56,7.86
2026-06-11 13:25:00,38.1,417.05,62.05,0.896,1,17.28,9.06
2026-06-11 13:30:00,33.67,412.31,55.47,0.928,1,21.91,9.63
2026-06-11 13:35:00,37.02,413.97,60.75,0.854,1,14.88,9.59
2026-06-11 13:40:00,38.78,416.53,63.24,0.915,1,11.26,9.64
2026-06-11 13:45:00,24.27,412.17,40.0,0.916,0,0.0,4.0
2026-06-11 13:50:00,39.63,411.07,65.49,0.835,1,6.3,7.1
2026-06-11 13:55:00,31.48,415.16,51.51,0.822,1,9.21,7.33
2026-06-11 14:00:00,34.63,410.76,57.26,0.89,1,22.7,8.48
2026-06-11 14:05:00,37.83,411.75,62.41,0.915,1,10.95,8.73
2026-06-11 14:10:00,24.34,416.89,39.65,0.887,0,0.0,4.0
2026-06-11 14:15:00,27.01,414.49,44.26,0.918,0,0.0,4.0
2026-06-11 14:20:00,28.48,418.21,46.26,0.895,0,0.0,4.0
2026-06-11 14:25:00,25.39,411.99,41.85,0.898,0,0.0,4.0
2026-06-11 14:30:00,37.37,414.77,61.2,0.823,1,14.37,7.9
2026-06-11 14:35:00,23.81,416.0,38.88,0.831,0,0.0,4.0
2026-06-11 14:40:00,24.72,412.07,40.76,0.907,0,0.0,4.0
2026-06-11 14:45:00,27.94,417.58,45.46,0.912,0,0.0,4.0
2026-06-11 14:50:00,20.34,416.28,33.2,0.885,0,0.0,4.0
2026-06-11 14:55:00,23.82,410.98,39.37,0.891,0,0.0,4.0
2026-06-11 15:00:00,26.84,414.91,43.94,0.894,0,0.0,4.0
2026-06-11 15:05:00,23.05,415.96,37.64,0.833,0,0.0,4.0
2026-06-11 15:10:00,23.73,413.52,38.98,0.9,0,0.0,4.0
2026-06-11 15:15:00,21.04,411.3,34.75,0.877,0,0.0,4.0
2026-06-11 15:20:00,15.62,415.7,25.52,0.892,0,0.0,4.0
2026-06-11 15:25:00,24.31,420.53,39.27,0.888,0,0.0,4.0
2026-06-11 15:30:00,31.01,414.03,50.87,0.912,1,19.63,9.19
2026-06-11 15:35:00,21.87,418.92,35.45,0.858,0,0.0,4.0
2026-06-11 15:40:00,22.46,413.12,36.92,0.865,0,0.0,4.0
2026-06-11 15:45:00,24.36,415.54,39.82,0.867,0,0.0,4.0
2026-06-11 15:50:00,14.13,416.93,23.03,0.911,0,0.0,4.0
2026-06-11 15:55:00,28.59,414.98,46.8,0.872,0,0.0,4.0
2026-06-11 16:00:00,20.7,414.26,33.94,0.841,0,0.0,4.0
2026-06-11 16:05:00,27.47,416.82,44.77,0.938,0,0.0,4.0
2026-06-11 16:10:00,15.29,419.73,24.74,0.879,0,0.0,4.0
2026-06-11 16:15:00,27.7,415.75,45.26,0.833,0,0.0,4.0
2026-06-11 16:20:00,22.16,413.71,36.38,0.9,0,0.0,4.0
2026-06-11 16:25:00,20.73,414.53,33.97,0.909,0,0.0,4.0
2026-06-11 16:30:00,18.83,421.3,30.37,0.88,0,0.0,4.0
2026-06-11 16:35:00,16.14,415.34,26.39,0.898,0,0.0,4.0
2026-06-11 16:40:00,23.11,413.51,37.97,0.841,0,0.0,4.0
2026-06-11 16:45:00,17.56,412.14,28.94,0.864,0,0.0,4.0
2026-06-11 16:50:00,10.0,410.44,16.55,0.839,0,0.0,4.0
2026-06-11 16:55:00,10.81,415.91,17.66,0.866,0,0.0,4.0
2026-06-11 17:00:00,15.26,416.64,24.88,0.888,0,0.0,4.0
2026-06-11 17:05:00,17.55,414.01,28.8,0.873,0,0.0,4.0
2026-06-11 17:10:00,15.55,414.96,25.45,0.891,0,0.0,4.0
2026-06-11 17:15:00,21.77,412.07,35.88,0.88,0,0.0,4.0
2026-06-11 17:20:00,10.0,415.33,16.35,0.858,0,0.0,4.0
2026-06-11 17:25:00,16.13,416.2,26.32,0.837,0,0.0,4.0
2026-06-11 17:30:00,10.0,413.66,16.42,0.85,0,0.0,4.0
2026-06-11 17:35:00,19.01,419.23,30.8,0.844,0,0.0,5.41
2026-06-11 17:40:00,14.66,412.91,24.12,0.905,0,0.0,6.02
2026-06-11 17:45:00,17.17,415.71,28.06,0.918,0,0.0,4.0
2026-06-11 17:50:00,10.71,417.12,17.45,0.906,0,0.0,4.0
2026-06-11 17:55:00,21.41,414.81,35.05,0.897,0,0.0,4.0
2026-06-11 18:00:00,20.21,414.53,33.11,0.857,0,0.0,4.0
2026-06-11 18:05:00,17.93,411.43,29.6,0.905,0,0.0,4.0
2026-06-11 18:10:00,14.39,418.39,23.36,0.893,0,0.0,4.0
2026-06-11 18:15:00,17.97,414.58,29.45,0.826,0,0.0,4.0
2026-06-11 18:20:00,11.6,416.34,18.92,0.929,0,0.0,4.0
2026-06-11 18:25:00,19.49,416.68,31.76,0.83,0,0.0,4.0
2026-06-11 18:30:00,23.55,413.43,38.69,0.88,0,0.0,4.0
2026-06-11 18:35:00,20.76,414.51,34.02,0.882,0,0.0,4.0
2026-06-11 18:40:00,11.88,418.34,19.3,0.92,0,0.0,4.0
2026-06-11 18:45:00,17.48,412.21,28.8,0.93,0,0.0,4.0
2026-06-11 18:50:00,10.0,420.32,16.16,0.933,0,0.0,4.0
2026-06-11 18:55:00,18.86,413.14,31.02,0.888,0,0.0,4.0
2026-06-11 19:00:00,18.45,412.05,30.41,0.901,0,0.0,4.0
2026-06-11 19:05:00,10.0,415.33,16.35,0.831,0,0.0,4.0
2026-06-11 19:10:00,10.81,420.52,17.46,0.879,0,0.0,4.0
2026-06-11 19:15:00,15.44,410.22,25.57,0.928,0,0.0,4.0
2026-06-11 19:20:00,15.61,414.65,25.57,0.875,0,0.0,4.0
2026-06-11 19:25:00,11.33,416.19,18.5,0.828,0,0.0,4.0
2026-06-11 19:30:00,19.61,415.08,32.09,0.844,0,0.0,4.0
2026-06-11 19:35:00,19.22,415.95,31.39,0.872,0,0.0,4.0
2026-06-11 19:40:00,17.31,413.2,28.45,0.849,0,0.0,4.0
2026-06-11 19:45:00,14.83,413.5,24.36,0.867,0,0.0,4.0
2026-06-11 19:50:00,24.2,414.63,39.64,0.86,0,0.0,4.0
2026-06-11 19:55:00,27.59,412.18,45.47,0.858,0,0.0,4.0
2026-06-11 20:00:00,17.27,414.89,28.28,0.831,0,0.0,4.0
2026-06-11 20:05:00,17.02,414.03,27.92,0.926,0,0.0,4.0
2026-06-11 20:10:00,22.94,413.82,37.65,0.903,0,0.0,4.0
2026-06-11 20:15:00,19.11,415.8,31.22,0.895,0,0.0,4.0
2026-06-11 20:20:00,20.63,410.45,34.15,0.893,0,0.0,4.0
2026-06-11 20:25:00,25.47,414.43,41.75,0.868,0,0.0,4.0
2026-06-11 20:30:00,12.69,420.79,20.48,0.919,0,0.0,4.0
2026-06-11 20:35:00,29.3,412.28,48.27,0.932,0,0.0,4.22
2026-06-11 20:40:00,23.55,418.21,38.25,0.821,0,0.0,4.0
2026-06-11 20:45:00,21.63,415.14,35.39,0.83,0,0.0,4.0
2026-06-11 20:50:00,23.75,413.49,39.01,0.901,0,0.0,4.0
2026-06-11 20:55:00,24.53,411.7,40.47,0.848,0,0.0,4.17
2026-06-11 21:00:00,16.6,415.35,27.14,0.929,0,0.0,6.5
2026-06-11 21:05:00,33.27,418.63,53.99,0.9,1,11.26,11.2
2026-06-11 21:10:00,26.56,414.03,43.58,0.864,0,0.0,4.0
2026-06-11 21:15:00,29.14,414.8,47.72,0.87,0,0.0,4.0
2026-06-11 21:20:00,32.26,417.53,52.48,0.903,1,16.06,4.0
2026-06-11 21:25:00,22.99,415.85,37.55,0.837,0,0.0,4.0
2026-06-11 21:30:00,31.06,411.07,51.33,0.926,1,16.52,7.07
2026-06-11 21:35:00,27.97,415.25,45.75,0.821,0,0.0,4.0
2026-06-11 21:40:00,34.16,418.78,55.4,0.937,1,18.91,8.33
2026-06-11 21:45:00,19.92,414.91,32.61,0.84,0,0.0,4.0
2026-06-11 21:50:00,30.7,408.15,51.09,0.909,1,15.33,6.21
2026-06-11 21:55:00,28.83,415.97,47.08,0.825,0,0.0,4.0
2026-06-11 22:00:00,34.66,414.5,56.8,0.872,1,5.44,8.7
2026-06-11 22:05:00,35.52,410.43,58.78,0.896,1,22.53,8.51
2026-06-11 22:10:00,30.3,410.8,50.1,0.828,1,7.97,6.98
2026-06-11 22:15:00,30.96,417.44,50.38,0.873,1,16.64,5.85
2026-06-11 22:20:00,34.66,413.17,56.97,0.856,1,22.66,8.0
2026-06-11 22:25:00,31.42,412.73,51.71,0.88,1,9.43,12.1
2026-06-11 22:30:00,40.82,414.91,66.82,0.881,1,13.24,10.8
2026-06-11 22:35:00,35.47,413.39,58.28,0.914,1,12.55,7.85
2026-06-11 22:40:00,23.49,415.25,38.43,0.835,0,0.0,4.0
2026-06-11 22:45:00,36.88,414.49,60.43,0.83,1,13.47,7.49
2026-06-11 22:50:00,34.28,412.0,56.52,0.868,1,14.59,7.06
2026-06-11 22:55:00,32.05,413.72,52.62,0.927,1,5.53,8.24
2026-06-11 23:00:00,34.75,416.11,56.73,0.923,1,14.76,5.61
2026-06-11 23:05:00,42.23,415.1,69.1,0.887,1,6.88,7.65
2026-06-11 23:10:00,49.07,414.8,80.35,0.927,1,22.85,6.81
2026-06-11 23:15:00,44.74,419.84,72.38,0.917,1,18.0,10.75
2026-06-11 23:20:00,40.89,416.83,66.63,0.853,1,6.13,10.14
2026-06-11 23:25:00,46.96,417.13,76.46,0.84,1,21.54,10.92
2026-06-11 23:30:00,43.14,414.59,70.67,0.856,1,12.23,7.83
2026-06-11 23:35:00,42.72,415.55,69.82,0.847,1,9.51,8.06
2026-06-11 23:40:00,41.18,413.92,67.57,0.895,1,10.08,8.26
2026-06-11 23:45:00,38.95,416.94,63.46,0.89,1,16.95,10.39
2026-06-11 23:50:00,46.52,414.72,76.2,0.892,1,6.63,11.1
2026-06-11 23:55:00,50.03,415.56,81.77,0.843,1,6.17,6.0
2026-06-12 00:00:00,49.52,415.4,80.97,0.915,1,17.55,7.76
2026-06-12 00:05:00,48.68,414.95,79.69,0.872,1,24.64,11.0
2026-06-12 00:10:00,46.8,422.35,75.26,0.877,1,14.67,6.07
2026-06-12 00:15:00,55.33,413.33,90.93,0.94,1,13.27,12.74
2026-06-12 00:20:00,46.46,413.31,76.36,0.854,1,23.94,8.92
2026-06-12 00:25:00,57.69,416.74,94.03,0.867,1,9.82,12.51
2026-06-12 00:30:00,49.56,413.51,81.41,0.901,1,9.81,9.49
2026-06-12 00:35:00,51.56,414.27,84.54,0.926,1,23.1,10.21
2026-06-12 00:40:00,48.74,412.28,80.31,0.835,1,17.94,7.16
2026-06-12 00:45:00,54.32,416.23,88.65,0.908,1,6.08,8.82
2026-06-12 00:50:00,62.45,416.26,101.91,0.93,1,18.48,11.9
2026-06-12 00:55:00,60.9,414.21,99.86,0.871,1,21.4,11.69
2026-06-12 01:00:00,63.95,416.79,104.22,0.854,1,10.48,13.71
2026-06-12 01:05:00,62.4,410.35,103.3,0.901,1,12.66,10.38
2026-06-12 01:10:00,55.01,413.23,90.42,0.85,1,8.95,10.28
2026-06-12 01:15:00,59.6,414.58,97.65,0.866,1,17.67,15.09
2026-06-12 01:20:00,58.07,412.07,95.72,0.928,1,18.28,13.26
2026-06-12 01:25:00,69.34,410.63,114.7,0.891,1,6.37,13.04
2026-06-12 01:30:00,57.41,414.23,94.14,0.831,1,18.55,7.89
2026-06-12 01:35:00,68.56,416.74,111.76,0.86,1,18.17,10.08
2026-06-12 01:40:00,69.26,418.21,112.49,0.895,1,5.7,14.22
2026-06-12 01:45:00,74.63,413.63,122.55,0.878,1,16.11,15.95
2026-06-12 01:50:00,64.11,416.83,104.48,0.899,1,17.28,7.91
2026-06-12 01:55:00,70.4,416.59,114.78,0.911,1,13.6,14.97
2026-06-12 02:00:00,78.91,418.05,128.21,0.878,1,23.03,14.06
2026-06-12 02:05:00,65.07,414.12,106.73,0.938,1,11.57,11.35
2026-06-12 02:10:00,61.13,410.5,101.15,0.93,1,6.34,13.37
2026-06-12 02:15:00,60.04,415.18,98.24,0.827,1,18.44,13.42
2026-06-12 02:20:00,73.64,412.47,121.27,0.852,1,17.1,13.88
2026-06-12 02:25:00,61.28,413.19,100.74,0.856,1,24.78,13.86
2026-06-12 02:30:00,69.45,414.25,113.87,0.842,1,9.63,12.14
2026-06-12 02:35:00,74.09,414.15,121.52,0.857,1,12.91,12.16
2026-06-12 02:40:00,73.42,415.35,120.07,0.871,1,14.22,16.84
2026-06-12 02:45:00,75.2,416.76,122.57,0.826,1,22.23,17.71
2026-06-12 02:50:00,74.76,414.08,122.63,0.835,1,13.29,12.63
2026-06-12 02:55:00,80.6,415.99,131.6,0.832,1,20.44,14.3
2026-06-12 03:00:00,69.99,415.04,114.54,0.826,1,8.14,15.06
2026-06-12 03:05:00,71.9,417.34,117.02,0.878,1,13.2,12.0
2026-06-12 03:10:00,71.94,414.53,117.88,0.86,1,8.1,15.2
2026-06-12 03:15:00,80.47,414.8,131.77,0.932,1,23.99,13.32
2026-06-12 03:20:00,81.31,414.06,133.39,0.832,1,8.56,14.4
2026-06-12 03:25:00,79.55,414.59,130.34,0.931,1,13.38,17.25
2026-06-12 03:30:00,83.68,413.04,137.62,0.83,1,6.65,13.16
2026-06-12 03:35:00,72.34,412.79,119.03,0.894,1,23.43,12.83
2026-06-12 03:40:00,87.01,416.94,141.75,0.85,1,17.48,17.4
2026-06-12 03:45:00,86.72,412.29,142.87,0.919,1,24.25,12.67
2026-06-12 03:50:00,83.2,414.2,136.44,0.827,1,5.85,15.44
2026-06-12 03:55:00,88.83,417.54,144.51,0.934,1,8.5,19.1
2026-06-12 04:00:00,72.03,414.12,118.14,0.826,1,12.6,15.59
2026-06-12 04:05:00,78.06,417.07,127.14,0.849,1,17.43,14.81
2026-06-12 04:10:00,77.37,413.52,127.09,0.876,1,11.59,14.55
2026-06-12 04:15:00,85.0,412.37,140.01,0.911,1,19.24,19.71
2026-06-12 04:20:00,76.47,411.01,126.38,0.934,1,8.3,17.35
2026-06-12 04:25:00,85.82,418.28,139.37,0.871,1,17.01,16.08
2026-06-12 04:30:00,89.19,412.16,146.99,0.911,1,12.96,15.25
2026-06-12 04:35:00,86.1,416.87,140.29,0.907,1,15.16,18.24
2026-06-12 04:40:00,84.31,412.5,138.83,0.889,1,16.39,18.61
2026-06-12 04:45:00,78.2,418.29,126.99,0.903,1,6.2,17.57
2026-06-12 04:50:00,79.15,420.52,127.84,0.825,1,23.48,16.77
2026-06-12 04:55:00,89.85,410.78,148.57,0.873,1,20.72,16.39
2026-06-12 05:00:00,87.7,412.29,144.49,0.914,1,13.85,12.62
2026-06-12 05:05:00,83.8,416.93,136.53,0.877,1,15.95,20.36
2026-06-12 05:10:00,82.08,416.28,133.93,0.925,1,5.65,18.76
2026-06-12 05:15:00,74.2,416.94,120.88,0.92,1,14.96,12.33
2026-06-12 05:20:00,79.11,413.57,129.94,0.924,1,13.53,15.36
2026-06-12 05:25:00,94.15,419.97,152.28,0.836,1,12.49,17.06
2026-06-12 05:30:00,78.3,415.3,128.06,0.849,1,21.31,15.31
2026-06-12 05:35:00,85.74,411.96,141.37,0.824,1,8.64,14.94
2026-06-12 05:40:00,89.9,414.37,147.38,0.938,1,8.53,18.21
2026-06-12 05:45:00,78.65,411.99,129.67,0.848,1,15.43,12.31
2026-06-12 05:50:00,85.89,418.98,139.25,0.864,1,18.74,15.49
2026-06-12 05:55:00,89.68,413.35,147.37,0.853,1,5.45,18.43
2026-06-12 06:00:00,85.06,416.23,138.82,0.825,1,15.92,11.55
2026-06-12 06:05:00,99.33,413.82,163.05,0.851,1,10.97,19.14
2026-06-12 06:10:00,76.62,413.46,125.88,0.832,1,20.14,13.53
2026-06-12 06:15:00,90.22,410.22,149.39,0.867,1,14.38,20.69
2026-06-12 06:20:00,84.0,416.5,137.0,0.936,1,21.68,16.96
2026-06-12 06:25:00,88.65,418.25,143.97,0.904,1,12.94,14.79
2026-06-12 06:30:00,86.91,412.71,143.04,0.905,1,21.54,20.07
2026-06-12 06:35:00,80.93,411.14,133.7,0.874,1,19.33,15.58
2026-06-12 06:40:00,85.61,417.01,139.45,0.917,1,21.57,16.79
2026-06-12 06:45:00,75.04,410.88,124.05,0.929,1,21.25,16.62
2026-06-12 06:50:00,87.19,418.05,141.66,0.935,1,14.73,15.03
2026-06-12 06:55:00,85.49,412.74,140.69,0.832,1,12.36,19.35
2026-06-12 07:00:00,87.0,412.24,143.35,0.926,1,20.3,18.01
2026-06-12 07:05:00,88.89,415.62,145.28,0.847,1,12.23,15.13
2026-06-12 07:10:00,85.22,412.4,140.36,0.868,1,6.79,14.68
2026-06-12 07:15:00,83.88,413.23,137.88,0.861,1,22.18,13.31
2026-06-12 07:20:00,78.48,415.88,128.19,0.901,1,12.94,15.49
2026-06-12 07:25:00,79.06,408.93,131.32,0.892,1,7.65,14.2
2026-06-12 07:30:00,88.27,419.11,143.06,0.833,1,17.93,17.51
2026-06-12 07:35:00,89.22,415.11,145.99,0.914,1,22.8,13.27
2026-06-12 07:40:00,80.53,411.77,132.84,0.873,1,22.22,14.4
2026-06-12 07:45:00,81.62,412.46,134.42,0.82,1,16.09,13.23
2026-06-12 07:50:00,76.52,417.48,124.5,0.87,1,6.76,15.25
2026-06-12 07:55:00,86.55,416.5,141.15,0.882,1,18.93,15.14
2026-06-12 08:00:00,83.64,418.47,135.76,0.828,1,17.18,17.0
2026-06-12 08:05:00,89.63,413.29,147.31,0.838,1,9.2,15.36
2026-06-12 08:10:00,75.13,415.74,122.75,0.939,1,23.01,18.43
2026-06-12 08:15:00,77.21,416.07,126.05,0.925,1,6.73,14.35
2026-06-12 08:20:00,79.83,416.74,130.11,0.836,1,12.46,17.11
2026-06-12 08:25:00,81.46,417.82,132.43,0.89,1,6.89,14.75
2026-06-12 08:30:00,76.69,413.21,126.07,0.866,1,23.24,17.1
2026-06-12 08:35:00,72.93,414.71,119.45,0.885,1,5.71,11.63
2026-06-12 08:40:00,81.22,413.47,133.43,0.876,1,13.52,15.2
2026-06-12 08:45:00,79.92,414.87,130.85,0.826,1,22.24,14.42
2026-06-12 08:50:00,71.22,416.75,116.09,0.858,1,10.03,17.64
2026-06-12 08:55:00,82.06,410.86,135.66,0.835,1,7.1,12.38
2026-06-12 09:00:00,80.6,417.77,131.05,0.879,1,7.54,19.67
2026-06-12 09:05:00,74.87,412.15,123.4,0.929,1,13.1,10.96
2026-06-12 09:10:00,74.04,414.23,121.42,0.939,1,13.57,15.71
2026-06-12 09:15:00,75.85,418.11,123.22,0.933,1,19.36,13.18
2026-06-12 09:20:00,68.19,415.82,111.39,0.938,1,9.76,13.35
2026-06-12 09:25:00,72.06,415.85,117.7,0.822,1,19.04,13.53
2026-06-12 09:30:00,60.54,412.05,99.81,0.908,1,24.98,10.23
2026-06-12 09:35:00,75.08,412.39,123.66,0.853,1,22.29,14.82
2026-06-12 09:40:00,62.27,417.35,101.34,0.924,1,17.71,11.13
2026-06-12 09:45:00,76.96,413.53,126.42,0.918,1,23.8,16.36
2026-06-12 09:50:00,67.15,413.76,110.25,0.871,1,24.82,11.01
2026-06-12 09:55:00,67.1,417.41,109.19,0.877,1,16.41,13.99
2026-06-12 10:00:00,64.36,412.38,106.01,0.852,1,10.47,14.1
2026-06-12 10:05:00,65.39,415.67,106.86,0.855,1,23.3,12.69
2026-06-12 10:10:00,73.25,415.11,119.87,0.938,1,21.88,11.22
2026-06-12 10:15:00,53.04,414.99,86.82,0.927,1,6.69,13.88
2026-06-12 10:20:00,71.18,413.7,116.86,0.843,1,23.73,15.08
2026-06-12 10:25:00,65.79,413.55,108.05,0.853,1,12.32,10.79
2026-06-12 10:30:00,57.36,412.3,94.5,0.833,1,11.44,12.04
2026-06-12 10:35:00,57.31,416.21,93.53,0.939,1,11.87,7.04
2026-06-12 10:40:00,70.35,413.33,115.62,0.929,1,11.4,15.95
2026-06-12 10:45:00,56.52,417.42,91.98,0.886,1,15.32,15.85
2026-06-12 10:50:00,54.76,414.44,89.75,0.903,1,16.6,12.59
2026-06-12 10:55:00,65.48,412.35,107.86,0.91,1,13.51,10.15
2026-06-12 11:00:00,60.75,414.41,99.58,0.844,1,13.25,7.0
2026-06-12 11:05:00,53.63,413.97,88.0,0.932,1,19.75,13.79
2026-06-12 11:10:00,58.66,417.52,95.43,0.883,1,5.06,10.47
2026-06-12 11:15:00,51.7,414.08,84.81,0.831,1,23.94,9.6
2026-06-12 11:20:00,61.58,414.31,100.96,0.868,1,19.29,14.74
2026-06-12 11:25:00,60.63,418.53,98.4,0.892,1,19.15,10.51
2026-06-12 11:30:00,57.23,416.27,93.38,0.862,1,13.44,12.73
2026-06-12 11:35:00,55.62,419.16,90.13,0.904,1,24.32,11.28
2026-06-12 11:40:00,61.86,418.15,100.48,0.926,1,5.01,11.95
2026-06-12 11:45:00,52.29,412.78,86.04,0.913,1,6.53,13.5
2026-06-12 11:50:00,45.62,417.47,74.22,0.897,1,21.08,8.14
2026-06-12 11:55:00,53.01,418.81,85.98,0.881,1,19.77,9.19
2026-06-12 12:00:00,60.43,418.83,98.0,0.851,1,10.43,10.93
2026-06-12 12:05:00,44.16,417.47,71.86,0.875,1,16.9,6.02
2026-06-12 12:10:00,46.67,417.42,75.94,0.855,1,15.64,11.35
2026-06-12 12:15:00,49.79,414.24,81.65,0.932,1,15.54,11.6
2026-06-12 12:20:00,46.68,412.91,76.79,0.929,1,16.91,9.23
2026-06-12 12:25:00,41.28,414.12,67.71,0.839,1,24.87,6.54
2026-06-12 12:30:00,51.04,410.84,84.39,0.919,1,24.75,4.08
2026-06-12 12:35:00,56.28,418.36,91.37,0.904,1,24.63,9.44
2026-06-12 12:40:00,44.9,414.29,73.62,0.937,1,15.97,8.35
2026-06-12 12:45:00,38.65,418.23,62.77,0.876,1,11.36,4.0
2026-06-12 12:50:00,34.68,411.92,57.19,0.907,1,16.2,12.81
2026-06-12 12:55:00,42.97,417.71,69.88,0.882,1,17.45,9.57
2026-06-12 13:00:00,46.46,413.76,76.27,0.828,1,11.23,10.18
2026-06-12 13:05:00,42.58,411.79,70.24,0.826,1,17.66,8.2
2026-06-12 13:10:00,39.46,419.07,63.96,0.835,1,17.44,9.68
2026-06-12 13:15:00,35.8,417.77,58.21,0.856,1,23.07,6.9
2026-06-12 13:20:00,32.57,415.53,53.24,0.851,1,9.75,5.98
2026-06-12 13:25:00,41.49,415.08,67.89,0.907,1,18.95,11.66
2026-06-12 13:30:00,41.17,416.1,67.22,0.906,1,14.02,10.65
2026-06-12 13:35:00,28.18,415.49,46.06,0.937,0,0.0,4.0
2026-06-12 13:40:00,43.16,413.02,70.98,0.857,1,11.32,13.01
2026-06-12 13:45:00,37.39,413.97,61.35,0.933,1,6.15,6.85
2026-06-12 13:50:00,40.84,419.9,66.06,0.894,1,11.39,6.75
2026-06-12 13:55:00,26.45,421.68,42.61,0.879,0,0.0,4.0
2026-06-12 14:00:00,25.67,418.91,41.63,0.9,0,0.0,4.0
2026-06-12 14:05:00,31.1,416.2,50.75,0.904,1,7.03,4.0
2026-06-12 14:10:00,33.71,414.16,55.29,0.841,1,21.35,8.26
2026-06-12 14:15:00,39.54,413.0,65.03,0.91,1,23.12,13.16
2026-06-12 14:20:00,33.46,413.17,55.0,0.907,1,14.35,8.93
2026-06-12 14:25:00,28.09,413.62,46.13,0.94,0,0.0,4.0
2026-06-12 14:30:00,23.56,420.38,38.07,0.929,0,0.0,4.0
2026-06-12 14:35:00,34.24,419.52,55.44,0.902,1,9.7,4.34
2026-06-12 14:40:00,22.68,416.87,36.95,0.905,0,0.0,4.0
2026-06-12 14:45:00,35.07,412.6,57.73,0.934,1,16.34,7.51
2026-06-12 14:50:00,24.93,417.23,40.59,0.936,0,0.0,4.0
2026-06-12 14:55:00,33.75,414.4,55.32,0.919,1,19.61,4.0
2026-06-12 15:00:00,28.65,409.62,47.5,0.912,0,0.0,4.0
2026-06-12 15:05:00,24.03,415.72,39.27,0.833,0,0.0,4.0
2026-06-12 15:10:00,21.6,412.9,35.53,0.92,0,0.0,4.0
2026-06-12 15:15:00,21.98,412.98,36.15,0.85,0,0.0,4.0
2026-06-12 15:20:00,25.33,414.37,41.52,0.888,0,0.0,4.0
2026-06-12 15:25:00,23.09,413.75,37.91,0.869,0,0.0,4.0
2026-06-12 15:30:00,19.26,414.91,31.54,0.861,0,0.0,4.0
2026-06-12 15:35:00,20.95,414.79,34.3,0.857,0,0.0,4.0
2026-06-12 15:40:00,21.72,410.31,35.96,0.923,0,0.0,4.0
2026-06-12 15:45:00,10.25,418.8,16.63,0.912,0,0.0,4.0
2026-06-12 15:50:00,22.77,412.54,37.49,0.883,0,0.0,4.0
2026-06-12 15:55:00,15.18,412.62,24.99,0.9,0,0.0,5.77
2026-06-12 16:00:00,13.92,414.18,22.83,0.938,0,0.0,4.0
2026-06-12 16:05:00,10.88,414.73,17.82,0.868,0,0.0,4.0
2026-06-12 16:10:00,10.0,418.65,16.23,0.886,0,0.0,4.0
2026-06-12 16:15:00,11.83,415.67,19.34,0.884,0,0.0,4.0
2026-06-12 16:20:00,14.73,416.42,24.03,0.932,0,0.0,4.0
2026-06-12 16:25:00,27.73,415.69,45.31,0.862,0,0.0,4.0
2026-06-12 16:30:00,15.03,415.58,24.57,0.938,0,0.0,4.0
2026-06-12 16:35:00,18.27,415.77,29.85,0.857,0,0.0,4.0
2026-06-12 16:40:00,19.11,410.17,31.65,0.833,0,0.0,4.0
2026-06-12 16:45:00,17.51,414.38,28.71,0.843,0,0.0,4.0
2026-06-12 16:50:00,16.23,417.91,26.38,0.871,0,0.0,4.0
2026-06-12 16:55:00,10.42,424.86,16.66,0.898,0,0.0,4.0
2026-06-12 17:00:00,23.45,411.99,38.66,0.882,0,0.0,4.0
2026-06-12 17:05:00,25.04,416.06,40.88,0.865,0,0.0,4.0
2026-06-12 17:10:00,10.0,413.57,16.42,0.887,0,0.0,4.0
2026-06-12 17:15:00,10.55,420.12,17.06,0.921,0,0.0,4.0
2026-06-12 17:20:00,14.13,411.62,23.32,0.921,0,0.0,4.0
2026-06-12 17:25:00,10.58,416.56,17.26,0.907,0,0.0,4.0
2026-06-12 17:30:00,17.83,411.48,29.43,0.934,0,0.0,4.0
2026-06-12 17:35:00,11.57,414.2,18.97,0.891,0,0.0,4.0
2026-06-12 17:40:00,25.96,414.91,42.5,0.821,0,0.0,4.0
2026-06-12 17:45:00,21.03,417.67,34.2,0.855,0,0.0,4.0
2026-06-12 17:50:00,16.1,412.31,26.52,0.859,0,0.0,4.0
2026-06-12 17:55:00,20.14,416.66,32.84,0.886,0,0.0,4.0
2026-06-12 18:00:00,20.53,415.05,33.6,0.929,0,0.0,4.0
2026-06-12 18:05:00,12.19,415.68,19.92,0.921,0,0.0,4.0
2026-06-12 18:10:00,10.95,417.4,17.82,0.848,0,0.0,4.0
2026-06-12 18:15:00,15.47,411.79,25.51,0.882,0,0.0,4.0
2026-06-12 18:20:00,19.44,417.03,31.67,0.899,0,0.0,4.0
2026-06-12 18:25:00,15.9,413.58,26.12,0.939,0,0.0,4.0
2026-06-12 18:30:00,10.0,417.74,16.26,0.824,0,0.0,4.0
2026-06-12 18:35:00,11.39,415.84,18.61,0.876,0,0.0,4.0
2026-06-12 18:40:00,15.16,414.48,24.85,0.939,0,0.0,4.0
2026-06-12 18:45:00,15.29,413.52,25.12,0.937,0,0.0,4.0
2026-06-12 18:50:00,25.69,417.06,41.84,0.86,0,0.0,4.0
2026-06-12 18:55:00,10.0,418.15,16.24,0.82,0,0.0,4.0
2026-06-12 19:00:00,18.72,413.67,30.74,0.89,0,0.0,4.0
2026-06-12 19:05:00,23.84,412.17,39.29,0.924,0,0.0,4.0
2026-06-12 19:10:00,27.98,416.74,45.6,0.859,0,0.0,4.0
2026-06-12 19:15:00,14.84,411.38,24.5,0.932,0,0.0,4.0
2026-06-12 19:20:00,19.57,411.74,32.28,0.86,0,0.0,4.0
2026-06-12 19:25:00,20.23,412.34,33.32,0.893,0,0.0,6.5
2026-06-12 19:30:00,18.64,413.96,30.59,0.907,0,0.0,4.0
2026-06-12 19:35:00,17.47,411.66,28.83,0.861,0,0.0,4.0
2026-06-12 19:40:00,20.46,410.15,33.88,0.862,0,0.0,4.0
2026-06-12 19:45:00,10.0,412.16,16.48,0.876,0,0.0,4.0
2026-06-12 19:50:00,22.36,416.61,36.46,0.92,0,0.0,4.0
2026-06-12 19:55:00,19.95,411.82,32.9,0.832,0,0.0,4.0
2026-06-12 20:00:00,18.58,414.15,30.47,0.896,0,0.0,4.0
2026-06-12 20:05:00,30.31,419.87,49.04,0.901,1,13.68,7.47
2026-06-12 20:10:00,17.11,414.88,28.01,0.887,0,0.0,4.0
2026-06-12 20:15:00,18.88,415.86,30.84,0.932,0,0.0,4.0
2026-06-12 20:20:00,31.29,412.63,51.5,0.892,1,22.27,6.25
2026-06-12 20:25:00,17.61,420.41,28.46,0.896,0,0.0,4.0
2026-06-12 20:30:00,19.48,413.65,31.99,0.892,0,0.0,4.0
2026-06-12 20:35:00,21.97,414.43,36.01,0.907,0,0.0,4.0
2026-06-12 20:40:00,27.39,418.29,44.48,0.836,0,0.0,4.0
2026-06-12 20:45:00,24.72,414.55,40.51,0.927,0,0.0,4.0
2026-06-12 20:50:00,17.73,415.12,29.01,0.825,0,0.0,4.0
2026-06-12 20:55:00,22.06,414.3,36.16,0.897,0,0.0,4.0
2026-06-12 21:00:00,22.21,414.31,36.42,0.894,0,0.0,4.0
2026-06-12 21:05:00,25.41,415.93,41.5,0.845,0,0.0,4.0
2026-06-12 21:10:00,28.48,416.38,46.47,0.825,0,0.0,4.0
2026-06-12 21:15:00,29.01,413.39,47.67,0.837,0,0.0,4.0
2026-06-12 21:20:00,18.62,413.08,30.62,0.853,0,0.0,4.0
2026-06-12 21:25:00,33.41,413.48,54.89,0.926,1,8.99,8.06
2026-06-12 21:30:00,29.96,411.5,49.45,0.923,0,0.0,4.0
2026-06-12 21:35:00,36.23,411.02,59.87,0.828,1,20.1,11.46
2026-06-12 21:40:00,32.15,415.74,52.52,0.855,1,7.7,8.12
2026-06-12 21:45:00,36.06,417.35,58.69,0.927,1,16.61,5.6
2026-06-12 21:50:00,33.53,417.18,54.59,0.848,1,24.31,10.09
2026-06-12 21:55:00,38.57,409.05,64.06,0.94,1,12.61,8.84
2026-06-12 22:00:00,35.11,414.39,57.55,0.851,1,5.87,7.69
2026-06-12 22:05:00,32.68,412.24,53.84,0.909,1,17.66,6.15
2026-06-12 22:10:00,45.2,415.36,73.92,0.87,1,5.94,9.71
2026-06-12 22:15:00,38.97,413.96,63.94,0.836,1,8.83,4.18
2026-06-12 22:20:00,38.08,416.48,62.1,0.851,1,5.97,7.3
2026-06-12 22:25:00,29.52,414.95,48.33,0.901,0,0.0,4.0
2026-06-12 22:30:00,30.16,410.26,49.94,0.86,1,22.1,5.87
2026-06-12 22:35:00,38.78,412.58,63.84,0.892,1,19.7,6.37
2026-06-12 22:40:00,38.76,415.01,63.43,0.845,1,11.84,6.1
2026-06-12 22:45:00,35.68,415.23,58.37,0.874,1,22.94,10.55
2026-06-12 22:50:00,40.18,411.49,66.33,0.881,1,18.3,4.84
2026-06-12 22:55:00,48.15,411.16,79.54,0.87,1,13.95,10.31
2026-06-12 23:00:00,44.42,415.14,72.68,0.844,1,6.37,5.7
2026-06-12 23:05:00,35.98,411.49,59.39,0.875,1,19.61,10.51
2026-06-12 23:10:00,41.87,410.83,69.22,0.903,1,12.51,9.15
2026-06-12 23:15:00,39.15,413.89,64.25,0.936,1,11.06,4.35
2026-06-12 23:20:00,41.98,413.78,68.92,0.915,1,10.77,8.87
2026-06-12 23:25:00,42.61,412.8,70.11,0.839,1,5.15,6.32
2026-06-12 23:30:00,43.04,413.24,70.75,0.853,1,19.85,9.26
2026-06-12 23:35:00,39.91,415.03,65.32,0.829,1,7.91,4.51
2026-06-12 23:40:00,46.31,413.2,76.13,0.836,1,15.41,11.95
2026-06-12 23:45:00,44.91,415.18,73.47,0.85,1,5.32,4.0
2026-06-12 23:50:00,33.83,414.05,55.49,0.844,1,17.56,5.1
2026-06-12 23:55:00,59.5,415.42,97.29,0.846,1,12.39,8.83
2026-06-13 00:00:00,55.44,417.2,90.27,0.848,1,17.61,11.74
2026-06-13 00:05:00,48.88,417.1,79.61,0.856,1,6.8,8.0
2026-06-13 00:10:00,51.62,418.22,83.84,0.835,1,10.33,9.38
2026-06-13 00:15:00,46.43,417.1,75.61,0.853,1,7.21,7.24
2026-06-13 00:20:00,61.53,415.6,100.56,0.903,1,17.92,8.81
2026-06-13 00:25:00,63.3,413.92,103.87,0.848,1,7.17,11.22
2026-06-13 00:30:00,55.35,414.03,90.81,0.841,1,17.34,7.82
2026-06-13 00:35:00,60.44,412.81,99.45,0.828,1,7.69,7.03
2026-06-13 00:40:00,56.95,415.01,93.22,0.88,1,23.87,12.89
2026-06-13 00:45:00,50.14,416.74,81.73,0.921,1,13.33,6.83
2026-06-13 00:50:00,55.52,413.19,91.27,0.827,1,7.53,13.74
2026-06-13 00:55:00,58.98,414.91,96.56,0.885,1,5.84,14.18
2026-06-13 01:00:00,56.79,413.31,93.33,0.898,1,11.59,12.85
2026-06-13 01:05:00,58.7,415.52,95.96,0.891,1,22.83,9.08
2026-06-13 01:10:00,60.07,413.63,98.64,0.925,1,7.88,16.11
2026-06-13 01:15:00,60.85,413.15,100.04,0.924,1,20.82,6.56
2026-06-13 01:20:00,62.23,413.3,102.28,0.827,1,13.35,9.83
2026-06-13 01:25:00,57.38,416.26,93.64,0.863,1,21.06,13.31
2026-06-13 01:30:00,59.81,414.76,97.95,0.9,1,22.49,13.63
2026-06-13 01:35:00,57.67,413.93,94.64,0.934,1,24.96,9.95
2026-06-13 01:40:00,69.68,415.65,113.87,0.917,1,6.36,11.05
2026-06-13 01:45:00,54.95,413.96,90.17,0.841,1,20.93,10.44
2026-06-13 01:50:00,71.93,417.82,116.94,0.854,1,6.39,13.07
2026-06-13 01:55:00,73.77,412.57,121.45,0.912,1,11.3,12.76
2026-06-13 02:00:00,65.99,414.53,108.13,0.877,1,17.92,16.6
2026-06-13 02:05:00,55.14,411.49,91.02,0.886,1,13.95,9.04
2026-06-13 02:10:00,67.0,414.13,109.89,0.893,1,16.31,16.26
2026-06-13 02:15:00,69.12,410.8,114.3,0.832,1,24.32,14.6
2026-06-13 02:20:00,65.02,416.87,105.95,0.923,1,21.37,15.13
2026-06-13 02:25:00,68.12,416.92,110.98,0.924,1,12.27,9.42
2026-06-13 02:30:00,78.96,416.96,128.63,0.876,1,17.0,17.44
2026-06-13 02:35:00,75.23,415.07,123.12,0.895,1,5.97,16.13
2026-06-13 02:40:00,67.87,412.8,111.69,0.899,1,14.06,11.38
2026-06-13 02:45:00,65.09,413.0,107.05,0.843,1,17.17,14.53
2026-06-13 02:50:00,72.01,418.83,116.79,0.834,1,19.29,10.51
2026-06-13 02:55:00,73.14,418.59,118.68,0.822,1,23.03,13.22
2026-06-13 03:00:00,77.23,415.31,126.31,0.93,1,10.66,17.13
2026-06-13 03:05:00,72.61,413.71,119.21,0.861,1,23.04,13.8
2026-06-13 03:10:00,78.36,418.42,127.21,0.83,1,18.23,14.41
2026-06-13 03:15:00,85.99,413.26,141.34,0.876,1,6.55,19.05
2026-06-13 03:20:00,80.89,415.57,132.21,0.829,1,12.61,10.68
2026-06-13 03:25:00,77.06,418.38,125.1,0.83,1,14.53,14.19
2026-06-13 03:30:00,76.85,412.91,126.42,0.879,1,12.05,14.28
2026-06-13 03:35:00,76.44,417.07,124.5,0.881,1,7.32,12.29
2026-06-13 03:40:00,84.57,416.3,137.99,0.89,1,16.03,19.2
2026-06-13 03:45:00,75.96,414.9,124.37,0.899,1,7.64,11.95
2026-06-13 03:50:00,79.74,412.52,131.31,0.9,1,23.3,13.45
2026-06-13 03:55:00,80.18,413.19,131.81,0.872,1,22.31,9.84
2026-06-13 04:00:00,77.8,415.72,127.12,0.897,1,14.5,17.3
2026-06-13 04:05:00,73.82,411.44,121.88,0.857,1,6.35,12.85
2026-06-13 04:10:00,82.66,415.33,135.19,0.873,1,16.04,14.92
2026-06-13 04:15:00,81.09,416.35,132.29,0.867,1,16.84,14.95
2026-06-13 04:20:00,84.22,417.46,137.04,0.859,1,22.77,19.05
2026-06-13 04:25:00,79.37,411.5,131.01,0.849,1,6.35,18.33
2026-06-13 04:30:00,88.44,418.29,143.62,0.829,1,18.84,12.86
2026-06-13 04:35:00,78.24,419.24,126.76,0.881,1,16.26,13.83
2026-06-13 04:40:00,91.45,416.03,149.31,0.884,1,8.5,14.26
2026-06-13 04:45:00,74.4,412.4,122.55,0.86,1,7.43,13.25
2026-06-13 04:50:00,85.55,414.18,140.31,0.937,1,18.88,16.13
2026-06-13 04:55:00,85.98,414.88,140.77,0.887,1,11.8,12.1
2026-06-13 05:00:00,79.83,415.68,130.45,0.927,1,25.0,16.47
2026-06-13 05:05:00,86.12,415.05,140.94,0.888,1,22.88,15.61
2026-06-13 05:10:00,90.57,415.7,147.99,0.843,1,16.31,18.92
2026-06-13 05:15:00,73.24,414.77,119.95,0.937,1,17.83,14.15
2026-06-13 05:20:00,86.98,415.66,142.14,0.926,1,8.18,12.1
2026-06-13 05:25:00,72.13,413.85,118.38,0.877,1,22.88,15.55
2026-06-13 05:30:00,79.87,414.15,131.0,0.849,1,14.18,11.99
2026-06-13 05:35:00,92.94,413.56,152.65,0.847,1,15.43,14.66
2026-06-13 05:40:00,81.96,419.79,132.61,0.917,1,22.46,15.14
2026-06-13 05:45:00,79.06,418.66,128.26,0.828,1,5.13,13.83
2026-06-13 05:50:00,83.98,416.39,136.99,0.897,1,14.89,11.81
2026-06-13 05:55:00,95.33,418.31,154.8,0.897,1,17.54,17.69
2026-06-13 06:00:00,75.84,417.0,123.54,0.842,1,8.19,13.86
2026-06-13 06:05:00,79.74,415.45,130.36,0.905,1,6.37,14.37
2026-06-13 06:10:00,92.45,411.24,152.71,0.905,1,15.7,13.53
2026-06-13 06:15:00,94.21,414.34,154.45,0.862,1,15.95,18.09
2026-06-13 06:20:00,84.35,414.16,138.34,0.878,1,11.61,17.19
2026-06-13 06:25:00,78.6,412.17,129.53,0.92,1,22.64,12.17
2026-06-13 06:30:00,95.18,411.28,157.19,0.883,1,11.02,15.2
2026-06-13 06:35:00,92.56,416.23,151.06,0.894,1,15.33,19.25
2026-06-13 06:40:00,87.86,415.81,143.53,0.87,1,8.73,19.9
2026-06-13 06:45:00,80.27,412.08,132.31,0.838,1,5.22,14.32
2026-06-13 06:50:00,83.93,413.14,137.99,0.94,1,13.52,14.74
2026-06-13 06:55:00,83.2,417.9,135.22,0.884,1,15.54,16.21
2026-06-13 07:00:00,85.46,412.81,140.62,0.86,1,20.29,19.53
2026-06-13 07:05:00,90.86,415.43,148.56,0.906,1,13.98,15.09
2026-06-13 07:10:00,87.78,414.53,143.83,0.894,1,10.57,15.21
2026-06-13 07:15:00,77.76,416.27,126.88,0.848,1,17.08,13.67
2026-06-13 07:20:00,89.77,412.86,147.7,0.925,1,12.62,13.52
2026-06-13 07:25:00,84.19,415.23,137.72,0.829,1,9.67,17.61
2026-06-13 07:30:00,85.77,415.42,140.24,0.893,1,23.21,17.2
2026-06-13 07:35:00,89.37,415.58,146.07,0.877,1,15.73,12.21
2026-06-13 07:40:00,76.16,415.2,124.6,0.858,1,9.01,14.13
2026-06-13 07:45:00,81.21,415.86,132.65,0.919,1,18.42,19.38
2026-06-13 07:50:00,78.39,420.48,126.63,0.899,1,21.06,15.8
2026-06-13 07:55:00,72.85,421.4,117.42,0.911,1,20.17,17.83
2026-06-13 08:00:00,82.04,413.4,134.81,0.87,1,16.99,14.32
2026-06-13 08:05:00,92.48,409.2,153.51,0.933,1,15.39,19.65
2026-06-13 08:10:00,70.32,416.49,114.68,0.861,1,20.55,16.72
2026-06-13 08:15:00,78.94,415.47,129.06,0.884,1,19.16,15.0
2026-06-13 08:20:00,81.87,417.65,133.16,0.932,1,16.43,14.61
2026-06-13 08:25:00,78.84,415.71,128.82,0.83,1,18.15,17.64
2026-06-13 08:30:00,77.2,415.15,126.32,0.833,1,8.37,15.56
2026-06-13 08:35:00,70.8,417.82,115.1,0.939,1,5.4,15.22
2026-06-13 08:40:00,77.98,418.17,126.66,0.937,1,23.62,16.17
2026-06-13 08:45:00,72.53,411.53,119.72,0.913,1,23.71,14.06
2026-06-13 08:50:00,64.86,412.96,106.68,0.878,1,20.76,12.51
2026-06-13 08:55:00,81.26,414.74,133.08,0.881,1,12.45,14.43
2026-06-13 09:00:00,79.54,415.25,130.11,0.851,1,8.02,15.64
2026-06-13 09:05:00,74.46,414.44,122.04,0.872,1,12.15,13.6
2026-06-13 09:10:00,74.79,416.09,122.1,0.872,1,19.52,15.02
2026-06-13 09:15:00,78.45,417.49,127.64,0.824,1,11.7,12.87
2026-06-13 09:20:00,73.62,419.31,119.26,0.874,1,20.92,12.33
2026-06-13 09:25:00,76.43,416.45,124.66,0.878,1,18.46,16.03
2026-06-13 09:30:00,69.82,412.87,114.87,0.9,1,17.6,14.34
2026-06-13 09:35:00,77.26,414.63,126.56,0.882,1,23.6,14.09
2026-06-13 09:40:00,71.68,414.81,117.37,0.923,1,22.87,17.23
2026-06-13 09:45:00,70.42,416.29,114.9,0.864,1,19.23,11.74
2026-06-13 09:50:00,62.46,415.97,101.99,0.869,1,8.98,12.7
2026-06-13 09:55:00,69.59,420.13,112.52,0.889,1,23.78,14.77
2026-06-13 10:00:00,63.34,413.85,103.96,0.844,1,9.54,12.0
2026-06-13 10:05:00,63.64,415.96,103.93,0.867,1,12.45,15.0
2026-06-13 10:10:00,62.08,420.89,100.2,0.902,1,21.54,16.01
2026-06-13 10:15:00,60.15,413.54,98.8,0.869,1,9.17,8.63
2026-06-13 10:20:00,75.42,415.36,123.33,0.929,1,17.77,9.21
2026-06-13 10:25:00,70.75,412.64,116.47,0.894,1,14.16,12.31
2026-06-13 10:30:00,73.0,415.21,119.42,0.838,1,17.48,11.74
2026-06-13 10:35:00,56.57,413.05,93.03,0.878,1,24.16,10.38
2026-06-13 10:40:00,62.33,417.62,101.38,0.912,1,21.17,16.48
2026-06-13 10:45:00,54.78,415.37,89.59,0.897,1,10.92,16.64
2026-06-13 10:50:00,57.05,412.66,93.9,0.926,1,6.15,8.39
2026-06-13 10:55:00,55.2,417.1,89.9,0.91,1,24.34,11.67
2026-06-13 11:00:00,65.26,415.45,106.69,0.827,1,16.7,13.05
2026-06-13 11:05:00,56.34,417.38,91.69,0.834,1,8.46,11.36
2026-06-13 11:10:00,62.92,412.13,103.7,0.898,1,17.54,9.04
2026-06-13 11:15:00,59.85,415.92,97.74,0.849,1,5.84,13.92
2026-06-13 11:20:00,67.6,416.93,110.13,0.891,1,8.75,14.69
2026-06-13 11:25:00,47.93,413.94,78.65,0.915,1,17.65,8.4
2026-06-13 11:30:00,60.86,411.85,100.38,0.889,1,13.05,14.45
2026-06-13 11:35:00,59.54,414.9,97.48,0.87,1,11.5,7.96
2026-06-13 11:40:00,48.18,418.07,78.29,0.898,1,18.11,5.67
2026-06-13 11:45:00,57.32,417.81,93.19,0.837,1,22.33,12.05
2026-06-13 11:50:00,53.21,413.93,87.31,0.907,1,18.57,11.5
2026-06-13 11:55:00,49.63,411.79,81.86,0.904,1,14.27,9.27
2026-06-13 12:00:00,45.88,413.92,75.29,0.882,1,18.18,11.73
2026-06-13 12:05:00,45.64,413.83,74.91,0.853,1,18.91,7.64
2026-06-13 12:10:00,58.72,416.12,95.86,0.916,1,20.5,14.38
2026-06-13 12:15:00,47.71,414.74,78.15,0.881,1,11.14,10.97
2026-06-13 12:20:00,50.86,413.12,83.63,0.827,1,7.29,13.82
2026-06-13 12:25:00,42.24,417.76,68.67,0.93,1,18.64,4.44
2026-06-13 12:30:00,41.53,415.35,67.92,0.912,1,7.42,6.72
2026-06-13 12:35:00,50.09,416.09,81.76,0.89,1,14.24,7.63
2026-06-13 12:40:00,37.17,410.69,61.48,0.872,1,9.61,8.97
2026-06-13 12:45:00,41.1,408.94,68.26,0.935,1,11.64,11.61
2026-06-13 12:50:00,42.59,411.41,70.33,0.913,1,14.41,7.53
2026-06-13 12:55:00,42.24,413.8,69.33,0.884,1,22.92,10.13
2026-06-13 13:00:00,40.05,416.44,65.32,0.898,1,18.61,11.47
2026-06-13 13:05:00,42.19,409.14,70.04,0.854,1,8.43,8.77
2026-06-13 13:10:00,42.94,418.98,69.61,0.843,1,22.59,10.48
2026-06-13 13:15:00,42.42,415.43,69.36,0.853,1,15.01,4.0
2026-06-13 13:20:00,33.1,418.4,53.74,0.855,1,9.09,10.03
2026-06-13 13:25:00,35.89,412.79,59.06,0.909,1,15.55,6.55
2026-06-13 13:30:00,42.58,416.26,69.48,0.837,1,8.82,14.27
2026-06-13 13:35:00,40.38,415.21,66.05,0.913,1,12.35,5.92
2026-06-13 13:40:00,28.34,417.04,46.17,0.883,0,0.0,4.0
2026-06-13 13:45:00,36.28,414.42,59.46,0.866,1,18.17,9.35
2026-06-13 13:50:00,23.95,416.18,39.09,0.856,0,0.0,4.0
2026-06-13 13:55:00,33.4,417.76,54.31,0.882,1,9.53,10.59
2026-06-13 14:00:00,41.99,413.37,69.0,0.858,1,10.64,9.81
2026-06-13 14:05:00,27.1,415.61,44.3,0.872,0,0.0,4.0
2026-06-13 14:10:00,27.02,410.28,44.74,0.909,0,0.0,4.0
2026-06-13 14:15:00,34.38,416.76,56.03,0.895,1,17.32,7.89
2026-06-13 14:20:00,22.21,419.89,35.93,0.91,0,0.0,4.0
2026-06-13 14:25:00,26.14,411.89,43.11,0.906,0,0.0,4.0
2026-06-13 14:30:00,31.68,414.77,51.87,0.918,1,23.89,6.74
2026-06-13 14:35:00,24.92,417.2,40.57,0.844,0,0.0,4.0
2026-06-13 14:40:00,26.32,415.08,43.08,0.939,0,0.0,4.0
2026-06-13 14:45:00,30.64,415.41,50.11,0.877,1,21.22,6.6
2026-06-13 14:50:00,28.46,414.02,46.7,0.906,0,0.0,4.0
2026-06-13 14:55:00,27.13,413.93,44.52,0.901,0,0.0,4.0
2026-06-13 15:00:00,23.56,414.78,38.58,0.888,0,0.0,4.0
2026-06-13 15:05:00,26.57,415.1,43.47,0.939,0,0.0,4.0
2026-06-13 15:10:00,23.58,412.05,38.87,0.846,0,0.0,4.0
2026-06-13 15:15:00,25.97,414.83,42.53,0.871,0,0.0,4.0
2026-06-13 15:20:00,20.7,418.92,33.57,0.835,0,0.0,4.0
2026-06-13 15:25:00,21.79,413.95,35.76,0.842,0,0.0,4.0
2026-06-13 15:30:00,17.28,411.91,28.5,0.906,0,0.0,4.0
2026-06-13 15:35:00,21.6,414.62,35.39,0.821,0,0.0,4.0
2026-06-13 15:40:00,17.27,413.21,28.4,0.927,0,0.0,4.0
2026-06-13 15:45:00,15.33,411.65,25.29,0.896,0,0.0,4.0
2026-06-13 15:50:00,21.77,415.35,35.61,0.873,0,0.0,4.0
2026-06-13 15:55:00,21.14,413.22,34.75,0.86,0,0.0,4.0
2026-06-13 16:00:00,23.6,413.44,38.78,0.835,0,0.0,4.41
2026-06-13 16:05:00,17.16,415.38,28.06,0.931,0,0.0,4.0
2026-06-13 16:10:00,20.99,411.17,34.68,0.905,0,0.0,4.0
2026-06-13 16:15:00,21.36,410.65,35.34,0.86,0,0.0,4.0
2026-06-13 16:20:00,20.5,416.68,33.42,0.829,0,0.0,4.0
2026-06-13 16:25:00,13.84,410.17,22.91,0.859,0,0.0,4.0
2026-06-13 16:30:00,18.41,412.56,30.31,0.842,0,0.0,4.0
2026-06-13 16:35:00,19.2,410.5,31.77,0.914,0,0.0,4.0
2026-06-13 16:40:00,17.15,413.78,28.15,0.906,0,0.0,4.0
2026-06-13 16:45:00,10.0,416.07,16.33,0.88,0,0.0,4.0
2026-06-13 16:50:00,17.42,415.28,28.5,0.926,0,0.0,4.0
2026-06-13 16:55:00,27.46,420.98,44.31,0.842,0,0.0,4.0
2026-06-13 17:00:00,14.39,417.72,23.4,0.874,0,0.0,4.0
2026-06-13 17:05:00,12.36,412.67,20.35,0.905,0,0.0,4.0
2026-06-13 17:10:00,17.7,412.01,29.18,0.828,0,0.0,4.0
2026-06-13 17:15:00,17.23,421.77,27.76,0.865,0,0.0,4.0
2026-06-13 17:20:00,21.5,417.66,34.96,0.889,0,0.0,4.0
2026-06-13 17:25:00,10.0,416.47,16.31,0.864,0,0.0,4.88
2026-06-13 17:30:00,18.96,415.19,31.01,0.878,0,0.0,4.0
2026-06-13 17:35:00,18.16,415.68,29.67,0.893,0,0.0,4.0
2026-06-13 17:40:00,14.42,411.29,23.82,0.864,0,0.0,4.0
2026-06-13 17:45:00,16.77,415.39,27.42,0.833,0,0.0,4.0
2026-06-13 17:50:00,20.18,415.18,33.02,0.837,0,0.0,4.0
2026-06-13 17:55:00,19.37,412.74,31.88,0.883,0,0.0,4.0
2026-06-13 18:00:00,10.0,413.65,16.42,0.841,0,0.0,4.0
2026-06-13 18:05:00,19.11,418.79,30.99,0.927,0,0.0,4.0
2026-06-13 18:10:00,14.71,414.69,24.09,0.92,0,0.0,4.0
2026-06-13 18:15:00,15.44,420.18,24.96,0.862,0,0.0,4.0
2026-06-13 18:20:00,15.5,410.65,25.64,0.92,0,0.0,4.0
2026-06-13 18:25:00,14.46,413.69,23.74,0.884,0,0.0,4.0
2026-06-13 18:30:00,21.26,411.13,35.12,0.839,0,0.0,4.0
2026-06-13 18:35:00,14.99,411.98,24.71,0.894,0,0.0,4.0
2026-06-13 18:40:00,10.0,412.93,16.45,0.902,0,0.0,4.0
2026-06-13 18:45:00,13.7,415.79,22.39,0.83,0,0.0,4.0
2026-06-13 18:50:00,16.72,415.67,27.33,0.858,0,0.0,4.0
2026-06-13 18:55:00,22.15,413.3,36.4,0.821,0,0.0,4.0
2026-06-13 19:00:00,19.21,409.43,31.87,0.858,0,0.0,4.0
2026-06-13 19:05:00,12.15,418.69,19.7,0.86,0,0.0,4.0
2026-06-13 19:10:00,29.05,414.29,47.62,0.896,0,0.0,4.0
2026-06-13 19:15:00,18.18,412.21,29.96,0.844,0,0.0,4.84
2026-06-13 19:20:00,23.49,415.69,38.38,0.824,0,0.0,4.0
2026-06-13 19:25:00,16.62,415.51,27.17,0.858,0,0.0,4.0
2026-06-13 19:30:00,20.33,414.19,33.34,0.919,0,0.0,4.0
2026-06-13 19:35:00,22.16,415.37,36.24,0.868,0,0.0,4.0
2026-06-13 19:40:00,24.37,412.11,40.17,0.87,0,0.0,4.0
2026-06-13 19:45:00,23.9,416.9,38.93,0.876,0,0.0,4.0
2026-06-13 19:50:00,23.32,412.51,38.39,0.91,0,0.0,4.0
2026-06-13 19:55:00,17.74,413.49,29.14,0.878,0,0.0,4.0
2026-06-13 20:00:00,16.83,416.62,27.44,0.831,0,0.0,4.0
2026-06-13 20:05:00,21.74,418.01,35.33,0.845,0,0.0,4.0
2026-06-13 20:10:00,25.15,418.96,40.77,0.843,0,0.0,4.0
2026-06-13 20:15:00,19.78,417.64,32.18,0.881,0,0.0,4.0
2026-06-13 20:20:00,26.66,414.19,43.71,0.824,0,0.0,4.0
2026-06-13 20:25:00,29.04,411.15,47.97,0.854,0,0.0,4.0
2026-06-13 20:30:00,17.65,418.51,28.65,0.893,0,0.0,4.0
2026-06-13 20:35:00,18.52,418.43,30.06,0.863,0,0.0,4.0
2026-06-13 20:40:00,22.49,413.32,36.95,0.905,0,0.0,4.0
2026-06-13 20:45:00,25.22,417.3,41.06,0.867,0,0.0,4.0
2026-06-13 20:50:00,21.57,414.17,35.38,0.938,0,0.0,4.0
2026-06-13 20:55:00,31.48,418.75,51.06,0.936,1,15.36,11.32
2026-06-13 21:00:00,27.37,413.71,44.94,0.916,0,0.0,4.0
2026-06-13 21:05:00,25.99,419.95,42.05,0.935,0,0.0,4.0
2026-06-13 21:10:00,19.17,416.97,31.24,0.845,0,0.0,4.0
2026-06-13 21:15:00,20.34,419.49,32.94,0.91,0,0.0,4.0
2026-06-13 21:20:00,28.91,413.84,47.45,0.859,0,0.0,4.0
2026-06-13 21:25:00,17.43,416.01,28.46,0.907,0,0.0,4.0
2026-06-13 21:30:00,33.76,412.58,55.58,0.865,1,7.79,5.91
2026-06-13 21:35:00,28.51,417.11,46.43,0.855,0,0.0,4.0
2026-06-13 21:40:00,46.14,417.25,75.11,0.935,1,22.36,7.44
2026-06-13 21:45:00,42.09,420.99,67.92,0.845,1,5.69,7.06
2026-06-13 21:50:00,30.29,416.21,49.43,0.911,1,5.54,6.47
2026-06-13 21:55:00,31.31,416.81,51.03,0.901,1,24.8,4.0
2026-06-13 22:00:00,37.48,413.82,61.52,0.856,1,18.47,9.86
2026-06-13 22:05:00,41.68,416.35,68.0,0.875,1,7.81,8.39
2026-06-13 22:10:00,25.65,414.05,42.08,0.837,0,0.0,4.0
2026-06-13 22:15:00,25.59,415.29,41.85,0.931,0,0.0,4.0
2026-06-13 22:20:00,32.1,415.44,52.48,0.936,1,9.54,8.42
2026-06-13 22:25:00,38.82,414.12,63.67,0.908,1,20.06,9.39
2026-06-13 22:30:00,39.09,415.16,63.96,0.922,1,9.82,8.17
2026-06-13 22:35:00,42.66,414.06,69.99,0.83,1,12.97,8.31
2026-06-13 22:40:00,32.03,414.05,52.55,0.866,1,22.61,5.55
2026-06-13 22:45:00,27.17,417.69,44.18,0.86,0,0.0,4.0
2026-06-13 22:50:00,43.77,415.44,71.56,0.888,1,11.14,9.33
2026-06-13 22:55:00,36.07,415.87,58.91,0.842,1,14.74,8.14
2026-06-13 23:00:00,30.85,411.36,50.94,0.888,1,17.51,6.75
2026-06-13 23:05:00,42.41,416.06,69.23,0.899,1,5.56,4.81
2026-06-13 23:10:00,46.39,416.33,75.69,0.836,1,13.21,4.0
2026-06-13 23:15:00,42.56,414.0,69.83,0.836,1,11.89,8.38
2026-06-13 23:20:00,41.63,420.21,67.3,0.824,1,5.54,4.0
2026-06-13 23:25:00,43.88,409.28,72.82,0.911,1,12.11,9.24
2026-06-13 23:30:00,43.58,416.96,70.99,0.86,1,23.63,13.53
2026-06-13 23:35:00,39.45,416.78,64.29,0.847,1,10.49,8.39
2026-06-13 23:40:00,43.38,416.35,70.77,0.913,1,16.71,7.63
2026-06-13 23:45:00,50.32,415.44,82.27,0.837,1,10.96,7.19
2026-06-13 23:50:00,50.08,416.38,81.7,0.871,1,7.13,8.04
2026-06-13 23:55:00,50.08,417.17,81.54,0.909,1,10.79,9.47
2026-06-14 00:00:00,45.02,413.19,74.02,0.889,1,14.42,11.3
2026-06-14 00:05:00,49.86,415.75,81.46,0.886,1,10.92,9.84
2026-06-14 00:10:00,40.64,414.54,66.59,0.839,1,17.48,7.52
2026-06-14 00:15:00,53.18,412.27,87.62,0.842,1,23.98,12.33
2026-06-14 00:20:00,60.19,416.79,98.1,0.89,1,6.39,14.56
2026-06-14 00:25:00,46.44,413.59,76.27,0.823,1,19.34,10.05
2026-06-14 00:30:00,51.64,411.26,85.29,0.924,1,5.03,9.99
2026-06-14 00:35:00,56.97,413.65,93.55,0.862,1,5.02,6.67
2026-06-14 00:40:00,62.34,413.0,102.53,0.87,1,7.66,8.46
2026-06-14 00:45:00,54.59,417.57,88.8,0.851,1,14.6,7.11
2026-06-14 00:50:00,54.11,415.38,88.49,0.925,1,5.96,9.6
2026-06-14 00:55:00,48.47,418.46,78.69,0.897,1,19.44,7.77
2026-06-14 01:00:00,59.58,413.33,97.9,0.874,1,5.59,9.86
2026-06-14 01:05:00,70.0,417.19,113.98,0.89,1,14.91,11.39
2026-06-14 01:10:00,61.91,422.1,99.63,0.866,1,18.52,10.32
2026-06-14 01:15:00,61.14,415.89,99.86,0.876,1,9.75,7.21
2026-06-14 01:20:00,63.58,417.15,103.53,0.863,1,16.59,12.78
2026-06-14 01:25:00,62.63,416.73,102.08,0.869,1,10.24,13.4
2026-06-14 01:30:00,59.33,411.44,97.95,0.858,1,9.28,11.3
2026-06-14 01:35:00,68.21,416.46,111.25,0.829,1,21.37,14.19
2026-06-14 01:40:00,65.92,415.77,107.7,0.824,1,11.66,13.52
2026-06-14 01:45:00,65.57,414.35,107.49,0.841,1,21.28,13.85
2026-06-14 01:50:00,61.28,412.79,100.84,0.85,1,9.34,13.45
2026-06-14 01:55:00,73.35,416.73,119.56,0.927,1,12.12,16.56
2026-06-14 02:00:00,70.82,412.57,116.6,0.893,1,7.05,16.75
2026-06-14 02:05:00,65.39,420.33,105.67,0.935,1,14.93,8.07
2026-06-14 02:10:00,73.81,415.29,120.73,0.861,1,12.63,15.0
2026-06-14 02:15:00,66.96,411.94,110.41,0.868,1,5.12,9.51
2026-06-14 02:20:00,66.17,413.72,108.63,0.906,1,14.3,15.87
2026-06-14 02:25:00,66.9,414.3,109.68,0.889,1,6.49,12.52
2026-06-14 02:30:00,62.45,421.03,100.75,0.883,1,21.74,12.97
2026-06-14 02:35:00,74.27,412.79,122.21,0.889,1,14.87,14.38
2026-06-14 02:40:00,63.34,414.71,103.75,0.89,1,18.8,12.83
2026-06-14 02:45:00,66.93,413.66,109.91,0.912,1,21.42,16.92
2026-06-14 02:50:00,63.27,416.25,103.24,0.9,1,6.02,14.55
2026-06-14 02:55:00,73.77,413.7,121.13,0.935,1,11.74,17.57
2026-06-14 03:00:00,74.0,412.15,121.95,0.934,1,5.5,13.14
2026-06-14 03:05:00,73.65,414.51,120.69,0.871,1,5.99,8.65
2026-06-14 03:10:00,70.59,414.25,115.75,0.824,1,5.76,14.72
2026-06-14 03:15:00,70.45,413.52,115.73,0.821,1,14.56,10.83
2026-06-14 03:20:00,79.13,413.65,129.94,0.835,1,14.01,14.11
2026-06-14 03:25:00,74.54,417.96,121.14,0.829,1,6.22,13.59
2026-06-14 03:30:00,79.35,414.2,130.13,0.865,1,10.25,14.8
2026-06-14 03:35:00,73.8,412.16,121.62,0.826,1,9.89,15.27
2026-06-14 03:40:00,79.58,413.84,130.61,0.895,1,10.93,12.74
2026-06-14 03:45:00,85.62,415.14,140.09,0.843,1,17.82,17.75
2026-06-14 03:50:00,82.45,411.66,136.05,0.882,1,18.94,15.35
2026-06-14 03:55:00,77.86,419.06,126.2,0.832,1,11.78,20.61
2026-06-14 04:00:00,81.6,417.17,132.86,0.919,1,20.76,12.05
2026-06-14 04:05:00,79.48,418.58,128.98,0.914,1,13.36,15.27
2026-06-14 04:10:00,81.08,415.98,132.4,0.866,1,15.45,16.79
2026-06-14 04:15:00,79.76,409.77,132.22,0.929,1,7.91,13.8
2026-06-14 04:20:00,80.9,418.84,131.2,0.842,1,9.66,13.72
2026-06-14 04:25:00,83.1,412.84,136.72,0.918,1,19.55,18.99
2026-06-14 04:30:00,77.37,413.04,127.23,0.886,1,24.54,17.1
2026-06-14 04:35:00,77.54,415.39,126.8,0.86,1,19.09,13.07
2026-06-14 04:40:00,75.95,418.45,123.28,0.83,1,6.08,10.55
2026-06-14 04:45:00,75.14,417.63,122.21,0.841,1,7.86,15.28
2026-06-14 04:50:00,77.29,417.27,125.82,0.924,1,13.92,15.35
2026-06-14 04:55:00,84.4,414.22,138.4,0.893,1,19.65,17.49
2026-06-14 05:00:00,79.34,414.18,130.12,0.848,1,8.32,14.39
2026-06-14 05:05:00,86.57,415.86,141.39,0.88,1,20.02,18.57
2026-06-14 05:10:00,84.34,414.67,138.16,0.833,1,16.12,19.68
2026-06-14 05:15:00,74.48,417.22,121.26,0.832,1,20.49,17.97
2026-06-14 05:20:00,87.74,417.08,142.9,0.929,1,16.15,14.71
2026-06-14 05:25:00,88.65,416.48,144.58,0.875,1,17.05,22.58
2026-06-14 05:30:00,79.73,408.69,132.52,0.863,1,9.97,16.37
2026-06-14 05:35:00,86.89,415.32,142.11,0.934,1,19.4,13.32
2026-06-14 05:40:00,80.58,414.73,131.98,0.868,1,21.88,16.61
2026-06-14 05:45:00,85.41,415.42,139.66,0.86,1,22.43,17.03
2026-06-14 05:50:00,78.64,413.11,129.31,0.853,1,5.59,14.17
2026-06-14 05:55:00,76.03,411.69,125.44,0.888,1,17.49,14.09
2026-06-14 06:00:00,83.09,416.16,135.61,0.887,1,24.79,17.82
2026-06-14 06:05:00,84.37,414.11,138.4,0.822,1,16.74,17.66
2026-06-14 06:10:00,82.98,416.44,135.35,0.898,1,8.43,14.0
2026-06-14 06:15:00,79.0,413.32,129.84,0.915,1,22.55,14.11
2026-06-14 06:20:00,82.87,418.54,134.49,0.894,1,10.29,14.1
2026-06-14 06:25:00,86.14,417.5,140.14,0.924,1,5.9,15.4
2026-06-14 06:30:00,84.48,415.74,138.02,0.853,1,13.61,17.93
2026-06-14 06:35:00,85.51,414.47,140.13,0.843,1,7.01,18.52
2026-06-14 06:40:00,81.12,417.13,132.09,0.904,1,7.3,14.47
2026-06-14 06:45:00,90.19,415.98,147.26,0.843,1,14.27,19.49
2026-06-14 06:50:00,78.29,415.6,127.96,0.831,1,17.25,15.98
2026-06-14 06:55:00,86.43,417.61,140.59,0.832,1,23.11,17.02
2026-06-14 07:00:00,89.72,418.57,145.59,0.912,1,19.11,21.42
2026-06-14 07:05:00,86.01,411.87,141.84,0.823,1,21.85,17.33
2026-06-14 07:10:00,82.37,412.37,135.67,0.855,1,13.24,15.18
2026-06-14 07:15:00,80.5,413.05,132.38,0.836,1,11.37,16.99
2026-06-14 07:20:00,88.07,411.24,145.47,0.911,1,16.86,13.85
2026-06-14 07:25:00,75.51,414.84,123.63,0.88,1,18.91,14.03
2026-06-14 07:30:00,77.49,416.5,126.37,0.845,1,16.37,15.37
2026-06-14 07:35:00,80.05,414.95,131.04,0.91,1,10.29,16.58
2026-06-14 07:40:00,87.91,413.66,144.35,0.91,1,12.39,17.0
2026-06-14 07:45:00,83.29,417.82,135.41,0.883,1,13.97,12.71
2026-06-14 07:50:00,76.21,415.35,124.62,0.853,1,5.28,11.94
2026-06-14 07:55:00,79.13,415.86,129.26,0.89,1,22.6,14.38
2026-06-14 08:00:00,77.24,417.89,125.55,0.932,1,15.23,15.22
2026-06-14 08:05:00,76.37,414.69,125.1,0.826,1,20.02,11.75
2026-06-14 08:10:00,84.41,420.15,136.47,0.852,1,8.44,18.87
2026-06-14 08:15:00,72.24,413.88,118.56,0.854,1,16.13,14.53
2026-06-14 08:20:00,86.71,419.99,140.24,0.896,1,23.52,17.44
2026-06-14 08:25:00,82.37,412.56,135.61,0.898,1,9.29,14.89
2026-06-14 08:30:00,83.22,416.29,135.79,0.845,1,11.92,12.24
2026-06-14 08:35:00,74.98,413.39,123.2,0.846,1,12.77,14.34
2026-06-14 08:40:00,76.06,417.8,123.66,0.931,1,12.67,16.05
2026-06-14 08:45:00,69.15,413.8,113.51,0.911,1,17.01,12.94
2026-06-14 08:50:00,73.18,415.73,119.57,0.932,1,12.88,16.29
2026-06-14 08:55:00,77.75,413.37,127.76,0.92,1,18.48,14.78
2026-06-14 09:00:00,81.23,417.34,132.21,0.868,1,14.69,16.96
2026-06-14 09:05:00,68.67,413.36,112.84,0.835,1,8.15,12.51
2026-06-14 09:10:00,71.82,419.21,116.37,0.896,1,23.97,15.0
2026-06-14 09:15:00,72.32,412.51,119.09,0.862,1,9.79,15.51
2026-06-14 09:20:00,65.52,411.64,108.11,0.871,1,16.25,10.11
2026-06-14 09:25:00,74.86,417.38,121.84,0.871,1,6.21,15.28
2026-06-14 09:30:00,67.69,413.52,111.18,0.932,1,23.37,15.79
2026-06-14 09:35:00,69.72,414.98,114.12,0.828,1,23.56,18.79
2026-06-14 09:40:00,67.82,414.19,111.21,0.843,1,12.29,12.99
2026-06-14 09:45:00,65.5,411.72,108.06,0.893,1,7.42,7.31
2026-06-14 09:50:00,68.77,414.81,112.61,0.926,1,20.4,9.28
2026-06-14 09:55:00,67.08,418.16,108.96,0.93,1,10.25,10.54
2026-06-14 10:00:00,65.64,417.51,106.79,0.887,1,19.01,15.73
2026-06-14 10:05:00,63.19,415.58,103.29,0.824,1,23.3,17.61
2026-06-14 10:10:00,67.76,417.78,110.17,0.864,1,16.8,12.1
2026-06-14 10:15:00,73.75,412.35,121.48,0.93,1,22.22,14.51
2026-06-14 10:20:00,65.49,414.19,107.4,0.88,1,9.49,6.3
2026-06-14 10:25:00,69.08,415.99,112.79,0.907,1,23.21,15.1
2026-06-14 10:30:00,56.44,414.67,92.46,0.852,1,9.53,10.95
2026-06-14 10:35:00,63.47,414.38,104.05,0.823,1,9.52,11.32
2026-06-14 10:40:00,56.48,412.0,93.12,0.889,1,22.6,9.07
2026-06-14 10:45:00,53.87,409.8,89.28,0.92,1,16.1,9.69
2026-06-14 10:50:00,56.83,417.04,92.56,0.939,1,20.99,8.17
2026-06-14 10:55:00,65.75,415.61,107.47,0.922,1,21.05,10.9
2026-06-14 11:00:00,63.81,417.25,103.88,0.886,1,17.94,9.45
2026-06-14 11:05:00,59.53,413.91,97.7,0.893,1,8.78,8.81
2026-06-14 11:10:00,49.91,413.22,82.05,0.919,1,18.84,7.26
2026-06-14 11:15:00,55.85,415.02,91.4,0.822,1,6.27,11.7
2026-06-14 11:20:00,57.59,417.14,93.77,0.934,1,9.01,8.16
2026-06-14 11:25:00,56.2,414.42,92.12,0.884,1,17.86,10.89
2026-06-14 11:30:00,45.35,417.0,73.87,0.934,1,23.16,6.8
2026-06-14 11:35:00,49.36,412.48,81.28,0.912,1,20.43,7.47
2026-06-14 11:40:00,52.73,414.6,86.39,0.838,1,11.65,7.55
2026-06-14 11:45:00,54.97,414.82,90.01,0.84,1,21.47,13.23
2026-06-14 11:50:00,40.55,418.07,65.88,0.862,1,24.33,8.09
2026-06-14 11:55:00,49.95,415.52,81.66,0.852,1,11.64,7.85
2026-06-14 12:00:00,50.72,419.37,82.14,0.873,1,8.74,7.25
2026-06-14 12:05:00,53.48,411.63,88.26,0.892,1,8.95,6.97
2026-06-14 12:10:00,51.94,415.32,84.94,0.872,1,13.01,8.34
2026-06-14 12:15:00,50.62,415.45,82.77,0.827,1,6.05,6.1
2026-06-14 12:20:00,42.95,416.55,70.04,0.937,1,14.76,7.46
2026-06-14 12:25:00,36.65,412.97,60.28,0.871,1,19.65,5.94
2026-06-14 12:30:00,43.47,419.21,70.43,0.922,1,15.61,6.8
2026-06-14 12:35:00,49.68,415.03,81.31,0.829,1,24.4,13.02
2026-06-14 12:40:00,50.89,412.28,83.84,0.917,1,14.23,9.31
2026-06-14 12:45:00,46.72,414.96,76.48,0.841,1,5.27,8.25
2026-06-14 12:50:00,44.57,414.22,73.09,0.902,1,14.4,11.7
2026-06-14 12:55:00,43.58,421.96,70.15,0.899,1,23.6,5.89
2026-06-14 13:00:00,38.16,417.62,62.07,0.929,1,6.92,6.09
2026-06-14 13:05:00,39.56,415.12,64.72,0.858,1,9.46,4.01
2026-06-14 13:10:00,47.82,414.72,78.32,0.833,1,19.31,9.74
2026-06-14 13:15:00,34.04,417.38,55.39,0.924,1,10.88,8.07
2026-06-14 13:20:00,46.1,417.5,75.01,0.86,1,20.3,4.0
2026-06-14 13:25:00,35.7,407.72,59.48,0.848,1,13.39,9.08
2026-06-14 13:30:00,43.23,416.61,70.49,0.878,1,20.92,9.55
2026-06-14 13:35:00,28.87,415.07,47.24,0.838,0,0.0,4.0
2026-06-14 13:40:00,38.14,411.72,62.92,0.856,1,6.65,4.33
2026-06-14 13:45:00,30.84,417.2,50.21,0.866,1,12.72,7.97
2026-06-14 13:50:00,26.76,420.62,43.22,0.853,0,0.0,4.0
2026-06-14 13:55:00,34.26,416.39,55.88,0.874,1,21.2,6.29
2026-06-14 14:00:00,37.55,417.75,61.05,0.866,1,17.5,6.9
2026-06-14 14:05:00,27.62,419.51,44.72,0.913,0,0.0,4.0
2026-06-14 14:10:00,23.7,412.92,38.99,0.93,0,0.0,4.0
2026-06-14 14:15:00,30.1,410.36,49.82,0.832,1,18.83,5.95
2026-06-14 14:20:00,29.49,416.64,48.07,0.919,0,0.0,4.0
2026-06-14 14:25:00,32.05,414.38,52.53,0.932,1,5.73,5.9
2026-06-14 14:30:00,33.44,411.56,55.19,0.902,1,10.75,7.23
2026-06-14 14:35:00,27.8,414.8,45.52,0.94,0,0.0,4.7
2026-06-14 14:40:00,36.78,416.82,59.94,0.86,1,15.68,10.79
2026-06-14 14:45:00,28.04,414.63,45.94,0.92,0,0.0,4.0
2026-06-14 14:50:00,24.62,413.03,40.49,0.901,0,0.0,4.03
2026-06-14 14:55:00,17.74,414.44,29.07,0.859,0,0.0,4.0
2026-06-14 15:00:00,23.94,414.95,39.19,0.905,0,0.0,4.0
2026-06-14 15:05:00,23.04,410.18,38.15,0.881,0,0.0,4.0
2026-06-14 15:10:00,29.0,414.64,47.5,0.843,0,0.0,4.0
2026-06-14 15:15:00,26.0,411.64,42.9,0.841,0,0.0,4.0
2026-06-14 15:20:00,17.29,416.65,28.19,0.906,0,0.0,4.0
2026-06-14 15:25:00,23.57,411.1,38.94,0.905,0,0.0,4.05
2026-06-14 15:30:00,25.59,417.53,41.63,0.884,0,0.0,4.0
2026-06-14 15:35:00,29.41,413.98,48.26,0.88,0,0.0,4.0
2026-06-14 15:40:00,25.77,413.64,42.31,0.842,0,0.0,4.0
2026-06-14 15:45:00,24.7,415.74,40.36,0.872,0,0.0,4.0
2026-06-14 15:50:00,20.78,412.83,34.19,0.925,0,0.0,4.13
2026-06-14 15:55:00,22.02,415.7,35.98,0.923,0,0.0,4.0
2026-06-14 16:00:00,25.94,413.17,42.64,0.899,0,0.0,4.0
2026-06-14 16:05:00,12.65,413.61,20.78,0.94,0,0.0,4.0
2026-06-14 16:10:00,17.21,416.01,28.1,0.927,0,0.0,4.0
2026-06-14 16:15:00,14.75,412.15,24.3,0.837,0,0.0,4.0
2026-06-14 16:20:00,20.17,411.84,33.28,0.868,0,0.0,4.0
2026-06-14 16:25:00,24.12,415.62,39.41,0.836,0,0.0,4.0
2026-06-14 16:30:00,14.68,414.93,24.03,0.876,0,0.0,4.0
2026-06-14 16:35:00,10.0,415.42,16.35,0.913,0,0.0,4.0
2026-06-14 16:40:00,15.05,415.82,24.58,0.839,0,0.0,4.75
2026-06-14 16:45:00,21.42,415.14,35.06,0.926,0,0.0,4.0
2026-06-14 16:50:00,19.31,416.52,31.49,0.888,0,0.0,4.0
2026-06-14 16:55:00,18.54,415.24,30.33,0.91,0,0.0,4.0
2026-06-14 17:00:00,14.79,409.98,24.51,0.825,0,0.0,4.0
2026-06-14 17:05:00,10.0,410.63,16.54,0.831,0,0.0,4.0
2026-06-14 17:10:00,18.41,419.82,29.78,0.895,0,0.0,4.0
2026-06-14 17:15:00,11.5,415.0,18.82,0.921,0,0.0,4.0
2026-06-14 17:20:00,26.45,417.38,43.05,0.925,0,0.0,4.0
2026-06-14 17:25:00,18.26,414.14,29.95,0.903,0,0.0,4.0
2026-06-14 17:30:00,12.4,414.85,20.3,0.844,0,0.0,4.0
2026-06-14 17:35:00,12.15,413.87,19.94,0.843,0,0.0,4.0
2026-06-14 17:40:00,14.67,421.16,23.66,0.926,0,0.0,4.0
2026-06-14 17:45:00,13.88,415.63,22.68,0.834,0,0.0,4.0
2026-06-14 17:50:00,20.62,413.66,33.85,0.902,0,0.0,4.0
2026-06-14 17:55:00,15.94,410.87,26.35,0.884,0,0.0,5.5
2026-06-14 18:00:00,11.34,419.93,18.35,0.871,0,0.0,4.0
2026-06-14 18:05:00,24.46,414.59,40.08,0.873,0,0.0,4.0
2026-06-14 18:10:00,15.28,416.86,24.9,0.933,0,0.0,4.0
2026-06-14 18:15:00,18.92,417.14,30.81,0.923,0,0.0,4.0
2026-06-14 18:20:00,12.09,413.84,19.85,0.924,0,0.0,4.41
2026-06-14 18:25:00,17.02,416.68,27.75,0.869,0,0.0,4.0
2026-06-14 18:30:00,16.85,413.49,27.69,0.833,0,0.0,4.0
2026-06-14 18:35:00,10.0,412.52,16.47,0.94,0,0.0,4.0
2026-06-14 18:40:00,25.61,417.91,41.62,0.837,0,0.0,4.0
2026-06-14 18:45:00,22.13,414.6,36.25,0.882,0,0.0,4.0
2026-06-14 18:50:00,13.84,416.3,22.59,0.852,0,0.0,4.0
2026-06-14 18:55:00,10.49,416.03,17.13,0.881,0,0.0,6.52
2026-06-14 19:00:00,17.93,416.59,29.24,0.857,0,0.0,4.0
2026-06-14 19:05:00,16.83,411.11,27.81,0.928,0,0.0,4.0
2026-06-14 19:10:00,18.4,413.54,30.22,0.936,0,0.0,4.0
2026-06-14 19:15:00,17.82,414.19,29.22,0.869,0,0.0,4.0
2026-06-14 19:20:00,19.64,412.92,32.31,0.828,0,0.0,4.0
2026-06-14 19:25:00,24.62,416.07,40.19,0.9,0,0.0,4.0
2026-06-14 19:30:00,20.5,417.97,33.32,0.865,0,0.0,4.0
2026-06-14 19:35:00,12.72,418.36,20.65,0.938,0,0.0,4.0
2026-06-14 19:40:00,25.09,414.15,41.15,0.831,0,0.0,4.0
2026-06-14 19:45:00,26.81,415.73,43.81,0.834,0,0.0,4.0
2026-06-14 19:50:00,34.71,416.11,56.67,0.904,1,21.79,6.63
2026-06-14 19:55:00,13.7,416.55,22.34,0.911,0,0.0,4.0
2026-06-14 20:00:00,20.9,412.8,34.4,0.877,0,0.0,4.0
2026-06-14 20:05:00,10.0,419.55,16.19,0.853,0,0.0,4.0
2026-06-14 20:10:00,23.25,417.32,37.84,0.857,0,0.0,4.0
2026-06-14 20:15:00,18.16,417.38,29.55,0.861,0,0.0,4.0
2026-06-14 20:20:00,30.95,418.01,50.29,0.847,1,18.31,4.7
2026-06-14 20:25:00,17.9,416.34,29.21,0.922,0,0.0,4.0
2026-06-14 20:30:00,13.79,412.43,22.71,0.828,0,0.0,4.0
2026-06-14 20:35:00,20.35,414.65,33.33,0.869,0,0.0,4.0
2026-06-14 20:40:00,13.31,410.87,22.01,0.91,0,0.0,4.0
2026-06-14 20:45:00,27.44,416.04,44.8,0.82,0,0.0,4.33
2026-06-14 20:50:00,13.87,414.58,22.72,0.925,0,0.0,4.0
2026-06-14 20:55:00,24.86,414.9,40.7,0.905,0,0.0,4.0
2026-06-14 21:00:00,14.86,418.01,24.15,0.829,0,0.0,4.0
2026-06-14 21:05:00,24.2,413.86,39.71,0.927,0,0.0,4.0
2026-06-14 21:10:00,34.57,414.37,56.67,0.878,1,6.91,6.56
2026-06-14 21:15:00,28.73,415.05,47.01,0.898,0,0.0,4.0
2026-06-14 21:20:00,23.18,410.4,38.37,0.926,0,0.0,4.0
2026-06-14 21:25:00,27.94,414.33,45.8,0.926,0,0.0,4.0
2026-06-14 21:30:00,28.78,408.79,47.83,0.869,0,0.0,4.0
2026-06-14 21:35:00,31.67,413.54,52.02,0.849,1,19.18,5.19
2026-06-14 21:40:00,23.09,417.14,37.6,0.851,0,0.0,4.0
2026-06-14 21:45:00,33.52,416.12,54.71,0.912,1,10.03,4.03
2026-06-14 21:50:00,17.67,413.51,29.03,0.932,0,0.0,4.0
2026-06-14 21:55:00,28.69,415.1,46.95,0.829,0,0.0,4.0
2026-06-14 22:00:00,30.06,412.31,49.52,0.822,1,23.54,6.16
2026-06-14 22:05:00,36.33,414.99,59.47,0.919,1,7.33,9.84
2026-06-14 22:10:00,33.95,422.33,54.61,0.866,1,5.57,7.48
2026-06-14 22:15:00,27.49,419.61,44.5,0.853,0,0.0,4.0
2026-06-14 22:20:00,30.28,415.13,49.55,0.843,1,17.13,5.1
2026-06-14 22:25:00,36.9,415.4,60.33,0.862,1,21.7,6.85
2026-06-14 22:30:00,36.21,412.55,59.62,0.937,1,8.4,5.01
2026-06-14 22:35:00,34.42,413.0,56.61,0.937,1,16.69,7.66
2026-06-14 22:40:00,35.63,415.91,58.18,0.86,1,7.88,11.85
2026-06-14 22:45:00,42.23,413.69,69.34,0.936,1,16.26,7.12
2026-06-14 22:50:00,36.89,417.26,60.05,0.856,1,5.36,11.37
2026-06-14 22:55:00,39.77,418.92,64.48,0.923,1,16.16,7.96
2026-06-14 23:00:00,51.79,415.83,84.6,0.845,1,15.44,10.84
2026-06-14 23:05:00,34.56,415.25,56.54,0.919,1,5.86,7.12
2026-06-14 23:10:00,33.17,410.8,54.84,0.862,1,18.79,4.0
2026-06-14 23:15:00,47.09,416.87,76.73,0.843,1,16.45,10.35
2026-06-14 23:20:00,40.53,412.14,66.8,0.932,1,17.46,4.0
2026-06-14 23:25:00,43.08,413.95,70.7,0.846,1,15.6,9.02
2026-06-14 23:30:00,41.53,417.4,67.58,0.939,1,19.44,8.82
2026-06-14 23:35:00,44.89,417.57,73.02,0.833,1,15.5,5.31
2026-06-14 23:40:00,54.94,413.83,90.18,0.821,1,23.45,11.21
2026-06-14 23:45:00,51.72,413.98,84.86,0.924,1,23.87,9.83
2026-06-14 23:50:00,52.78,413.25,86.76,0.89,1,19.53,10.12
2026-06-14 23:55:00,42.16,412.01,69.5,0.871,1,23.24,8.42
2026-06-15 00:00:00,44.24,413.41,72.7,0.83,1,23.46,7.78
2026-06-15 00:05:00,36.57,410.97,60.44,0.889,1,10.24,7.27
2026-06-15 00:10:00,47.48,416.71,77.39,0.867,1,24.88,11.79
2026-06-15 00:15:00,57.07,415.99,93.19,0.878,1,10.35,10.24
2026-06-15 00:20:00,55.64,416.4,90.76,0.896,1,5.37,10.17
2026-06-15 00:25:00,52.7,412.61,86.76,0.897,1,24.24,12.2
2026-06-15 00:30:00,54.46,412.01,89.78,0.935,1,9.47,15.52
2026-06-15 00:35:00,51.88,415.13,84.89,0.899,1,16.68,9.73
2026-06-15 00:40:00,57.1,415.16,93.43,0.861,1,24.41,7.57
2026-06-15 00:45:00,60.66,414.63,99.37,0.86,1,5.99,9.15
2026-06-15 00:50:00,49.5,414.28,81.15,0.877,1,10.39,10.82
2026-06-15 00:55:00,59.82,419.28,96.91,0.851,1,17.18,15.12
2026-06-15 01:00:00,63.72,416.07,104.03,0.865,1,20.25,10.3
2026-06-15 01:05:00,57.72,419.93,93.36,0.921,1,21.15,11.35
2026-06-15 01:10:00,64.03,418.17,104.0,0.923,1,22.68,12.7
2026-06-15 01:15:00,75.32,419.26,122.03,0.895,1,8.37,12.2
2026-06-15 01:20:00,61.45,412.31,101.23,0.89,1,12.4,15.23
2026-06-15 01:25:00,64.65,416.48,105.44,0.871,1,19.29,15.29
2026-06-15 01:30:00,59.7,413.92,97.98,0.896,1,19.31,12.51
2026-06-15 01:35:00,65.0,410.84,107.47,0.917,1,11.16,11.29
2026-06-15 01:40:00,67.09,418.74,108.83,0.909,1,11.08,14.84
2026-06-15 01:45:00,66.45,414.27,108.96,0.824,1,11.41,13.72
2026-06-15 01:50:00,61.06,412.36,100.58,0.908,1,22.84,11.12
2026-06-15 01:55:00,67.87,413.96,111.36,0.906,1,23.19,15.62
2026-06-15 02:00:00,74.81,413.01,123.04,0.832,1,5.3,14.58
2026-06-15 02:05:00,70.4,413.27,115.71,0.838,1,11.5,9.41
2026-06-15 02:10:00,73.62,414.45,120.65,0.915,1,12.84,11.6
2026-06-15 02:15:00,68.26,419.33,110.57,0.887,1,24.65,10.45
2026-06-15 02:20:00,73.82,413.33,121.32,0.919,1,23.88,16.86
2026-06-15 02:25:00,72.09,419.15,116.83,0.842,1,17.57,12.23
2026-06-15 02:30:00,66.55,417.12,108.38,0.824,1,5.92,13.72
2026-06-15 02:35:00,73.5,415.99,120.02,0.839,1,8.82,18.69
2026-06-15 02:40:00,67.54,416.87,110.05,0.874,1,13.68,14.68
2026-06-15 02:45:00,69.91,415.03,114.42,0.883,1,24.18,12.83
2026-06-15 02:50:00,74.59,418.22,121.15,0.923,1,6.89,12.05
2026-06-15 02:55:00,75.69,416.42,123.46,0.906,1,20.83,13.96
2026-06-15 03:00:00,68.8,410.84,113.75,0.939,1,8.82,10.45
2026-06-15 03:05:00,80.55,415.74,131.61,0.829,1,15.16,12.61
2026-06-15 03:10:00,78.66,416.96,128.15,0.836,1,20.34,13.32
2026-06-15 03:15:00,72.79,414.28,119.35,0.83,1,18.85,15.27
2026-06-15 03:20:00,69.12,415.32,113.05,0.885,1,20.51,12.26
2026-06-15 03:25:00,76.57,413.47,125.79,0.852,1,21.27,14.33
2026-06-15 03:30:00,75.54,411.56,124.67,0.902,1,11.11,15.24
2026-06-15 03:35:00,78.79,411.12,130.18,0.836,1,12.28,16.48
2026-06-15 03:40:00,76.85,411.16,126.97,0.832,1,21.31,10.44
2026-06-15 03:45:00,69.06,416.67,112.59,0.875,1,5.77,8.74
2026-06-15 03:50:00,77.58,408.77,128.91,0.865,1,15.29,13.84
2026-06-15 03:55:00,78.39,413.33,128.83,0.919,1,23.41,12.71
2026-06-15 04:00:00,83.48,413.09,137.27,0.921,1,22.7,18.14
2026-06-15 04:05:00,77.19,414.29,126.56,0.834,1,21.09,13.88
2026-06-15 04:10:00,89.44,410.36,148.05,0.917,1,5.43,20.52
2026-06-15 04:15:00,71.83,416.01,117.29,0.888,1,22.75,12.94
2026-06-15 04:20:00,88.28,411.82,145.6,0.88,1,23.23,17.76
2026-06-15 04:25:00,80.91,417.83,131.54,0.831,1,18.27,13.94
2026-06-15 04:30:00,86.63,413.45,142.33,0.909,1,10.98,17.27
2026-06-15 04:35:00,83.02,414.76,135.96,0.827,1,14.8,16.86
2026-06-15 04:40:00,88.59,415.01,144.99,0.853,1,20.25,19.01
2026-06-15 04:45:00,81.21,415.61,132.72,0.831,1,21.26,15.37
2026-06-15 04:50:00,77.89,415.09,127.45,0.884,1,11.87,17.55
2026-06-15 04:55:00,90.7,413.93,148.84,0.897,1,11.52,17.59
2026-06-15 05:00:00,83.24,415.86,135.96,0.927,1,19.72,14.48
2026-06-15 05:05:00,85.1,416.17,138.91,0.908,1,18.73,14.79
2026-06-15 05:10:00,90.34,413.09,148.56,0.935,1,15.26,18.71
2026-06-15 05:15:00,79.17,416.07,129.25,0.911,1,13.41,17.84
2026-06-15 05:20:00,87.45,417.98,142.11,0.856,1,18.14,14.06
2026-06-15 05:25:00,81.64,416.76,133.06,0.886,1,5.65,16.71
2026-06-15 05:30:00,84.04,417.33,136.78,0.875,1,6.51,12.02
2026-06-15 05:35:00,85.15,415.43,139.23,0.888,1,16.46,14.72
2026-06-15 05:40:00,77.37,412.66,127.35,0.889,1,9.21,15.52
2026-06-15 05:45:00,81.03,412.98,133.28,0.904,1,20.5,13.65
2026-06-15 05:50:00,91.72,415.8,149.84,0.83,1,20.45,20.92
2026-06-15 05:55:00,89.42,417.36,145.54,0.91,1,19.2,18.46
2026-06-15 06:00:00,84.69,421.96,136.32,0.837,1,23.07,13.67
2026-06-15 06:05:00,86.21,417.45,140.27,0.823,1,7.82,17.42
2026-06-15 06:10:00,83.5,412.07,137.63,0.882,1,10.18,12.49
2026-06-15 06:15:00,91.71,413.08,150.8,0.89,1,10.05,17.02
2026-06-15 06:20:00,83.87,420.7,135.41,0.824,1,20.65,18.15
2026-06-15 06:25:00,85.95,414.46,140.86,0.882,1,15.43,17.88
2026-06-15 06:30:00,90.43,415.12,147.97,0.884,1,10.05,16.58
2026-06-15 06:35:00,80.71,412.6,132.86,0.826,1,7.73,14.12
2026-06-15 06:40:00,92.26,418.91,149.6,0.905,1,22.86,15.08
2026-06-15 06:45:00,76.68,416.25,125.12,0.845,1,18.84,15.17
2026-06-15 06:50:00,92.32,413.06,151.81,0.915,1,15.57,19.25
2026-06-15 06:55:00,82.13,412.52,135.24,0.857,1,24.31,20.77
2026-06-15 07:00:00,82.59,415.77,134.94,0.877,1,21.99,14.91
2026-06-15 07:05:00,74.15,415.11,121.34,0.927,1,8.56,15.73
2026-06-15 07:10:00,81.11,417.08,132.09,0.917,1,15.16,17.12
2026-06-15 07:15:00,77.94,416.37,127.16,0.914,1,14.72,13.67
2026-06-15 07:20:00,79.85,414.34,130.91,0.839,1,21.89,17.13
2026-06-15 07:25:00,81.93,413.64,134.55,0.826,1,7.98,13.26
2026-06-15 07:30:00,87.12,414.6,142.74,0.893,1,14.04,16.98
2026-06-15 07:35:00,83.07,413.62,136.42,0.869,1,17.73,15.35
2026-06-15 07:40:00,83.26,414.67,136.38,0.929,1,23.91,17.21
2026-06-15 07:45:00,75.91,415.04,124.24,0.862,1,22.99,16.02
2026-06-15 07:50:00,76.64,412.76,126.13,0.869,1,15.68,13.36
2026-06-15 07:55:00,89.68,416.58,146.23,0.883,1,17.13,16.98
2026-06-15 08:00:00,76.63,414.07,125.71,0.916,1,22.05,14.6
2026-06-15 08:05:00,88.2,412.9,145.1,0.852,1,19.89,14.35
2026-06-15 08:10:00,78.3,414.12,128.44,0.933,1,22.59,14.37
2026-06-15 08:15:00,79.11,415.61,129.3,0.885,1,22.92,14.05
2026-06-15 08:20:00,84.02,415.21,137.46,0.921,1,21.65,13.6
2026-06-15 08:25:00,84.59,416.06,138.09,0.883,1,5.19,13.63
2026-06-15 08:30:00,77.21,417.25,125.7,0.913,1,11.22,13.86
2026-06-15 08:35:00,75.35,418.26,122.38,0.826,1,13.07,14.34
2026-06-15 08:40:00,76.53,415.71,125.05,0.916,1,18.56,11.83
2026-06-15 08:45:00,78.0,412.33,128.5,0.883,1,11.14,17.37
2026-06-15 08:50:00,80.26,414.33,131.58,0.874,1,11.47,16.44
2026-06-15 08:55:00,75.3,412.49,124.0,0.833,1,13.0,14.01
2026-06-15 09:00:00,77.84,419.24,126.12,0.909,1,24.11,12.4
2026-06-15 09:05:00,82.39,419.97,133.26,0.836,1,13.74,15.03
2026-06-15 09:10:00,75.55,416.63,123.18,0.843,1,7.81,13.36
2026-06-15 09:15:00,74.64,417.15,121.53,0.835,1,5.13,11.19
2026-06-15 09:20:00,64.9,415.63,106.07,0.821,1,9.73,9.49
2026-06-15 09:25:00,58.75,415.92,95.95,0.899,1,23.78,13.53
2026-06-15 09:30:00,73.25,411.01,121.06,0.853,1,24.1,13.64
2026-06-15 09:35:00,70.22,414.82,114.99,0.838,1,15.58,15.46
2026-06-15 09:40:00,67.5,412.8,111.07,0.858,1,17.93,13.02
2026-06-15 09:45:00,70.66,415.7,115.46,0.88,1,20.92,15.5
2026-06-15 09:50:00,68.5,414.85,112.16,0.88,1,6.12,14.3
2026-06-15 09:55:00,73.8,419.87,119.39,0.864,1,12.49,14.99
2026-06-15 10:00:00,67.93,417.29,110.58,0.879,1,17.84,15.85
2026-06-15 10:05:00,63.1,415.71,103.1,0.871,1,22.97,12.74
2026-06-15 10:10:00,71.11,414.33,116.58,0.919,1,19.54,10.32
2026-06-15 10:15:00,64.39,419.19,104.34,0.824,1,12.0,9.11
2026-06-15 10:20:00,67.42,414.93,110.38,0.924,1,23.2,11.79
2026-06-15 10:25:00,61.71,415.83,100.8,0.849,1,18.29,13.74
2026-06-15 10:30:00,60.14,415.11,98.42,0.907,1,21.6,10.98
2026-06-15 10:35:00,63.11,413.99,103.54,0.869,1,12.71,12.47
2026-06-15 10:40:00,62.03,415.09,101.51,0.855,1,5.04,12.66
2026-06-15 10:45:00,63.65,410.1,105.43,0.894,1,8.32,12.25
2026-06-15 10:50:00,59.18,411.13,97.78,0.912,1,23.54,6.54
2026-06-15 10:55:00,50.61,415.87,82.67,0.874,1,5.66,6.65
2026-06-15 11:00:00,56.89,418.92,92.25,0.876,1,16.92,15.17
2026-06-15 11:05:00,62.29,415.87,101.74,0.827,1,13.18,12.62
2026-06-15 11:10:00,56.09,413.2,92.2,0.931,1,13.59,4.54
2026-06-15 11:15:00,55.6,411.39,91.8,0.922,1,13.02,10.82
2026-06-15 11:20:00,61.01,416.96,99.39,0.868,1,6.35,15.46
2026-06-15 11:25:00,51.76,413.58,85.02,0.912,1,7.45,10.32
2026-06-15 11:30:00,46.85,416.61,76.39,0.858,1,6.26,8.85
2026-06-15 11:35:00,53.01,415.97,86.56,0.908,1,6.08,5.62
2026-06-15 11:40:00,50.63,416.2,82.63,0.882,1,6.71,8.82
2026-06-15 11:45:00,47.46,415.08,77.66,0.875,1,18.93,5.69
2026-06-15 11:50:00,50.65,415.96,82.71,0.827,1,7.28,6.66
2026-06-15 11:55:00,53.22,414.7,87.17,0.936,1,10.23,6.74
2026-06-15 12:00:00,49.95,413.41,82.08,0.92,1,18.14,13.92
2026-06-15 12:05:00,50.77,412.59,83.59,0.915,1,7.25,11.18
2026-06-15 12:10:00,57.54,409.04,95.55,0.857,1,23.21,14.75
2026-06-15 12:15:00,46.0,414.55,75.37,0.855,1,14.55,5.95
2026-06-15 12:20:00,48.34,418.8,78.41,0.889,1,24.26,10.36
2026-06-15 12:25:00,43.64,416.83,71.12,0.922,1,8.85,5.97
2026-06-15 12:30:00,41.2,415.57,67.34,0.932,1,5.61,5.61
2026-06-15 12:35:00,41.75,413.16,68.64,0.852,1,16.81,9.44
2026-06-15 12:40:00,41.53,417.49,67.57,0.893,1,11.57,8.47
2026-06-15 12:45:00,44.97,414.7,73.66,0.907,1,16.45,9.58
2026-06-15 12:50:00,54.17,418.94,87.83,0.847,1,14.47,7.57
2026-06-15 12:55:00,38.1,412.55,62.73,0.869,1,14.14,7.86
2026-06-15 13:00:00,38.86,413.13,63.89,0.842,1,22.02,8.9
2026-06-15 13:05:00,39.89,412.88,65.63,0.904,1,8.84,6.06
2026-06-15 13:10:00,41.45,411.29,68.46,0.924,1,14.99,7.58
2026-06-15 13:15:00,40.07,412.66,65.95,0.925,1,13.32,4.08
2026-06-15 13:20:00,44.45,415.26,72.71,0.9,1,18.48,4.0
2026-06-15 13:25:00,25.18,413.22,41.4,0.862,0,0.0,4.64
2026-06-15 13:30:00,24.67,405.36,41.34,0.899,0,0.0,4.0
2026-06-15 13:35:00,33.42,417.69,54.36,0.924,1,14.57,5.92
2026-06-15 13:40:00,40.69,410.79,67.29,0.895,1,24.47,10.39
2026-06-15 13:45:00,26.69,416.47,43.53,0.87,0,0.0,4.0
2026-06-15 13:50:00,18.8,415.08,30.77,0.93,0,0.0,4.0
2026-06-15 13:55:00,36.02,420.29,58.22,0.92,1,15.18,9.8
2026-06-15 14:00:00,33.72,417.49,54.86,0.926,1,20.67,4.56
2026-06-15 14:05:00,26.39,413.74,43.33,0.928,0,0.0,4.0
2026-06-15 14:10:00,26.27,413.24,43.18,0.867,0,0.0,4.0
2026-06-15 14:15:00,25.71,418.76,41.7,0.923,0,0.0,4.0
2026-06-15 14:20:00,30.48,411.31,50.33,0.888,1,12.34,6.58
2026-06-15 14:25:00,26.17,415.48,42.79,0.825,0,0.0,4.0
2026-06-15 14:30:00,31.16,414.67,51.05,0.896,1,19.61,8.54
2026-06-15 14:35:00,13.82,414.14,22.67,0.876,0,0.0,4.0
2026-06-15 14:40:00,23.22,415.88,37.92,0.853,0,0.0,4.0
2026-06-15 14:45:00,21.29,415.47,34.81,0.936,0,0.0,4.0
2026-06-15 14:50:00,25.07,416.14,40.93,0.827,0,0.0,4.0
2026-06-15 14:55:00,23.11,415.35,37.79,0.934,0,0.0,4.0
2026-06-15 15:00:00,29.24,416.04,47.74,0.839,0,0.0,4.0
2026-06-15 15:05:00,15.42,415.23,25.23,0.865,0,0.0,4.0
2026-06-15 15:10:00,24.42,413.35,40.13,0.87,0,0.0,4.0
2026-06-15 15:15:00,26.48,415.01,43.34,0.908,0,0.0,4.0
2026-06-15 15:20:00,32.47,413.21,53.38,0.846,1,12.31,7.42
2026-06-15 15:25:00,20.3,413.05,33.38,0.938,0,0.0,4.0
2026-06-15 15:30:00,23.85,414.16,39.12,0.91,0,0.0,4.0
2026-06-15 15:35:00,12.76,414.7,20.89,0.915,0,0.0,4.0
2026-06-15 15:40:00,10.0,415.09,16.36,0.833,0,0.0,4.0
2026-06-15 15:45:00,25.12,417.29,40.89,0.877,0,0.0,4.0
2026-06-15 15:50:00,20.45,413.75,33.58,0.933,0,0.0,4.0
2026-06-15 15:55:00,25.97,415.49,42.46,0.852,0,0.0,4.0
2026-06-15 16:00:00,12.82,415.3,20.97,0.837,0,0.0,4.0
2026-06-15 16:05:00,21.91,413.48,36.0,0.878,0,0.0,4.0
2026-06-15 16:10:00,28.3,415.18,46.3,0.932,0,0.0,4.0
2026-06-15 16:15:00,20.71,417.51,33.69,0.878,0,0.0,4.0
2026-06-15 16:20:00,19.66,415.47,32.15,0.869,0,0.0,4.0
2026-06-15 16:25:00,18.01,415.57,29.43,0.898,0,0.0,4.0
2026-06-15 16:30:00,10.0,413.24,16.44,0.932,0,0.0,4.0
2026-06-15 16:35:00,24.16,419.92,39.08,0.826,0,0.0,4.0
2026-06-15 16:40:00,14.06,413.38,23.1,0.838,0,0.0,4.0
2026-06-15 16:45:00,19.38,410.83,32.04,0.836,0,0.0,4.0
2026-06-15 16:50:00,10.0,417.15,16.28,0.83,0,0.0,4.0
2026-06-15 16:55:00,10.5,414.71,17.2,0.856,0,0.0,4.0
2026-06-15 17:00:00,23.37,414.24,38.32,0.848,0,0.0,4.0
2026-06-15 17:05:00,14.27,413.64,23.43,0.886,0,0.0,4.0
2026-06-15 17:10:00,23.1,419.68,37.38,0.859,0,0.0,4.0
2026-06-15 17:15:00,15.28,415.89,24.96,0.869,0,0.0,4.0
2026-06-15 17:20:00,10.0,416.37,16.31,0.933,0,0.0,4.0
2026-06-15 17:25:00,19.87,415.41,32.49,0.839,0,0.0,4.0
2026-06-15 17:30:00,12.35,415.68,20.18,0.867,0,0.0,4.0
2026-06-15 17:35:00,18.7,418.5,30.35,0.851,0,0.0,4.0
2026-06-15 17:40:00,15.26,414.37,25.01,0.886,0,0.0,4.73
2026-06-15 17:45:00,10.0,411.36,16.51,0.908,0,0.0,4.0
2026-06-15 17:50:00,15.85,417.17,25.82,0.918,0,0.0,4.0
2026-06-15 17:55:00,25.99,416.24,42.41,0.882,0,0.0,4.0
2026-06-15 18:00:00,17.46,415.27,28.57,0.923,0,0.0,4.0
2026-06-15 18:05:00,14.72,416.18,24.03,0.914,0,0.0,4.0
2026-06-15 18:10:00,20.41,414.07,33.48,0.839,0,0.0,4.0
2026-06-15 18:15:00,16.13,415.05,26.39,0.849,0,0.0,4.0
2026-06-15 18:20:00,16.18,414.67,26.51,0.901,0,0.0,4.0
2026-06-15 18:25:00,10.0,413.52,16.43,0.937,0,0.0,6.82
2026-06-15 18:30:00,16.47,417.97,26.76,0.865,0,0.0,4.0
2026-06-15 18:35:00,20.58,411.47,33.98,0.848,0,0.0,4.0
2026-06-15 18:40:00,11.35,420.9,18.32,0.924,0,0.0,4.0
2026-06-15 18:45:00,22.79,417.19,37.11,0.844,0,0.0,4.0
2026-06-15 18:50:00,15.37,410.56,25.43,0.904,0,0.0,4.0
2026-06-15 18:55:00,11.56,414.44,18.95,0.824,0,0.0,4.0
2026-06-15 19:00:00,21.18,414.58,34.7,0.822,0,0.0,4.04
2026-06-15 19:05:00,14.96,415.98,24.44,0.874,0,0.0,4.0
2026-06-15 19:10:00,20.42,412.53,33.62,0.899,0,0.0,4.0
2026-06-15 19:15:00,15.4,415.08,25.2,0.837,0,0.0,4.0
2026-06-15 19:20:00,16.81,414.7,27.54,0.912,0,0.0,4.0
2026-06-15 19:25:00,19.85,413.16,32.63,0.835,0,0.0,4.0
2026-06-15 19:30:00,19.12,412.81,31.46,0.884,0,0.0,6.68
2026-06-15 19:35:00,10.0,417.3,16.28,0.857,0,0.0,4.0
2026-06-15 19:40:00,12.67,410.76,20.96,0.91,0,0.0,4.0
2026-06-15 19:45:00,23.26,416.19,37.96,0.916,0,0.0,4.0
2026-06-15 19:50:00,18.29,416.99,29.8,0.828,0,0.0,4.0
2026-06-15 19:55:00,16.7,414.45,27.36,0.843,0,0.0,4.0
2026-06-15 20:00:00,12.9,415.13,21.1,0.927,0,0.0,4.0
2026-06-15 20:05:00,14.68,417.91,23.86,0.87,0,0.0,4.0
2026-06-15 20:10:00,10.37,413.24,17.05,0.877,0,0.0,4.0
2026-06-15 20:15:00,20.39,413.5,33.5,0.84,0,0.0,4.0
2026-06-15 20:20:00,18.34,413.76,30.1,0.939,0,0.0,4.0
2026-06-15 20:25:00,16.94,417.91,27.54,0.931,0,0.0,4.0
2026-06-15 20:30:00,21.89,418.23,35.56,0.82,0,0.0,4.0
2026-06-15 20:35:00,24.52,411.51,40.48,0.886,0,0.0,4.0
2026-06-15 20:40:00,33.65,417.52,54.75,0.925,1,19.27,10.16
2026-06-15 20:45:00,16.13,417.05,26.27,0.872,0,0.0,4.0
2026-06-15 20:50:00,29.99,418.88,48.63,0.872,0,0.0,4.0
2026-06-15 20:55:00,29.58,415.96,48.31,0.866,0,0.0,4.0
2026-06-15 21:00:00,21.36,414.89,34.96,0.823,0,0.0,4.0
2026-06-15 21:05:00,26.81,417.86,43.59,0.915,0,0.0,4.0
2026-06-15 21:10:00,24.07,416.75,39.23,0.875,0,0.0,4.0
2026-06-15 21:15:00,27.85,420.61,44.98,0.884,0,0.0,4.0
2026-06-15 21:20:00,35.05,417.4,57.04,0.851,1,18.74,7.77
2026-06-15 21:25:00,31.12,415.38,50.89,0.914,1,17.91,6.44
2026-06-15 21:30:00,31.24,412.06,51.49,0.915,1,7.21,5.6
2026-06-15 21:35:00,27.15,413.55,44.6,0.886,0,0.0,4.0
2026-06-15 21:40:00,22.5,411.41,37.16,0.929,0,0.0,4.0
2026-06-15 21:45:00,29.51,414.46,48.37,0.834,0,0.0,4.0
2026-06-15 21:50:00,37.23,417.32,60.59,0.914,1,24.34,6.88
2026-06-15 21:55:00,24.21,414.99,39.62,0.887,0,0.0,4.0
2026-06-15 22:00:00,27.22,417.55,44.29,0.848,0,0.0,4.0
2026-06-15 22:05:00,33.8,415.84,55.2,0.836,1,21.1,5.97
2026-06-15 22:10:00,28.92,413.99,47.44,0.856,0,0.0,4.0
2026-06-15 22:15:00,30.56,415.22,49.99,0.923,1,19.73,10.17
2026-06-15 22:20:00,33.09,416.18,54.01,0.915,1,22.98,8.49
2026-06-15 22:25:00,29.08,415.35,47.55,0.897,0,0.0,4.0
2026-06-15 22:30:00,31.74,415.38,51.9,0.831,1,9.83,4.0
2026-06-15 22:35:00,40.83,413.08,67.14,0.935,1,12.21,6.38
2026-06-15 22:40:00,31.49,413.92,51.68,0.857,1,13.37,8.3
2026-06-15 22:45:00,30.76,420.65,49.67,0.893,1,7.22,7.42
2026-06-15 22:50:00,36.33,418.07,59.02,0.916,1,9.63,4.0
2026-06-15 22:55:00,43.87,411.32,72.44,0.836,1,22.46,12.25
2026-06-15 23:00:00,39.96,409.08,66.35,0.898,1,16.33,6.02
2026-06-15 23:05:00,39.36,415.19,64.39,0.824,1,10.36,8.43
2026-06-15 23:10:00,42.65,417.23,69.43,0.832,1,23.87,15.18
2026-06-15 23:15:00,34.44,413.7,56.55,0.907,1,20.49,6.26
2026-06-15 23:20:00,46.4,417.55,75.47,0.839,1,12.25,9.35
2026-06-15 23:25:00,46.59,415.15,76.23,0.873,1,20.31,8.11
2026-06-15 23:30:00,43.39,414.59,71.08,0.85,1,16.92,9.06
2026-06-15 23:35:00,51.22,416.89,83.45,0.871,1,18.68,13.45
2026-06-15 23:40:00,41.31,413.67,67.84,0.829,1,11.43,7.56
2026-06-15 23:45:00,53.35,414.28,87.47,0.911,1,9.19,9.38
2026-06-15 23:50:00,49.25,416.68,80.28,0.829,1,10.07,11.92
2026-06-15 23:55:00,47.55,414.92,77.85,0.921,1,6.67,5.98
2026-06-16 00:00:00,49.9,419.77,80.75,0.9,1,14.42,9.9
2026-06-16 00:05:00,50.23,416.73,81.87,0.87,1,13.12,8.02
2026-06-16 00:10:00,57.63,416.57,93.97,0.924,1,5.05,10.08
2026-06-16 00:15:00,46.91,414.88,76.8,0.842,1,22.13,7.5
2026-06-16 00:20:00,49.24,417.19,80.17,0.852,1,18.64,6.49
2026-06-16 00:25:00,58.99,414.19,96.74,0.836,1,13.93,6.21
2026-06-16 00:30:00,51.59,415.71,84.3,0.866,1,24.34,9.46
2026-06-16 00:35:00,59.83,412.71,98.47,0.938,1,23.81,12.49
2026-06-16 00:40:00,64.57,417.6,105.04,0.839,1,6.9,13.85
2026-06-16 00:45:00,54.82,415.73,89.57,0.92,1,17.3,7.65
2026-06-16 00:50:00,60.98,419.96,98.64,0.898,1,21.34,12.4
2026-06-16 00:55:00,52.55,420.98,84.79,0.822,1,8.46,11.17
2026-06-16 01:00:00,62.83,416.91,102.37,0.933,1,7.56,12.52
2026-06-16 01:05:00,60.79,415.17,99.46,0.937,1,10.2,12.05
2026-06-16 01:10:00,62.89,412.63,103.53,0.931,1,10.59,6.85
2026-06-16 01:15:00,58.02,417.26,94.45,0.88,1,24.3,11.38
2026-06-16 01:20:00,53.67,415.53,87.73,0.846,1,20.61,10.5
2026-06-16 01:25:00,65.2,416.35,106.37,0.867,1,6.19,13.31
2026-06-16 01:30:00,53.08,419.32,85.98,0.894,1,20.73,13.8
2026-06-16 01:35:00,62.51,412.94,102.82,0.865,1,8.39,11.07
2026-06-16 01:40:00,69.5,412.69,114.39,0.905,1,12.14,12.32
2026-06-16 01:45:00,66.44,414.41,108.9,0.915,1,11.37,12.83
2026-06-16 01:50:00,75.9,417.05,123.62,0.845,1,10.45,14.24
2026-06-16 01:55:00,71.96,416.39,117.39,0.869,1,11.18,14.51
2026-06-16 02:00:00,64.23,412.76,105.7,0.935,1,20.08,13.79
2026-06-16 02:05:00,68.29,416.89,111.27,0.85,1,10.33,12.4
2026-06-16 02:10:00,68.57,412.0,113.05,0.862,1,21.01,14.55
2026-06-16 02:15:00,61.53,412.91,101.23,0.824,1,6.82,10.91
2026-06-16 02:20:00,65.37,414.71,107.07,0.86,1,16.9,9.26
2026-06-16 02:25:00,67.89,413.62,111.49,0.865,1,22.26,10.66
2026-06-16 02:30:00,61.13,417.22,99.51,0.832,1,6.59,5.94
2026-06-16 02:35:00,72.14,415.72,117.88,0.82,1,17.7,17.71
2026-06-16 02:40:00,71.25,419.41,115.4,0.889,1,15.23,16.56
2026-06-16 02:45:00,64.71,414.38,106.08,0.856,1,11.64,14.62
2026-06-16 02:50:00,75.67,414.69,123.94,0.822,1,7.01,13.47
2026-06-16 02:55:00,77.78,418.03,126.39,0.923,1,18.53,17.18
2026-06-16 03:00:00,75.88,414.77,124.27,0.89,1,11.19,16.29
2026-06-16 03:05:00,73.66,418.74,119.49,0.841,1,11.78,10.49
2026-06-16 03:10:00,78.76,416.35,128.5,0.924,1,19.35,13.33
2026-06-16 03:15:00,79.72,409.12,132.35,0.85,1,23.91,16.79
2026-06-16 03:20:00,78.35,417.94,127.33,0.847,1,11.67,13.56
2026-06-16 03:25:00,73.17,417.28,119.11,0.927,1,19.93,12.53
2026-06-16 03:30:00,79.15,417.38,128.81,0.842,1,24.13,17.36
2026-06-16 03:35:00,84.2,410.22,139.43,0.925,1,6.96,13.59
2026-06-16 03:40:00,75.69,413.34,124.38,0.916,1,15.58,20.14
2026-06-16 03:45:00,89.59,413.53,147.16,0.857,1,5.22,20.07
2026-06-16 03:50:00,76.89,412.9,126.49,0.824,1,21.5,14.42
2026-06-16 03:55:00,80.08,419.35,129.72,0.83,1,10.74,17.84
2026-06-16 04:00:00,76.95,414.97,125.96,0.833,1,11.66,14.86
2026-06-16 04:05:00,81.8,414.91,133.92,0.927,1,18.75,14.7
2026-06-16 04:10:00,72.33,416.38,118.0,0.868,1,20.78,18.63
2026-06-16 04:15:00,78.66,416.42,128.31,0.824,1,13.0,15.71
2026-06-16 04:20:00,76.26,406.66,127.38,0.887,1,18.31,12.58
2026-06-16 04:25:00,82.71,413.38,135.91,0.845,1,24.13,17.16
2026-06-16 04:30:00,87.31,411.47,144.13,0.848,1,22.74,20.73
2026-06-16 04:35:00,85.85,416.0,140.18,0.839,1,19.03,16.41
2026-06-16 04:40:00,71.03,414.28,116.46,0.911,1,23.86,14.46
2026-06-16 04:45:00,93.35,415.04,152.78,0.82,1,22.52,17.24
2026-06-16 04:50:00,84.86,409.8,140.65,0.873,1,19.58,17.07
2026-06-16 04:55:00,79.72,414.23,130.73,0.83,1,23.34,13.26
2026-06-16 05:00:00,84.59,417.79,137.53,0.886,1,21.35,14.46
2026-06-16 05:05:00,84.88,418.52,137.76,0.862,1,15.05,15.24
2026-06-16 05:10:00,80.84,416.8,131.74,0.823,1,15.05,15.69
2026-06-16 05:15:00,85.32,411.66,140.78,0.875,1,5.18,18.19
2026-06-16 05:20:00,81.43,418.15,132.28,0.888,1,5.6,14.6
2026-06-16 05:25:00,82.57,416.81,134.56,0.85,1,19.92,17.77
2026-06-16 05:30:00,81.27,414.71,133.11,0.912,1,16.1,14.42
2026-06-16 05:35:00,77.63,409.94,128.63,0.865,1,20.22,16.34
2026-06-16 05:40:00,85.6,417.38,139.3,0.91,1,23.99,19.38
2026-06-16 05:45:00,87.85,413.52,144.31,0.889,1,14.05,16.25
2026-06-16 05:50:00,87.54,415.87,142.99,0.924,1,6.77,16.91
2026-06-16 05:55:00,89.09,415.17,145.76,0.886,1,17.53,15.56
2026-06-16 06:00:00,86.62,418.85,140.48,0.842,1,6.99,17.3
2026-06-16 06:05:00,82.33,414.69,134.85,0.919,1,17.43,9.22
2026-06-16 06:10:00,89.17,414.96,145.96,0.914,1,15.55,13.07
2026-06-16 06:15:00,78.14,418.95,126.69,0.937,1,19.24,16.35
2026-06-16 06:20:00,80.36,413.35,132.06,0.831,1,12.02,11.29
2026-06-16 06:25:00,79.97,417.04,130.25,0.891,1,7.88,13.66
2026-06-16 06:30:00,90.1,414.5,147.65,0.879,1,9.72,19.95
2026-06-16 06:35:00,89.31,412.49,147.06,0.901,1,18.67,19.0
2026-06-16 06:40:00,86.9,415.0,142.24,0.938,1,14.56,21.9
2026-06-16 06:45:00,89.69,416.73,146.19,0.884,1,15.82,17.11
2026-06-16 06:50:00,79.77,418.38,129.51,0.902,1,11.46,14.74
2026-06-16 06:55:00,85.74,418.69,139.1,0.862,1,21.73,16.54
2026-06-16 07:00:00,83.18,414.26,136.39,0.856,1,24.99,14.09
2026-06-16 07:05:00,87.84,412.53,144.63,0.86,1,11.24,15.88
2026-06-16 07:10:00,82.8,414.2,135.79,0.825,1,19.37,12.96
2026-06-16 07:15:00,81.22,412.05,133.89,0.854,1,8.42,17.75
2026-06-16 07:20:00,85.59,414.46,140.28,0.841,1,19.85,18.11
2026-06-16 07:25:00,87.0,414.15,142.69,0.875,1,13.62,13.66
2026-06-16 07:30:00,78.99,416.82,128.73,0.875,1,17.11,13.54
2026-06-16 07:35:00,81.73,409.49,135.57,0.912,1,9.75,16.1
2026-06-16 07:40:00,76.43,413.17,125.65,0.88,1,22.03,15.49
2026-06-16 07:45:00,68.9,413.19,113.27,0.876,1,8.47,10.4
2026-06-16 07:50:00,82.05,417.97,133.34,0.848,1,23.57,16.1
2026-06-16 07:55:00,83.73,412.22,137.97,0.922,1,6.22,16.7
2026-06-16 08:00:00,81.62,415.57,133.41,0.831,1,10.76,16.62
2026-06-16 08:05:00,70.17,414.68,114.95,0.938,1,16.26,17.34
2026-06-16 08:10:00,77.76,417.61,126.49,0.877,1,22.17,15.68
2026-06-16 08:15:00,68.01,416.49,110.92,0.842,1,16.54,10.2
2026-06-16 08:20:00,85.52,415.3,139.87,0.863,1,9.32,13.4
2026-06-16 08:25:00,72.8,413.61,119.55,0.822,1,22.18,17.11
2026-06-16 08:30:00,84.04,410.37,139.11,0.84,1,16.92,19.7
2026-06-16 08:35:00,82.03,415.62,134.06,0.86,1,9.65,15.17
2026-06-16 08:40:00,72.31,416.33,117.97,0.887,1,16.24,14.71
2026-06-16 08:45:00,70.65,411.06,116.75,0.836,1,18.51,13.86
2026-06-16 08:50:00,77.56,411.92,127.89,0.901,1,18.61,14.2
2026-06-16 08:55:00,71.06,415.63,116.13,0.921,1,19.48,10.32
2026-06-16 09:00:00,75.26,415.85,122.93,0.889,1,22.91,15.8
2026-06-16 09:05:00,71.79,412.52,118.21,0.856,1,21.5,18.11
2026-06-16 09:10:00,64.74,413.56,106.33,0.835,1,17.15,12.9
2026-06-16 09:15:00,61.92,410.41,102.49,0.822,1,5.64,10.73
2026-06-16 09:20:00,73.63,418.44,119.52,0.908,1,19.99,13.26
2026-06-16 09:25:00,69.1,411.75,113.99,0.895,1,24.5,14.81
2026-06-16 09:30:00,68.54,416.36,111.82,0.877,1,11.11,15.55
2026-06-16 09:35:00,74.18,414.91,121.43,0.832,1,17.14,15.44
2026-06-16 09:40:00,75.94,418.22,123.34,0.845,1,20.37,10.37
2026-06-16 09:45:00,68.08,413.02,111.97,0.918,1,17.78,17.17
2026-06-16 09:50:00,67.1,415.15,109.79,0.878,1,23.45,15.18
2026-06-16 09:55:00,70.66,410.75,116.85,0.936,1,14.47,13.03
2026-06-16 10:00:00,60.72,410.15,100.55,0.94,1,15.64,10.49
2026-06-16 10:05:00,67.95,416.49,110.82,0.916,1,5.76,11.49
2026-06-16 10:10:00,68.92,410.54,114.03,0.851,1,23.0,15.55
2026-06-16 10:15:00,68.88,414.43,112.9,0.848,1,10.25,8.35
2026-06-16 10:20:00,55.11,417.53,89.65,0.85,1,24.57,12.33
2026-06-16 10:25:00,60.29,416.87,98.24,0.938,1,9.04,11.95
2026-06-16 10:30:00,59.0,413.34,96.96,0.86,1,10.07,11.74
2026-06-16 10:35:00,63.18,411.03,104.42,0.905,1,14.69,9.42
2026-06-16 10:40:00,64.37,416.27,105.04,0.935,1,18.21,8.56
2026-06-16 10:45:00,68.73,418.36,111.6,0.918,1,13.81,18.25
2026-06-16 10:50:00,58.05,413.34,95.39,0.892,1,12.04,11.36
2026-06-16 10:55:00,57.31,412.99,94.25,0.84,1,15.8,15.58
2026-06-16 11:00:00,64.81,413.69,106.41,0.841,1,24.17,14.96
2026-06-16 11:05:00,59.8,416.43,97.55,0.879,1,24.24,12.24
2026-06-16 11:10:00,63.91,418.07,103.84,0.934,1,11.56,12.62
2026-06-16 11:15:00,58.27,411.9,96.09,0.929,1,18.6,13.91
2026-06-16 11:20:00,50.29,411.25,83.07,0.84,1,19.44,12.78
2026-06-16 11:25:00,48.66,420.85,78.54,0.855,1,18.07,10.76
2026-06-16 11:30:00,46.81,414.56,76.7,0.891,1,7.26,11.31
2026-06-16 11:35:00,57.12,415.63,93.35,0.877,1,15.79,13.71
2026-06-16 11:40:00,58.99,413.27,96.96,0.834,1,20.27,12.39
2026-06-16 11:45:00,61.54,416.22,100.42,0.864,1,9.02,10.13
2026-06-16 11:50:00,55.74,417.4,90.71,0.935,1,11.96,11.78
2026-06-16 11:55:00,56.58,415.75,92.44,0.934,1,9.08,8.91
2026-06-16 12:00:00,47.1,419.35,76.29,0.887,1,22.74,8.74
2026-06-16 12:05:00,43.45,414.18,71.26,0.896,1,22.17,9.85
2026-06-16 12:10:00,52.72,414.34,86.43,0.847,1,8.38,9.73
2026-06-16 12:15:00,49.8,415.58,81.4,0.909,1,20.21,13.01
2026-06-16 12:20:00,47.49,416.16,77.51,0.826,1,12.28,7.64
2026-06-16 12:25:00,48.13,415.57,78.66,0.846,1,18.72,4.68
2026-06-16 12:30:00,47.05,411.79,77.61,0.821,1,14.87,12.24
2026-06-16 12:35:00,51.09,415.78,83.47,0.866,1,14.44,10.03
2026-06-16 12:40:00,50.4,414.06,82.67,0.922,1,22.63,10.42
2026-06-16 12:45:00,45.89,413.55,75.38,0.938,1,17.74,7.33
2026-06-16 12:50:00,46.65,415.08,76.35,0.9,1,9.72,4.53
2026-06-16 12:55:00,44.25,412.6,72.85,0.909,1,7.22,6.43
2026-06-16 13:00:00,38.64,412.16,63.67,0.852,1,23.67,9.45
2026-06-16 13:05:00,43.99,408.46,73.15,0.882,1,8.07,7.86
2026-06-16 13:10:00,32.5,419.37,52.65,0.908,1,19.68,6.07
2026-06-16 13:15:00,44.02,416.39,71.81,0.88,1,14.92,4.74
2026-06-16 13:20:00,32.06,414.71,52.51,0.831,1,7.8,10.34
2026-06-16 13:25:00,38.74,413.33,63.67,0.909,1,20.53,7.86
2026-06-16 13:30:00,32.38,407.81,53.93,0.846,1,23.09,12.39
2026-06-16 13:35:00,38.67,413.18,63.57,0.832,1,7.43,8.18
2026-06-16 13:40:00,35.04,416.79,57.1,0.877,1,6.34,10.21
2026-06-16 13:45:00,26.55,417.36,43.2,0.829,0,0.0,4.0
2026-06-16 13:50:00,35.94,416.61,58.6,0.896,1,15.02,4.0
2026-06-16 13:55:00,30.28,415.4,49.51,0.897,1,18.49,5.94
2026-06-16 14:00:00,36.91,418.26,59.94,0.851,1,13.83,8.63
2026-06-16 14:05:00,31.85,414.18,52.23,0.936,1,13.25,7.94
2026-06-16 14:10:00,33.17,417.71,53.94,0.919,1,10.99,7.43
2026-06-16 14:15:00,25.77,414.04,42.27,0.833,0,0.0,5.29
2026-06-16 14:20:00,26.98,412.8,44.39,0.91,0,0.0,4.0
2026-06-16 14:25:00,27.01,412.49,44.48,0.862,0,0.0,4.0
2026-06-16 14:30:00,32.98,412.34,54.32,0.91,1,15.99,6.2
2026-06-16 14:35:00,36.48,416.65,59.47,0.916,1,21.95,5.8
2026-06-16 14:40:00,23.48,413.14,38.6,0.838,0,0.0,4.0
2026-06-16 14:45:00,32.31,412.42,53.21,0.899,1,23.01,9.46
2026-06-16 14:50:00,15.51,416.78,25.27,0.924,0,0.0,4.0
2026-06-16 14:55:00,19.83,415.82,32.39,0.859,0,0.0,4.0
2026-06-16 15:00:00,20.46,417.41,33.29,0.83,0,0.0,4.0
2026-06-16 15:05:00,17.95,416.28,29.3,0.823,0,0.0,4.0
2026-06-16 15:10:00,16.28,413.12,26.76,0.833,0,0.0,4.0
2026-06-16 15:15:00,25.75,415.19,42.13,0.821,0,0.0,4.0
2026-06-16 15:20:00,22.12,415.31,36.17,0.859,0,0.0,4.0
2026-06-16 15:25:00,24.6,412.7,40.49,0.856,0,0.0,4.0
2026-06-16 15:30:00,25.68,412.24,42.32,0.833,0,0.0,4.0
2026-06-16 15:35:00,23.1,413.3,37.97,0.898,0,0.0,4.0
2026-06-16 15:40:00,24.62,420.09,39.81,0.939,0,0.0,4.0
2026-06-16 15:45:00,20.55,413.97,33.72,0.928,0,0.0,4.0
2026-06-16 15:50:00,14.55,418.08,23.63,0.85,0,0.0,4.0
2026-06-16 15:55:00,25.37,413.83,41.64,0.912,0,0.0,4.0
2026-06-16 16:00:00,16.74,417.22,27.26,0.932,0,0.0,4.0
2026-06-16 16:05:00,14.64,417.26,23.83,0.929,0,0.0,4.0
2026-06-16 16:10:00,18.07,417.38,29.4,0.926,0,0.0,4.0
2026-06-16 16:15:00,14.05,415.97,22.94,0.914,0,0.0,4.0
2026-06-16 16:20:00,16.19,418.44,26.28,0.855,0,0.0,4.0
2026-06-16 16:25:00,19.68,415.95,32.15,0.83,0,0.0,4.0
2026-06-16 16:30:00,19.41,419.28,31.44,0.879,0,0.0,4.0
2026-06-16 16:35:00,12.89,410.95,21.31,0.827,0,0.0,4.0
2026-06-16 16:40:00,14.67,415.87,23.96,0.94,0,0.0,4.0
2026-06-16 16:45:00,22.23,415.71,36.32,0.863,0,0.0,4.0
2026-06-16 16:50:00,19.1,412.66,31.44,0.935,0,0.0,4.0
2026-06-16 16:55:00,26.77,416.45,43.67,0.913,0,0.0,4.0
2026-06-16 17:00:00,22.09,411.27,36.49,0.869,0,0.0,4.0
2026-06-16 17:05:00,21.72,413.36,35.7,0.834,0,0.0,4.0
2026-06-16 17:10:00,10.0,410.0,16.57,0.848,0,0.0,4.0
2026-06-16 17:15:00,19.49,418.9,31.61,0.901,0,0.0,4.0
2026-06-16 17:20:00,15.27,414.42,25.02,0.92,0,0.0,4.0
2026-06-16 17:25:00,12.65,420.42,20.44,0.938,0,0.0,4.0
2026-06-16 17:30:00,16.14,417.01,26.29,0.836,0,0.0,4.0
2026-06-16 17:35:00,19.93,416.12,32.54,0.839,0,0.0,4.0
2026-06-16 17:40:00,17.64,413.53,28.97,0.825,0,0.0,4.0
2026-06-16 17:45:00,10.68,412.38,17.6,0.851,0,0.0,4.0
2026-06-16 17:50:00,18.75,416.31,30.59,0.919,0,0.0,4.0
2026-06-16 17:55:00,11.82,414.82,19.36,0.844,0,0.0,4.0
2026-06-16 18:00:00,16.08,411.65,26.54,0.886,0,0.0,4.0
2026-06-16 18:05:00,13.49,411.21,22.29,0.874,0,0.0,4.0
2026-06-16 18:10:00,13.94,412.6,22.95,0.859,0,0.0,4.0
2026-06-16 18:15:00,18.91,419.55,30.61,0.894,0,0.0,4.0
2026-06-16 18:20:00,10.0,420.53,16.15,0.88,0,0.0,4.0
2026-06-16 18:25:00,24.93,415.51,40.76,0.86,0,0.0,4.0
2026-06-16 18:30:00,10.0,415.37,16.35,0.903,0,0.0,4.0
2026-06-16 18:35:00,12.42,414.16,20.37,0.854,0,0.0,4.0
2026-06-16 18:40:00,17.38,412.66,28.61,0.897,0,0.0,4.0
2026-06-16 18:45:00,18.59,418.44,30.18,0.935,0,0.0,4.0
2026-06-16 18:50:00,15.33,419.68,24.81,0.907,0,0.0,4.0
2026-06-16 18:55:00,15.72,412.77,25.86,0.87,0,0.0,4.0
2026-06-16 19:00:00,18.25,414.79,29.88,0.91,0,0.0,4.0
2026-06-16 19:05:00,15.24,413.88,25.02,0.917,0,0.0,4.0
2026-06-16 19:10:00,23.59,413.95,38.7,0.859,0,0.0,4.0
2026-06-16 19:15:00,21.05,417.96,34.22,0.905,0,0.0,5.25
2026-06-16 19:20:00,21.47,411.72,35.43,0.872,0,0.0,4.0
2026-06-16 19:25:00,12.55,416.17,20.48,0.918,0,0.0,4.0
2026-06-16 19:30:00,17.27,416.82,28.14,0.855,0,0.0,4.0
2026-06-16 19:35:00,16.46,414.64,26.97,0.933,0,0.0,4.0
2026-06-16 19:40:00,13.25,417.23,21.57,0.889,0,0.0,4.0
2026-06-16 19:45:00,20.41,415.37,33.38,0.862,0,0.0,4.0
2026-06-16 19:50:00,16.27,418.04,26.43,0.87,0,0.0,4.0
2026-06-16 19:55:00,22.59,411.19,37.32,0.862,0,0.0,4.0
2026-06-16 20:00:00,14.34,414.13,23.52,0.838,0,0.0,4.0
2026-06-16 20:05:00,28.67,414.82,46.95,0.828,0,0.0,4.0
2026-06-16 20:10:00,16.0,408.32,26.62,0.859,0,0.0,4.0
2026-06-16 20:15:00,22.0,412.29,36.24,0.875,0,0.0,4.0
2026-06-16 20:20:00,25.29,412.97,41.6,0.863,0,0.0,4.0
2026-06-16 20:25:00,18.92,417.37,30.79,0.822,0,0.0,4.0
2026-06-16 20:30:00,26.49,413.23,43.55,0.889,0,0.0,4.0
2026-06-16 20:35:00,16.56,412.95,27.24,0.837,0,0.0,4.0
2026-06-16 20:40:00,30.45,417.04,49.59,0.845,1,19.32,6.96
2026-06-16 20:45:00,23.76,410.96,39.27,0.834,0,0.0,4.0
2026-06-16 20:50:00,21.21,409.82,35.16,0.882,0,0.0,4.0
2026-06-16 20:55:00,23.22,414.1,38.09,0.831,0,0.0,4.0
2026-06-16 21:00:00,29.3,411.38,48.37,0.851,0,0.0,4.0
2026-06-16 21:05:00,22.87,411.48,37.76,0.874,0,0.0,4.0
2026-06-16 21:10:00,22.61,416.43,36.88,0.84,0,0.0,4.0
2026-06-16 21:15:00,25.82,417.19,42.03,0.874,0,0.0,4.0
2026-06-16 21:20:00,21.62,416.97,35.22,0.861,0,0.0,4.32
2026-06-16 21:25:00,37.2,417.77,60.48,0.923,1,23.89,11.73
2026-06-16 21:30:00,25.86,418.1,42.01,0.915,0,0.0,4.0
2026-06-16 21:35:00,33.46,409.68,55.48,0.939,1,16.37,7.94
2026-06-16 21:40:00,30.97,416.13,50.56,0.883,1,15.43,7.99
2026-06-16 21:45:00,25.63,413.68,42.09,0.889,0,0.0,4.0
2026-06-16 21:50:00,31.16,413.13,51.24,0.934,1,18.93,5.92
2026-06-16 21:55:00,35.76,416.4,58.34,0.868,1,15.03,14.08
2026-06-16 22:00:00,31.56,410.67,52.2,0.887,1,16.57,4.0
2026-06-16 22:05:00,39.13,410.62,64.73,0.865,1,9.2,8.22
2026-06-16 22:10:00,38.95,416.58,63.5,0.886,1,23.53,8.1
2026-06-16 22:15:00,39.11,416.22,63.83,0.83,1,7.21,9.37
2026-06-16 22:20:00,32.91,415.34,53.82,0.914,1,18.81,7.32
2026-06-16 22:25:00,30.5,412.8,50.19,0.938,1,22.72,9.43
2026-06-16 22:30:00,33.54,416.86,54.65,0.828,1,6.68,6.41
2026-06-16 22:35:00,38.3,416.7,62.43,0.916,1,5.58,8.96
2026-06-16 22:40:00,40.76,415.21,66.68,0.849,1,11.66,8.76
2026-06-16 22:45:00,27.89,412.06,45.98,0.844,0,0.0,4.0
2026-06-16 22:50:00,39.43,413.94,64.71,0.903,1,19.35,7.06
2026-06-16 22:55:00,41.0,417.09,66.76,0.825,1,21.44,11.4
2026-06-16 23:00:00,39.55,418.32,64.23,0.876,1,12.95,9.21
2026-06-16 23:05:00,48.14,414.18,78.94,0.82,1,24.88,12.21
2026-06-16 23:10:00,44.53,414.38,73.0,0.887,1,12.32,11.53
2026-06-16 23:15:00,49.72,414.6,81.46,0.875,1,21.11,8.81
2026-06-16 23:20:00,42.84,415.69,70.01,0.93,1,12.02,7.69
2026-06-16 23:25:00,49.36,413.55,81.08,0.906,1,9.37,8.57
2026-06-16 23:30:00,53.61,407.76,89.3,0.835,1,11.73,12.62
2026-06-16 23:35:00,52.75,417.98,85.72,0.863,1,8.85,10.15
2026-06-16 23:40:00,41.49,419.49,67.18,0.932,1,7.58,8.27
2026-06-16 23:45:00,46.44,413.47,76.3,0.907,1,12.28,6.54
2026-06-16 23:50:00,46.75,412.33,77.01,0.891,1,7.94,10.71
2026-06-16 23:55:00,51.68,414.66,84.66,0.887,1,15.05,12.04
2026-06-17 00:00:00,53.43,414.53,87.55,0.868,1,5.71,11.2
2026-06-17 00:05:00,46.57,417.49,75.77,0.89,1,13.63,9.44
2026-06-17 00:10:00,51.87,415.14,84.86,0.913,1,24.16,12.95
2026-06-17 00:15:00,42.19,413.02,69.39,0.835,1,12.18,8.09
2026-06-17 00:20:00,60.26,411.7,99.42,0.936,1,7.75,14.51
2026-06-17 00:25:00,51.25,417.16,83.45,0.849,1,11.1,11.43
2026-06-17 00:30:00,54.85,416.5,89.45,0.874,1,20.83,8.0
2026-06-17 00:35:00,53.78,417.65,87.46,0.823,1,11.27,9.93
2026-06-17 00:40:00,61.81,412.58,101.76,0.886,1,12.67,12.51
2026-06-17 00:45:00,42.64,419.6,69.03,0.866,1,20.78,7.1
2026-06-17 00:50:00,57.49,410.64,95.1,0.85,1,10.21,13.35
2026-06-17 00:55:00,57.79,416.77,94.19,0.938,1,14.57,6.57
2026-06-17 01:00:00,56.79,410.23,94.03,0.871,1,6.26,12.39
2026-06-17 01:05:00,68.43,413.02,112.53,0.87,1,8.48,14.34
2026-06-17 01:10:00,56.09,418.9,90.95,0.876,1,9.19,5.96
2026-06-17 01:15:00,65.11,417.08,106.04,0.834,1,14.27,12.67
2026-06-17 01:20:00,63.75,413.63,104.69,0.867,1,21.42,11.54
2026-06-17 01:25:00,68.99,413.7,113.28,0.86,1,12.09,16.3
2026-06-17 01:30:00,60.06,415.25,98.24,0.876,1,12.61,9.51
2026-06-17 01:35:00,60.43,416.29,98.61,0.923,1,11.02,13.27
2026-06-17 01:40:00,70.27,418.13,114.16,0.843,1,11.41,15.53
2026-06-17 01:45:00,67.61,413.86,110.96,0.893,1,13.07,11.92
2026-06-17 01:50:00,58.44,410.97,96.58,0.825,1,22.99,14.67
2026-06-17 01:55:00,64.14,415.39,104.88,0.858,1,5.49,10.86
2026-06-17 02:00:00,69.43,413.86,113.96,0.877,1,17.49,16.45
2026-06-17 02:05:00,72.35,411.75,119.35,0.829,1,22.75,20.18
2026-06-17 02:10:00,65.41,415.74,106.87,0.885,1,13.34,14.59
2026-06-17 02:15:00,54.87,414.47,89.93,0.857,1,18.02,12.19
2026-06-17 02:20:00,72.69,415.77,118.76,0.939,1,16.71,12.83
2026-06-17 02:25:00,64.59,412.76,106.3,0.896,1,11.77,16.51
2026-06-17 02:30:00,61.22,416.22,99.91,0.849,1,7.75,13.46
2026-06-17 02:35:00,57.75,411.71,95.27,0.832,1,9.39,9.8
2026-06-17 02:40:00,76.57,412.93,125.95,0.825,1,6.15,17.55
2026-06-17 02:45:00,73.72,414.39,120.84,0.831,1,20.29,14.54
2026-06-17 02:50:00,72.52,419.35,117.46,0.902,1,15.66,15.4
2026-06-17 02:55:00,81.15,416.96,132.19,0.923,1,20.71,14.69
2026-06-17 03:00:00,77.94,417.69,126.74,0.839,1,10.8,12.4
2026-06-17 03:05:00,83.36,418.54,135.29,0.868,1,21.09,14.01
2026-06-17 03:10:00,68.84,424.01,110.28,0.863,1,11.18,12.07
2026-06-17 03:15:00,76.14,415.1,124.59,0.897,1,7.43,15.26
2026-06-17 03:20:00,68.73,418.55,111.54,0.842,1,15.68,12.47
2026-06-17 03:25:00,76.15,417.53,123.88,0.934,1,23.91,13.07
2026-06-17 03:30:00,76.52,417.49,124.5,0.907,1,13.29,12.24
2026-06-17 03:35:00,81.36,419.44,131.76,0.935,1,15.31,18.34
2026-06-17 03:40:00,78.9,413.95,129.46,0.853,1,14.03,14.62
2026-06-17 03:45:00,82.22,413.75,134.98,0.891,1,14.15,10.98
2026-06-17 03:50:00,83.04,415.8,135.65,0.908,1,9.29,15.39
2026-06-17 03:55:00,90.7,414.54,148.61,0.905,1,13.45,16.04
2026-06-17 04:00:00,78.73,415.8,128.62,0.823,1,14.94,15.39
2026-06-17 04:05:00,75.98,418.91,123.2,0.94,1,19.9,13.36
2026-06-17 04:10:00,82.28,413.8,135.05,0.931,1,7.8,18.17
2026-06-17 04:15:00,77.38,414.24,126.88,0.834,1,16.43,14.4
2026-06-17 04:20:00,89.13,415.44,145.73,0.885,1,18.24,16.47
2026-06-17 04:25:00,80.62,414.43,132.14,0.858,1,12.66,14.41
2026-06-17 04:30:00,79.51,410.21,131.65,0.925,1,15.98,16.2
2026-06-17 04:35:00,80.26,413.55,131.83,0.904,1,19.21,16.32
2026-06-17 04:40:00,86.48,416.72,140.97,0.847,1,14.3,15.38
2026-06-17 04:45:00,82.35,418.59,133.64,0.824,1,11.67,15.46
2026-06-17 04:50:00,80.17,412.11,132.14,0.855,1,21.49,14.92
2026-06-17 04:55:00,91.93,412.1,151.52,0.825,1,24.78,19.75
2026-06-17 05:00:00,79.53,415.08,130.14,0.837,1,9.33,11.8
2026-06-17 05:05:00,84.17,409.81,139.52,0.896,1,22.79,15.5
2026-06-17 05:10:00,87.43,413.89,143.49,0.909,1,15.91,16.08
2026-06-17 05:15:00,76.17,410.66,125.99,0.876,1,13.96,17.63
2026-06-17 05:20:00,86.87,418.42,141.02,0.892,1,22.86,19.49
2026-06-17 05:25:00,79.32,413.08,130.43,0.839,1,23.21,16.34
2026-06-17 05:30:00,88.81,419.13,143.93,0.858,1,10.45,14.21
2026-06-17 05:35:00,79.98,417.78,130.03,0.906,1,12.17,15.14
2026-06-17 05:40:00,88.33,413.38,145.14,0.864,1,22.04,21.34
2026-06-17 05:45:00,90.45,412.32,149.01,0.862,1,14.82,16.68
2026-06-17 05:50:00,89.27,414.52,146.29,0.843,1,10.76,16.9
2026-06-17 05:55:00,86.25,414.74,141.26,0.891,1,24.24,17.17
2026-06-17 06:00:00,83.84,415.87,136.95,0.917,1,9.34,13.6
2026-06-17 06:05:00,82.11,413.06,135.03,0.876,1,17.21,13.77
2026-06-17 06:10:00,92.32,416.87,150.43,0.834,1,13.56,15.42
2026-06-17 06:15:00,81.43,415.66,133.06,0.921,1,14.03,14.67
2026-06-17 06:20:00,79.68,414.15,130.69,0.829,1,7.12,15.72
2026-06-17 06:25:00,88.12,413.22,144.85,0.877,1,10.14,16.76
2026-06-17 06:30:00,80.72,414.54,132.27,0.851,1,8.34,16.12
2026-06-17 06:35:00,79.84,412.96,131.33,0.932,1,19.99,20.36
2026-06-17 06:40:00,77.25,415.15,126.4,0.909,1,18.95,20.85
2026-06-17 06:45:00,81.91,415.21,134.0,0.888,1,20.88,16.01
2026-06-17 06:50:00,83.76,415.65,136.87,0.9,1,18.99,18.16
2026-06-17 06:55:00,85.21,419.42,138.0,0.884,1,7.57,17.24
2026-06-17 07:00:00,88.56,414.67,145.07,0.838,1,24.57,19.66
2026-06-17 07:05:00,86.24,417.51,140.3,0.905,1,8.77,18.37
2026-06-17 07:10:00,82.43,415.57,134.72,0.879,1,12.01,14.22
2026-06-17 07:15:00,82.15,414.4,134.66,0.896,1,19.14,20.32
2026-06-17 07:20:00,85.44,414.7,139.95,0.825,1,7.81,19.31
2026-06-17 07:25:00,88.98,414.85,145.7,0.837,1,8.41,18.67
2026-06-17 07:30:00,82.97,415.7,135.57,0.891,1,22.53,17.64
2026-06-17 07:35:00,79.69,412.6,131.19,0.875,1,11.64,15.85
2026-06-17 07:40:00,76.76,411.34,126.75,0.847,1,18.31,15.21
2026-06-17 07:45:00,74.16,416.64,120.91,0.849,1,22.17,16.28
2026-06-17 07:50:00,84.38,417.25,137.36,0.896,1,24.46,17.0
2026-06-17 07:55:00,83.58,416.86,136.18,0.827,1,9.21,16.38
2026-06-17 08:00:00,83.2,415.39,136.05,0.872,1,7.46,15.4
2026-06-17 08:05:00,79.28,416.92,129.16,0.883,1,19.81,14.95
2026-06-17 08:10:00,86.55,416.78,141.06,0.857,1,8.76,20.44
2026-06-17 08:15:00,76.68,416.97,124.92,0.918,1,16.6,15.12
2026-06-17 08:20:00,83.45,412.85,137.29,0.827,1,15.65,15.15
2026-06-17 08:25:00,78.03,412.26,128.57,0.924,1,16.2,15.53
2026-06-17 08:30:00,74.73,414.03,122.59,0.907,1,18.0,11.85
2026-06-17 08:35:00,80.26,414.96,131.38,0.874,1,22.02,18.01
2026-06-17 08:40:00,78.86,414.4,129.26,0.931,1,10.44,15.04
2026-06-17 08:45:00,78.1,410.31,129.29,0.904,1,16.1,14.4
2026-06-17 08:50:00,76.21,419.3,123.46,0.932,1,11.73,13.6
2026-06-17 08:55:00,75.09,414.31,123.11,0.877,1,11.37,10.73
2026-06-17 09:00:00,86.69,415.43,141.74,0.874,1,5.41,20.38
2026-06-17 09:05:00,80.12,418.11,130.17,0.884,1,16.99,16.02
2026-06-17 09:10:00,77.26,409.14,128.27,0.828,1,24.45,19.6
2026-06-17 09:15:00,73.64,413.72,120.9,0.929,1,20.23,13.98
2026-06-17 09:20:00,77.53,414.03,127.2,0.9,1,9.86,15.81
2026-06-17 09:25:00,74.5,414.16,122.18,0.894,1,19.32,16.38
2026-06-17 09:30:00,71.44,414.57,117.05,0.931,1,10.95,14.85
2026-06-17 09:35:00,69.18,418.62,112.25,0.939,1,20.07,12.72
2026-06-17 09:40:00,69.67,416.68,113.57,0.84,1,22.1,9.86
2026-06-17 09:45:00,53.59,417.4,87.22,0.91,1,11.69,15.75
2026-06-17 09:50:00,69.86,415.12,114.31,0.89,1,5.04,11.45
2026-06-17 09:55:00,65.71,411.5,108.47,0.875,1,11.1,18.55
2026-06-17 10:00:00,75.46,409.8,125.08,0.937,1,9.12,12.95
2026-06-17 10:05:00,66.93,411.18,110.57,0.922,1,17.37,16.41
2026-06-17 10:10:00,60.22,415.9,98.35,0.904,1,10.8,13.04
2026-06-17 10:15:00,65.23,415.08,106.75,0.866,1,5.72,13.79
2026-06-17 10:20:00,59.56,414.47,97.61,0.9,1,15.63,10.36
2026-06-17 10:25:00,66.46,414.08,109.03,0.884,1,22.49,12.46
2026-06-17 10:30:00,64.85,420.03,104.87,0.85,1,14.03,11.78
2026-06-17 10:35:00,67.47,412.94,110.99,0.874,1,12.53,13.41
2026-06-17 10:40:00,58.02,417.32,94.43,0.845,1,8.57,10.68
2026-06-17 10:45:00,61.42,415.0,100.53,0.88,1,12.75,10.75
2026-06-17 10:50:00,53.7,414.85,87.93,0.906,1,11.62,8.36
2026-06-17 10:55:00,63.3,417.94,102.88,0.824,1,24.9,10.98
2026-06-17 11:00:00,61.65,418.66,100.03,0.912,1,5.61,12.61
2026-06-17 11:05:00,60.8,414.4,99.66,0.822,1,9.78,9.81
2026-06-17 11:10:00,57.58,417.0,93.8,0.882,1,6.37,8.14
2026-06-17 11:15:00,58.9,415.91,96.2,0.889,1,22.15,12.04
2026-06-17 11:20:00,64.1,415.02,104.91,0.911,1,13.35,7.16
2026-06-17 11:25:00,53.9,415.51,88.11,0.911,1,20.93,10.73
2026-06-17 11:30:00,55.26,413.28,90.83,0.87,1,18.84,11.07
2026-06-17 11:35:00,48.38,414.23,79.33,0.828,1,23.56,11.19
2026-06-17 11:40:00,48.71,413.55,80.01,0.903,1,5.48,9.83
2026-06-17 11:45:00,52.78,417.25,85.92,0.881,1,9.15,7.01
2026-06-17 11:50:00,57.05,414.76,93.42,0.86,1,19.04,10.79
2026-06-17 11:55:00,49.48,411.76,81.63,0.848,1,16.7,11.25
2026-06-17 12:00:00,48.82,413.19,80.26,0.834,1,18.89,10.7
2026-06-17 12:05:00,47.2,407.0,78.78,0.855,1,16.51,7.52
2026-06-17 12:10:00,45.8,413.76,75.19,0.875,1,16.62,10.04
2026-06-17 12:15:00,49.19,415.09,80.49,0.877,1,23.65,12.15
2026-06-17 12:20:00,39.46,414.66,64.64,0.89,1,23.43,6.02
2026-06-17 12:25:00,52.59,419.95,85.07,0.863,1,5.76,5.23
2026-06-17 12:30:00,42.1,416.44,68.68,0.93,1,13.27,12.34
2026-06-17 12:35:00,48.29,416.33,78.78,0.88,1,15.21,10.18
2026-06-17 12:40:00,37.57,410.89,62.11,0.871,1,12.16,6.31
2026-06-17 12:45:00,46.52,414.09,76.3,0.826,1,5.99,7.54
2026-06-17 12:50:00,45.78,413.78,75.16,0.892,1,14.45,9.3
2026-06-17 12:55:00,43.6,413.03,71.71,0.892,1,24.51,11.48
2026-06-17 13:00:00,35.97,413.0,59.16,0.89,1,6.44,4.0
2026-06-17 13:05:00,41.45,410.48,68.6,0.927,1,21.33,7.6
2026-06-17 13:10:00,33.56,411.81,55.36,0.912,1,8.91,10.31
2026-06-17 13:15:00,37.49,417.19,61.03,0.924,1,16.54,9.48
2026-06-17 13:20:00,43.18,414.64,70.73,0.827,1,12.74,10.12
2026-06-17 13:25:00,41.3,413.73,67.8,0.858,1,11.98,8.97
2026-06-17 13:30:00,36.68,414.99,60.04,0.858,1,22.41,8.44
2026-06-17 13:35:00,31.03,417.92,50.43,0.899,1,24.47,5.73
2026-06-17 13:40:00,38.44,415.01,62.91,0.874,1,12.73,6.27
2026-06-17 13:45:00,34.62,416.35,56.48,0.913,1,17.81,8.98
2026-06-17 13:50:00,22.24,412.88,36.58,0.866,0,0.0,4.0
2026-06-17 13:55:00,37.08,413.45,60.92,0.847,1,6.54,7.66
2026-06-17 14:00:00,32.38,415.88,52.88,0.855,1,5.82,6.47
2026-06-17 14:05:00,37.86,419.73,61.26,0.842,1,20.47,12.9
2026-06-17 14:10:00,25.72,418.57,41.73,0.844,0,0.0,4.0
2026-06-17 14:15:00,14.67,416.46,23.93,0.846,0,0.0,4.0
2026-06-17 14:20:00,31.32,415.38,51.22,0.822,1,24.71,8.51
2026-06-17 14:25:00,30.76,418.5,49.93,0.906,1,6.7,5.6
2026-06-17 14:30:00,20.24,416.99,32.97,0.868,0,0.0,4.0
2026-06-17 14:35:00,23.2,409.27,38.51,0.823,0,0.0,4.0
2026-06-17 14:40:00,41.28,412.37,67.99,0.864,1,13.3,10.17
2026-06-17 14:45:00,25.39,415.85,41.48,0.929,0,0.0,4.0
2026-06-17 14:50:00,30.01,410.53,49.65,0.881,1,5.97,7.63
2026-06-17 14:55:00,22.54,412.76,37.1,0.938,0,0.0,4.0
2026-06-17 15:00:00,14.8,413.25,24.33,0.885,0,0.0,4.0
2026-06-17 15:05:00,23.87,414.36,39.12,0.936,0,0.0,4.0
2026-06-17 15:10:00,22.87,414.28,37.49,0.844,0,0.0,4.0
2026-06-17 15:15:00,21.69,414.28,35.56,0.855,0,0.0,4.0
2026-06-17 15:20:00,22.62,417.06,36.83,0.904,0,0.0,4.0
2026-06-17 15:25:00,24.03,414.34,39.39,0.938,0,0.0,4.0
2026-06-17 15:30:00,21.48,414.04,35.24,0.919,0,0.0,4.0
2026-06-17 15:35:00,15.45,411.63,25.5,0.886,0,0.0,4.0
2026-06-17 15:40:00,23.76,417.56,38.65,0.83,0,0.0,4.0
2026-06-17 15:45:00,11.15,413.32,18.33,0.864,0,0.0,4.0
2026-06-17 15:50:00,10.23,412.28,16.85,0.83,0,0.0,4.0
2026-06-17 15:55:00,23.77,415.53,38.86,0.857,0,0.0,4.0
2026-06-17 16:00:00,22.22,413.08,36.54,0.851,0,0.0,4.0
2026-06-17 16:05:00,19.03,413.69,31.24,0.867,0,0.0,4.0
2026-06-17 16:10:00,11.98,415.65,19.57,0.92,0,0.0,4.0
2026-06-17 16:15:00,15.07,414.18,24.71,0.838,0,0.0,4.0
2026-06-17 16:20:00,16.97,420.78,27.39,0.857,0,0.0,4.0
2026-06-17 16:25:00,10.0,414.81,16.37,0.851,0,0.0,4.0
2026-06-17 16:30:00,13.97,416.54,22.78,0.856,0,0.0,4.59
2026-06-17 16:35:00,20.64,410.15,34.18,0.863,0,0.0,4.0
2026-06-17 16:40:00,24.25,412.85,39.89,0.849,0,0.0,4.0
2026-06-17 16:45:00,14.76,412.28,24.32,0.933,0,0.0,4.0
2026-06-17 16:50:00,20.4,412.61,33.59,0.87,0,0.0,4.0
2026-06-17 16:55:00,10.0,416.04,16.33,0.834,0,0.0,4.0
2026-06-17 17:00:00,19.49,417.59,31.7,0.876,0,0.0,4.0
2026-06-17 17:05:00,11.98,415.86,19.57,0.842,0,0.0,4.0
2026-06-17 17:10:00,17.37,414.43,28.46,0.846,0,0.0,4.0
2026-06-17 17:15:00,14.43,413.42,23.71,0.854,0,0.0,4.0
2026-06-17 17:20:00,22.13,417.78,35.99,0.835,0,0.0,4.0
2026-06-17 17:25:00,11.04,420.18,17.84,0.907,0,0.0,4.0
2026-06-17 17:30:00,18.44,415.34,30.15,0.915,0,0.0,4.0
2026-06-17 17:35:00,13.81,417.35,22.48,0.867,0,0.0,4.0
2026-06-17 17:40:00,14.34,415.86,23.43,0.903,0,0.0,4.0
2026-06-17 17:45:00,14.16,416.89,23.06,0.867,0,0.0,4.0
2026-06-17 17:50:00,10.8,412.09,17.81,0.84,0,0.0,4.0
2026-06-17 17:55:00,14.94,413.78,24.52,0.868,0,0.0,4.0
2026-06-17 18:00:00,14.69,415.99,23.98,0.887,0,0.0,4.0
2026-06-17 18:05:00,16.21,418.03,26.35,0.825,0,0.0,4.0
2026-06-17 18:10:00,15.46,412.95,25.42,0.899,0,0.0,4.0
2026-06-17 18:15:00,19.06,409.92,31.59,0.909,0,0.0,4.0
2026-06-17 18:20:00,19.75,413.75,32.42,0.923,0,0.0,4.0
2026-06-17 18:25:00,10.0,417.53,16.27,0.832,0,0.0,4.0
2026-06-17 18:30:00,19.64,411.04,32.46,0.82,0,0.0,5.05
2026-06-17 18:35:00,10.0,412.06,16.48,0.829,0,0.0,4.0
2026-06-17 18:40:00,18.47,415.39,30.2,0.931,0,0.0,4.0
2026-06-17 18:45:00,18.77,414.71,30.75,0.912,0,0.0,4.0
2026-06-17 18:50:00,10.0,416.49,16.31,0.92,0,0.0,4.0
2026-06-17 18:55:00,16.47,411.93,27.16,0.882,0,0.0,4.0
2026-06-17 19:00:00,13.85,414.19,22.71,0.883,0,0.0,4.0
2026-06-17 19:05:00,12.6,417.99,20.48,0.856,0,0.0,4.0
2026-06-17 19:10:00,23.37,412.02,38.53,0.921,0,0.0,4.0
2026-06-17 19:15:00,13.59,418.69,22.05,0.92,0,0.0,4.0
2026-06-17 19:20:00,13.08,412.33,21.55,0.867,0,0.0,4.0
2026-06-17 19:25:00,17.76,417.12,28.92,0.86,0,0.0,4.0
2026-06-17 19:30:00,21.09,414.07,34.6,0.909,0,0.0,4.0
2026-06-17 19:35:00,17.26,412.14,28.44,0.823,0,0.0,4.0
2026-06-17 19:40:00,24.11,413.76,39.58,0.923,0,0.0,4.0
2026-06-17 19:45:00,21.26,416.36,34.69,0.874,0,0.0,4.0
2026-06-17 19:50:00,10.0,414.98,16.37,0.873,0,0.0,4.0
2026-06-17 19:55:00,16.67,417.8,27.1,0.9,0,0.0,4.0
2026-06-17 20:00:00,16.88,418.59,27.39,0.897,0,0.0,4.0
2026-06-17 20:05:00,22.47,412.04,37.05,0.852,0,0.0,4.0
2026-06-17 20:10:00,10.0,411.86,16.49,0.933,0,0.0,4.0
2026-06-17 20:15:00,33.64,411.74,55.5,0.938,1,24.81,4.0
2026-06-17 20:20:00,23.98,412.75,39.47,0.883,0,0.0,4.0
2026-06-17 20:25:00,22.52,417.76,36.61,0.887,0,0.0,4.0
2026-06-17 20:30:00,28.14,416.4,45.9,0.887,0,0.0,4.0
2026-06-17 20:35:00,34.42,413.64,56.53,0.878,1,21.04,5.65
2026-06-17 20:40:00,27.54,414.97,45.08,0.933,0,0.0,4.0
2026-06-17 20:45:00,28.43,418.51,46.14,0.849,0,0.0,4.0
2026-06-17 20:50:00,24.85,419.77,40.21,0.833,0,0.0,4.0
2026-06-17 20:55:00,24.01,415.65,39.24,0.932,0,0.0,4.0
2026-06-17 21:00:00,22.87,408.35,38.05,0.846,0,0.0,4.0
2026-06-17 21:05:00,21.67,415.74,35.4,0.91,0,0.0,4.0
2026-06-17 21:10:00,22.92,417.34,37.3,0.844,0,0.0,4.0
2026-06-17 21:15:00,20.17,415.56,32.97,0.935,0,0.0,4.0
2026-06-17 21:20:00,27.12,416.82,44.2,0.915,0,0.0,4.0
2026-06-17 21:25:00,19.67,415.89,32.12,0.93,0,0.0,4.0
2026-06-17 21:30:00,29.65,411.91,48.89,0.934,0,0.0,4.0
2026-06-17 21:35:00,29.12,412.78,47.92,0.83,0,0.0,4.0
2026-06-17 21:40:00,30.66,414.2,50.28,0.872,1,22.74,6.37
2026-06-17 21:45:00,27.94,417.66,45.45,0.898,0,0.0,4.0
2026-06-17 21:50:00,46.58,413.09,76.59,0.916,1,14.8,9.81
2026-06-17 21:55:00,38.64,416.14,63.08,0.849,1,13.24,6.83
2026-06-17 22:00:00,26.28,415.76,42.93,0.93,0,0.0,4.0
2026-06-17 22:05:00,34.33,418.97,55.66,0.847,1,21.15,5.17
2026-06-17 22:10:00,30.8,414.9,50.42,0.924,1,8.93,5.26
2026-06-17 22:15:00,29.45,410.61,48.71,0.882,0,0.0,4.0
2026-06-17 22:20:00,28.51,416.62,46.48,0.882,0,0.0,4.0
2026-06-17 22:25:00,38.06,420.35,61.51,0.865,1,9.98,10.18
2026-06-17 22:30:00,33.2,416.78,54.11,0.832,1,24.66,6.08
2026-06-17 22:35:00,42.15,413.03,69.32,0.862,1,21.93,8.24
2026-06-17 22:40:00,43.0,412.3,70.84,0.871,1,5.41,6.14
2026-06-17 22:45:00,45.62,412.62,75.1,0.877,1,13.45,7.24
2026-06-17 22:50:00,35.21,420.01,56.95,0.909,1,12.18,8.55
2026-06-17 22:55:00,42.58,414.18,69.84,0.862,1,22.66,7.63
2026-06-17 23:00:00,44.1,413.34,72.48,0.869,1,10.29,9.55
2026-06-17 23:05:00,39.31,414.6,64.4,0.929,1,24.97,8.29
2026-06-17 23:10:00,38.57,414.21,63.24,0.91,1,9.0,9.13
2026-06-17 23:15:00,51.22,418.92,83.05,0.823,1,9.88,8.81
2026-06-17 23:20:00,45.06,412.46,74.21,0.917,1,18.32,11.53
2026-06-17 23:25:00,47.86,417.95,77.77,0.939,1,8.22,13.36
2026-06-17 23:30:00,41.32,415.31,67.58,0.933,1,22.78,4.65
2026-06-17 23:35:00,40.09,418.02,65.15,0.92,1,7.2,7.36
2026-06-17 23:40:00,44.1,418.96,71.5,0.896,1,24.67,8.96
2026-06-17 23:45:00,47.09,415.21,77.04,0.853,1,22.49,7.95
2026-06-17 23:50:00,43.15,414.21,70.76,0.899,1,21.79,9.8
2026-06-17 23:55:00,49.19,415.17,80.48,0.903,1,13.14,12.1
2026-06-18 00:00:00,41.56,414.76,68.06,0.854,1,15.27,4.0
2026-06-18 00:05:00,45.16,410.86,74.67,0.851,1,14.13,4.1
2026-06-18 00:10:00,54.88,418.88,89.0,0.868,1,24.75,14.94
2026-06-18 00:15:00,55.31,415.61,90.39,0.897,1,5.7,9.69
2026-06-18 00:20:00,51.09,412.09,84.21,0.855,1,12.63,10.03
2026-06-18 00:25:00,48.72,409.83,80.75,0.887,1,24.37,7.52
2026-06-18 00:30:00,49.43,409.18,82.06,0.928,1,12.39,9.62
2026-06-18 00:35:00,53.46,416.93,87.09,0.855,1,12.97,13.43
2026-06-18 00:40:00,59.3,413.45,97.42,0.936,1,17.63,12.7
2026-06-18 00:45:00,61.47,413.86,100.89,0.877,1,23.15,12.67
2026-06-18 00:50:00,55.09,416.22,89.91,0.832,1,10.89,6.37
2026-06-18 00:55:00,52.55,413.71,86.28,0.827,1,23.95,12.37
2026-06-18 01:00:00,60.4,416.37,98.53,0.861,1,10.65,11.43
2026-06-18 01:05:00,55.68,415.24,91.08,0.851,1,21.31,9.68
2026-06-18 01:10:00,57.93,414.79,94.87,0.921,1,10.52,12.44
2026-06-18 01:15:00,67.88,411.07,112.16,0.909,1,6.46,10.58
2026-06-18 01:20:00,66.11,412.95,108.74,0.926,1,21.25,14.26
2026-06-18 01:25:00,63.48,416.51,103.52,0.891,1,14.0,14.94
2026-06-18 01:30:00,57.03,413.29,93.74,0.872,1,12.81,11.26
2026-06-18 01:35:00,65.15,418.01,105.87,0.852,1,13.6,11.43
2026-06-18 01:40:00,70.1,420.87,113.15,0.89,1,17.23,12.16
2026-06-18 01:45:00,63.6,416.64,103.69,0.894,1,10.25,12.85
2026-06-18 01:50:00,72.92,418.73,118.28,0.867,1,9.75,12.61
2026-06-18 01:55:00,73.3,416.8,119.45,0.932,1,14.67,19.39
2026-06-18 02:00:00,75.82,413.66,124.5,0.897,1,5.71,10.66
2026-06-18 02:05:00,69.68,415.5,113.92,0.92,1,17.86,13.14
2026-06-18 02:10:00,71.74,420.03,116.02,0.894,1,21.46,14.62
2026-06-18 02:15:00,76.52,413.69,125.63,0.858,1,19.55,15.1
2026-06-18 02:20:00,72.31,412.4,119.1,0.908,1,14.39,12.44
2026-06-18 02:25:00,68.19,412.16,112.38,0.848,1,16.31,15.94
2026-06-18 02:30:00,69.06,414.46,113.19,0.892,1,5.52,14.25
2026-06-18 02:35:00,73.1,412.49,120.38,0.868,1,23.25,16.03
2026-06-18 02:40:00,66.04,419.19,107.02,0.838,1,16.16,11.15
2026-06-18 02:45:00,72.36,415.54,118.28,0.87,1,11.33,12.66
2026-06-18 02:50:00,79.13,417.43,128.76,0.857,1,10.87,15.91
2026-06-18 02:55:00,63.25,414.25,103.71,0.833,1,18.19,9.75
2026-06-18 03:00:00,82.42,412.15,135.84,0.919,1,16.69,17.21
2026-06-18 03:05:00,80.89,411.73,133.46,0.88,1,8.76,14.77
2026-06-18 03:10:00,73.51,412.73,120.97,0.862,1,13.2,16.35
2026-06-18 03:15:00,79.03,415.87,129.09,0.881,1,18.52,14.16
2026-06-18 03:20:00,76.83,416.3,125.36,0.911,1,10.95,18.57
2026-06-18 03:25:00,83.45,416.51,136.09,0.822,1,15.19,16.73
2026-06-18 03:30:00,82.68,411.28,136.55,0.886,1,10.1,16.59
2026-06-18 03:35:00,71.23,415.0,116.58,0.877,1,6.43,11.54
2026-06-18 03:40:00,81.61,412.43,134.4,0.927,1,12.76,15.91
2026-06-18 03:45:00,78.07,416.0,127.48,0.887,1,19.64,13.77
2026-06-18 03:50:00,79.93,416.2,130.45,0.836,1,9.28,11.29
2026-06-18 03:55:00,76.28,412.07,125.74,0.867,1,20.09,14.28
2026-06-18 04:00:00,89.05,417.42,144.91,0.895,1,18.39,19.63
2026-06-18 04:05:00,85.89,420.85,138.62,0.826,1,15.15,16.07
2026-06-18 04:10:00,77.35,417.09,125.96,0.926,1,24.43,14.46
2026-06-18 04:15:00,74.72,414.59,122.41,0.828,1,22.67,13.87
2026-06-18 04:20:00,79.79,414.21,130.85,0.824,1,16.26,20.35
2026-06-18 04:25:00,84.21,414.48,138.0,0.82,1,16.16,17.37
2026-06-18 04:30:00,83.54,413.1,137.36,0.902,1,10.56,11.89
2026-06-18 04:35:00,88.89,415.63,145.26,0.875,1,23.4,15.92
2026-06-18 04:40:00,86.84,412.15,143.12,0.832,1,22.92,15.85
2026-06-18 04:45:00,87.99,410.28,145.68,0.923,1,19.84,15.16
2026-06-18 04:50:00,85.01,415.55,138.96,0.844,1,7.56,15.83
2026-06-18 04:55:00,76.66,415.05,125.45,0.859,1,19.07,13.43
2026-06-18 05:00:00,82.83,413.57,136.04,0.841,1,10.06,14.23
2026-06-18 05:05:00,89.3,411.79,147.3,0.931,1,8.78,16.87
2026-06-18 05:10:00,83.91,415.72,137.11,0.911,1,20.18,12.55
2026-06-18 05:15:00,86.84,412.52,142.99,0.907,1,24.19,11.87
2026-06-18 05:20:00,82.87,414.65,135.76,0.825,1,7.18,18.15
2026-06-18 05:25:00,79.44,419.41,128.66,0.883,1,8.28,16.65
2026-06-18 05:30:00,84.08,416.63,137.09,0.889,1,9.38,16.46
2026-06-18 05:35:00,86.34,411.58,142.49,0.866,1,24.26,17.46
2026-06-18 05:40:00,81.59,411.81,134.57,0.859,1,18.93,15.2
2026-06-18 05:45:00,83.75,415.38,136.95,0.922,1,18.57,22.97
2026-06-18 05:50:00,80.27,411.56,132.48,0.823,1,15.1,15.65
2026-06-18 05:55:00,90.59,410.0,150.08,0.895,1,15.75,23.12
2026-06-18 06:00:00,83.53,416.33,136.28,0.867,1,10.8,20.34
2026-06-18 06:05:00,92.26,415.8,150.71,0.9,1,8.09,18.08
2026-06-18 06:10:00,92.61,416.13,151.17,0.844,1,20.61,17.22
2026-06-18 06:15:00,84.52,415.66,138.12,0.849,1,14.41,15.97
2026-06-18 06:20:00,79.82,414.84,130.71,0.89,1,10.12,13.95
2026-06-18 06:25:00,74.36,413.34,122.2,0.938,1,17.66,15.33
2026-06-18 06:30:00,77.34,416.29,126.2,0.937,1,9.19,15.94
2026-06-18 06:35:00,77.72,418.82,126.05,0.85,1,14.78,11.9
2026-06-18 06:40:00,91.36,413.75,149.99,0.832,1,8.8,22.92
2026-06-18 06:45:00,84.91,412.45,139.83,0.891,1,20.19,14.49
2026-06-18 06:50:00,86.12,412.16,141.93,0.87,1,11.42,9.87
2026-06-18 06:55:00,72.89,412.83,119.94,0.911,1,13.83,13.62
2026-06-18 07:00:00,77.82,415.51,127.21,0.883,1,20.1,12.36
2026-06-18 07:05:00,88.04,409.65,145.98,0.881,1,18.19,16.63
2026-06-18 07:10:00,84.81,416.1,138.45,0.898,1,12.99,16.08
2026-06-18 07:15:00,82.41,416.61,134.36,0.835,1,6.42,16.18
2026-06-18 07:20:00,85.71,410.5,141.83,0.901,1,23.43,18.92
2026-06-18 07:25:00,90.8,412.55,149.5,0.879,1,5.16,14.27
2026-06-18 07:30:00,81.23,415.2,132.89,0.918,1,19.69,14.77
2026-06-18 07:35:00,82.38,414.64,134.96,0.837,1,23.91,17.59
2026-06-18 07:40:00,82.68,416.3,134.91,0.856,1,11.13,13.92
2026-06-18 07:45:00,93.35,414.65,152.92,0.934,1,6.51,12.79
2026-06-18 07:50:00,70.55,418.16,114.6,0.886,1,9.99,14.63
2026-06-18 07:55:00,84.1,414.2,137.92,0.932,1,11.27,14.4
2026-06-18 08:00:00,79.74,412.54,131.29,0.903,1,14.03,13.59
2026-06-18 08:05:00,82.76,412.34,136.32,0.931,1,15.5,15.95
2026-06-18 08:10:00,76.23,416.84,124.22,0.858,1,19.51,14.71
2026-06-18 08:15:00,78.86,415.07,129.05,0.831,1,23.02,17.65
2026-06-18 08:20:00,82.23,416.58,134.07,0.916,1,14.3,12.63
2026-06-18 08:25:00,93.79,416.53,152.95,0.917,1,19.93,23.1
2026-06-18 08:30:00,81.81,409.95,135.55,0.894,1,7.54,11.84
2026-06-18 08:35:00,73.06,412.15,120.4,0.89,1,11.58,12.83
2026-06-18 08:40:00,74.69,412.45,123.01,0.93,1,7.36,11.81
2026-06-18 08:45:00,74.05,412.96,121.8,0.841,1,18.83,14.4
2026-06-18 08:50:00,66.83,413.95,109.66,0.894,1,23.15,13.23
2026-06-18 08:55:00,73.63,417.5,119.8,0.826,1,22.78,14.78
2026-06-18 09:00:00,78.41,418.0,127.42,0.837,1,11.53,15.29
2026-06-18 09:05:00,67.83,414.27,111.22,0.872,1,9.68,15.71
2026-06-18 09:10:00,78.89,414.37,129.32,0.919,1,10.48,15.09
2026-06-18 09:15:00,75.52,413.24,124.13,0.908,1,10.75,17.34
2026-06-18 09:20:00,68.83,415.22,112.59,0.937,1,6.64,8.68
2026-06-18 09:25:00,71.2,415.51,116.39,0.825,1,7.67,8.15
2026-06-18 09:30:00,79.3,417.02,129.16,0.866,1,9.29,15.03
2026-06-18 09:35:00,74.36,417.0,121.13,0.839,1,5.16,14.4
2026-06-18 09:40:00,70.12,409.24,116.38,0.824,1,5.94,11.69
2026-06-18 09:45:00,68.26,414.62,111.82,0.852,1,18.97,13.21
2026-06-18 09:50:00,69.19,418.46,112.31,0.849,1,17.39,15.81
2026-06-18 09:55:00,65.6,413.9,107.65,0.87,1,23.91,14.55
2026-06-18 10:00:00,56.98,417.85,92.62,0.837,1,13.04,10.15
2026-06-18 10:05:00,77.05,414.23,126.34,0.879,1,13.89,15.02
2026-06-18 10:10:00,66.94,415.44,109.45,0.93,1,6.35,14.12
2026-06-18 10:15:00,67.47,412.16,111.2,0.91,1,8.05,9.71
2026-06-18 10:20:00,64.5,412.25,106.28,0.921,1,18.83,10.69
2026-06-18 10:25:00,60.42,416.81,98.46,0.917,1,9.7,13.49
2026-06-18 10:30:00,62.46,417.2,101.7,0.867,1,20.47,8.27
2026-06-18 10:35:00,54.69,415.07,89.5,0.905,1,19.11,8.28
2026-06-18 10:40:00,73.36,411.93,120.96,0.911,1,19.95,11.4
2026-06-18 10:45:00,55.08,415.11,90.13,0.845,1,18.81,12.97
2026-06-18 10:50:00,55.36,418.14,89.94,0.923,1,19.15,8.42
2026-06-18 10:55:00,57.59,419.36,93.29,0.875,1,15.94,12.99
2026-06-18 11:00:00,65.5,414.21,107.41,0.822,1,18.56,11.9
2026-06-18 11:05:00,58.39,410.85,96.54,0.897,1,15.52,15.4
2026-06-18 11:10:00,51.39,417.1,83.7,0.901,1,9.12,10.0
2026-06-18 11:15:00,63.1,414.31,103.45,0.886,1,9.35,14.29
2026-06-18 11:20:00,59.73,417.36,97.22,0.845,1,13.11,12.47
2026-06-18 11:25:00,58.02,415.7,94.8,0.878,1,5.28,9.67
2026-06-18 11:30:00,58.15,412.79,95.68,0.868,1,22.79,11.58
2026-06-18 11:35:00,65.78,415.15,107.63,0.937,1,10.37,12.38
2026-06-18 11:40:00,63.98,418.27,103.89,0.919,1,6.03,10.75
2026-06-18 11:45:00,48.86,414.63,80.04,0.911,1,13.49,11.52
2026-06-18 11:50:00,59.65,412.41,98.24,0.842,1,21.31,17.6
2026-06-18 11:55:00,52.68,411.03,87.06,0.86,1,12.95,10.4
2026-06-18 12:00:00,52.5,413.07,86.32,0.866,1,10.25,11.62
2026-06-18 12:05:00,40.78,413.97,66.9,0.879,1,15.9,9.36
2026-06-18 12:10:00,47.62,417.05,77.56,0.824,1,16.49,4.0
2026-06-18 12:15:00,43.65,412.2,71.92,0.891,1,20.18,10.0
2026-06-18 12:20:00,51.09,418.88,82.85,0.863,1,21.0,11.27
2026-06-18 12:25:00,51.55,411.66,85.05,0.887,1,19.12,7.35
2026-06-18 12:30:00,35.06,420.83,56.59,0.821,1,5.09,4.0
2026-06-18 12:35:00,44.57,419.31,72.19,0.859,1,5.04,9.26
2026-06-18 12:40:00,49.53,415.35,81.0,0.912,1,24.55,13.94
2026-06-18 12:45:00,42.24,410.88,69.83,0.88,1,10.28,7.26
2026-06-18 12:50:00,46.07,414.86,75.43,0.915,1,10.65,8.06
2026-06-18 12:55:00,43.44,414.03,71.26,0.904,1,19.64,14.13
2026-06-18 13:00:00,42.65,411.81,70.35,0.923,1,16.63,10.58
2026-06-18 13:05:00,38.85,415.73,63.48,0.821,1,14.27,4.9
2026-06-18 13:10:00,33.39,412.94,54.93,0.851,1,7.33,4.73
2026-06-18 13:15:00,33.14,413.21,54.48,0.886,1,6.63,11.33
2026-06-18 13:20:00,41.58,414.49,68.13,0.933,1,19.07,6.91
2026-06-18 13:25:00,37.41,413.56,61.45,0.902,1,7.49,5.88
2026-06-18 13:30:00,35.91,420.2,58.06,0.875,1,13.72,8.7
2026-06-18 13:35:00,33.78,413.66,55.48,0.836,1,19.72,6.46
2026-06-18 13:40:00,33.68,416.1,54.98,0.879,1,23.46,8.26
2026-06-18 13:45:00,39.75,415.36,65.01,0.873,1,22.47,8.94
2026-06-18 13:50:00,32.16,415.88,52.53,0.913,1,22.28,6.57
2026-06-18 13:55:00,26.46,416.07,43.2,0.87,0,0.0,4.0
2026-06-18 14:00:00,36.22,417.2,58.97,0.858,1,23.54,4.75
2026-06-18 14:05:00,30.82,415.67,50.36,0.831,1,18.67,6.75
2026-06-18 14:10:00,31.35,415.56,51.25,0.826,1,22.73,5.44
2026-06-18 14:15:00,38.59,415.15,63.15,0.873,1,6.78,11.08
2026-06-18 14:20:00,29.82,414.65,48.85,0.862,0,0.0,4.0
2026-06-18 14:25:00,30.75,412.72,50.61,0.887,1,13.59,10.66
2026-06-18 14:30:00,22.8,414.85,37.33,0.905,0,0.0,4.0
2026-06-18 14:35:00,26.99,415.6,44.12,0.825,0,0.0,4.0
2026-06-18 14:40:00,30.55,416.01,49.88,0.88,1,22.69,9.15
2026-06-18 14:45:00,19.15,415.45,31.3,0.923,0,0.0,4.0
2026-06-18 14:50:00,27.36,414.42,44.84,0.875,0,0.0,4.0
2026-06-18 14:55:00,26.3,414.86,43.06,0.883,0,0.0,4.0
2026-06-18 15:00:00,25.46,413.62,41.81,0.878,0,0.0,4.0
2026-06-18 15:05:00,29.9,415.78,48.85,0.867,0,0.0,4.0
2026-06-18 15:10:00,25.87,414.45,42.4,0.833,0,0.0,4.0
2026-06-18 15:15:00,31.08,415.45,50.81,0.835,1,21.48,4.8
2026-06-18 15:20:00,18.22,417.5,29.64,0.841,0,0.0,4.0
2026-06-18 15:25:00,23.38,413.23,38.44,0.915,0,0.0,4.0
2026-06-18 15:30:00,22.65,416.49,36.95,0.853,0,0.0,4.0
2026-06-18 15:35:00,16.43,415.08,26.88,0.934,0,0.0,4.0
2026-06-18 15:40:00,26.11,420.05,42.22,0.917,0,0.0,4.0
2026-06-18 15:45:00,32.52,414.46,53.3,0.902,1,10.28,9.87
2026-06-18 15:50:00,20.4,416.74,33.24,0.906,0,0.0,4.0
2026-06-18 15:55:00,22.6,415.04,36.99,0.826,0,0.0,4.0
2026-06-18 16:00:00,20.11,411.53,33.2,0.888,0,0.0,4.0
2026-06-18 16:05:00,15.75,413.7,25.85,0.933,0,0.0,4.0
2026-06-18 16:10:00,10.0,417.2,16.28,0.825,0,0.0,4.0
2026-06-18 16:15:00,15.08,413.92,24.75,0.855,0,0.0,4.0
2026-06-18 16:20:00,11.32,409.45,18.78,0.826,0,0.0,4.0
2026-06-18 16:25:00,26.48,414.92,43.36,0.888,0,0.0,4.0
2026-06-18 16:30:00,17.09,412.27,28.16,0.834,0,0.0,4.0
2026-06-18 16:35:00,15.65,415.33,25.6,0.878,0,0.0,4.0
2026-06-18 16:40:00,21.56,418.88,34.96,0.906,0,0.0,4.0
2026-06-18 16:45:00,11.25,416.92,18.33,0.84,0,0.0,4.0
2026-06-18 16:50:00,12.79,418.84,20.73,0.911,0,0.0,4.0
2026-06-18 16:55:00,16.74,413.6,27.49,0.827,0,0.0,4.0
2026-06-18 17:00:00,21.34,414.64,34.95,0.838,0,0.0,4.0
2026-06-18 17:05:00,18.51,412.39,30.49,0.854,0,0.0,4.0
2026-06-18 17:10:00,17.07,413.29,28.06,0.916,0,0.0,4.0
2026-06-18 17:15:00,16.06,412.68,26.44,0.922,0,0.0,4.0
2026-06-18 17:20:00,17.53,411.73,28.92,0.846,0,0.0,4.0
2026-06-18 17:25:00,16.42,418.41,26.65,0.831,0,0.0,4.0
2026-06-18 17:30:00,10.15,409.77,16.82,0.922,0,0.0,4.0
2026-06-18 17:35:00,15.44,418.43,25.06,0.898,0,0.0,4.0
2026-06-18 17:40:00,10.0,418.12,16.25,0.839,0,0.0,4.0
2026-06-18 17:45:00,15.48,416.25,25.26,0.887,0,0.0,4.0
2026-06-18 17:50:00,12.63,412.21,20.81,0.925,0,0.0,4.0
2026-06-18 17:55:00,27.71,411.04,45.78,0.828,0,0.0,4.0
2026-06-18 18:00:00,14.8,413.63,24.31,0.83,0,0.0,4.0
2026-06-18 18:05:00,10.0,416.56,16.31,0.853,0,0.0,4.0
2026-06-18 18:10:00,14.36,415.01,23.51,0.898,0,0.0,4.0
2026-06-18 18:15:00,17.67,412.39,29.11,0.841,0,0.0,4.0
2026-06-18 18:20:00,23.5,417.87,38.2,0.918,0,0.0,4.0
2026-06-18 18:25:00,12.26,419.21,19.87,0.91,0,0.0,4.0
2026-06-18 18:30:00,10.0,414.43,16.39,0.887,0,0.0,4.0
2026-06-18 18:35:00,19.49,415.27,31.88,0.834,0,0.0,4.42
2026-06-18 18:40:00,10.0,411.23,16.52,0.939,0,0.0,4.0
2026-06-18 18:45:00,13.49,413.96,22.14,0.879,0,0.0,5.19
2026-06-18 18:50:00,14.54,416.28,23.73,0.874,0,0.0,4.0
2026-06-18 18:55:00,15.65,415.89,25.57,0.939,0,0.0,4.0
2026-06-18 19:00:00,19.64,413.73,32.24,0.924,0,0.0,4.0
2026-06-18 19:05:00,12.98,414.31,21.28,0.875,0,0.0,4.0
2026-06-18 19:10:00,15.25,413.88,25.03,0.87,0,0.0,4.0
2026-06-18 19:15:00,16.79,414.3,27.52,0.832,0,0.0,4.0
2026-06-18 19:20:00,17.86,416.06,29.16,0.931,0,0.0,4.0
2026-06-18 19:25:00,17.87,410.08,29.6,0.921,0,0.0,4.89
2026-06-18 19:30:00,19.84,414.81,32.49,0.857,0,0.0,5.25
2026-06-18 19:35:00,22.18,415.87,36.23,0.91,0,0.0,4.0
2026-06-18 19:40:00,20.24,413.57,33.25,0.912,0,0.0,4.0
2026-06-18 19:45:00,20.88,413.8,34.27,0.847,0,0.0,4.0
2026-06-18 19:50:00,11.04,413.87,18.12,0.894,0,0.0,4.0
2026-06-18 19:55:00,19.57,413.8,32.12,0.851,0,0.0,4.0
2026-06-18 20:00:00,22.09,415.01,36.15,0.915,0,0.0,4.0
2026-06-18 20:05:00,23.72,415.32,38.8,0.838,0,0.0,4.0
2026-06-18 20:10:00,17.02,409.75,28.21,0.9,0,0.0,4.0
2026-06-18 20:15:00,17.6,416.63,28.7,0.859,0,0.0,4.0
2026-06-18 20:20:00,18.46,414.28,30.27,0.824,0,0.0,4.0
2026-06-18 20:25:00,24.46,419.83,39.57,0.835,0,0.0,4.0
2026-06-18 20:30:00,27.4,412.02,45.17,0.899,0,0.0,4.0
2026-06-18 20:35:00,20.67,412.83,34.0,0.849,0,0.0,4.0
2026-06-18 20:40:00,27.73,414.49,45.44,0.896,0,0.0,4.0
2026-06-18 20:45:00,24.3,416.03,39.68,0.87,0,0.0,4.0
2026-06-18 20:50:00,23.57,410.12,39.04,0.903,0,0.0,4.0
2026-06-18 20:55:00,23.66,412.93,38.92,0.879,0,0.0,5.16
2026-06-18 21:00:00,28.98,416.48,47.27,0.857,0,0.0,4.0
2026-06-18 21:05:00,27.42,412.63,45.15,0.837,0,0.0,4.0
2026-06-18 21:10:00,37.73,418.43,61.26,0.861,1,19.39,4.64
2026-06-18 21:15:00,22.66,413.87,37.19,0.896,0,0.0,4.0
2026-06-18 21:20:00,30.09,412.75,49.52,0.909,1,7.16,4.0
2026-06-18 21:25:00,25.45,416.53,41.5,0.839,0,0.0,4.0
2026-06-18 21:30:00,24.35,419.02,39.47,0.9,0,0.0,4.0
2026-06-18 21:35:00,29.25,416.04,47.76,0.842,0,0.0,4.0
2026-06-18 21:40:00,30.61,418.15,49.73,0.847,1,17.36,9.74
2026-06-18 21:45:00,45.15,419.19,73.15,0.884,1,20.82,6.93
2026-06-18 21:50:00,30.27,412.7,49.83,0.855,1,13.87,5.16
2026-06-18 21:55:00,26.19,417.35,42.63,0.899,0,0.0,4.0
2026-06-18 22:00:00,33.87,411.19,55.94,0.935,1,18.03,4.0
2026-06-18 22:05:00,22.79,416.06,37.21,0.838,0,0.0,4.0
2026-06-18 22:10:00,33.38,414.82,54.66,0.888,1,21.57,7.57
2026-06-18 22:15:00,34.6,418.11,56.21,0.931,1,21.74,4.66
2026-06-18 22:20:00,39.18,417.93,63.68,0.841,1,15.82,4.33
2026-06-18 22:25:00,40.77,416.42,66.51,0.864,1,8.75,4.0
2026-06-18 22:30:00,34.09,415.75,55.69,0.835,1,15.02,7.22
2026-06-18 22:35:00,36.56,416.27,59.66,0.897,1,7.12,9.1
2026-06-18 22:40:00,34.2,415.15,55.95,0.9,1,20.27,4.0
2026-06-18 22:45:00,33.11,414.85,54.21,0.9,1,11.22,5.02
2026-06-18 22:50:00,41.02,418.61,66.57,0.885,1,11.22,10.45
2026-06-18 22:55:00,33.84,418.91,54.87,0.91,1,23.9,6.79
2026-06-18 23:00:00,38.87,414.65,63.67,0.824,1,13.44,7.44
2026-06-18 23:05:00,36.71,415.59,59.99,0.935,1,20.79,8.53
2026-06-18 23:10:00,45.17,415.2,73.9,0.847,1,17.74,7.99
2026-06-18 23:15:00,52.18,410.97,86.24,0.835,1,11.32,8.16
2026-06-18 23:20:00,37.41,414.16,61.36,0.933,1,7.48,7.82
2026-06-18 23:25:00,35.41,419.0,57.41,0.92,1,20.95,4.23
2026-06-18 23:30:00,44.81,413.13,73.67,0.912,1,20.25,5.35
2026-06-18 23:35:00,46.27,420.29,74.78,0.833,1,8.38,7.15
2026-06-18 23:40:00,48.04,417.93,78.08,0.917,1,9.98,10.79
2026-06-18 23:45:00,45.48,416.0,74.26,0.893,1,20.32,11.89
2026-06-18 23:50:00,47.47,416.4,77.44,0.908,1,24.67,8.68
2026-06-18 23:55:00,51.07,412.71,84.06,0.937,1,21.87,12.2
2026-06-19 00:00:00,55.2,414.34,90.5,0.843,1,18.68,14.06
2026-06-19 00:05:00,40.99,418.6,66.51,0.881,1,23.31,8.63
2026-06-19 00:10:00,49.68,413.46,81.62,0.91,1,10.7,10.95
2026-06-19 00:15:00,53.36,417.65,86.78,0.872,1,5.19,14.18
2026-06-19 00:20:00,48.46,411.56,79.98,0.827,1,11.42,7.67
2026-06-19 00:25:00,62.47,412.0,102.99,0.833,1,24.44,11.91
2026-06-19 00:30:00,51.39,419.75,83.16,0.892,1,22.64,14.08
2026-06-19 00:35:00,55.12,414.97,90.22,0.854,1,6.01,8.05
2026-06-19 00:40:00,58.86,413.65,96.65,0.837,1,15.04,11.71
2026-06-19 00:45:00,53.87,418.41,87.46,0.861,1,6.58,8.57
2026-06-19 00:50:00,48.34,418.11,78.54,0.844,1,20.78,12.89
2026-06-19 00:55:00,56.18,417.3,91.44,0.823,1,12.45,8.0
2026-06-19 01:00:00,64.21,413.58,105.45,0.838,1,23.24,12.56
2026-06-19 01:05:00,58.11,414.28,95.28,0.926,1,6.09,8.35
2026-06-19 01:10:00,56.29,415.78,91.96,0.821,1,19.68,7.73
2026-06-19 01:15:00,65.88,416.74,107.38,0.913,1,12.99,8.12
2026-06-19 01:20:00,60.32,413.73,99.03,0.91,1,10.36,10.99
2026-06-19 01:25:00,60.13,415.43,98.32,0.888,1,15.35,12.71
2026-06-19 01:30:00,64.14,415.67,104.81,0.845,1,14.71,12.32
2026-06-19 01:35:00,67.95,418.22,110.36,0.925,1,11.98,13.37
2026-06-19 01:40:00,76.7,416.89,124.97,0.877,1,17.98,13.7
2026-06-19 01:45:00,69.62,411.23,114.99,0.841,1,18.23,15.72
2026-06-19 01:50:00,71.96,414.47,117.93,0.871,1,6.54,14.96
2026-06-19 01:55:00,64.3,412.68,105.84,0.843,1,16.91,12.71
2026-06-19 02:00:00,62.37,416.42,101.74,0.865,1,19.21,12.66
2026-06-19 02:05:00,68.47,417.31,111.45,0.88,1,6.52,11.57
2026-06-19 02:10:00,69.34,415.25,113.43,0.863,1,18.18,17.88
2026-06-19 02:15:00,64.05,414.33,105.01,0.899,1,21.08,14.45
2026-06-19 02:20:00,69.2,415.17,113.21,0.932,1,21.64,13.3
2026-06-19 02:25:00,72.69,415.52,118.83,0.862,1,5.83,12.98
2026-06-19 02:30:00,73.11,413.4,120.12,0.863,1,18.95,13.21
2026-06-19 02:35:00,74.43,411.95,122.72,0.909,1,20.94,13.75
2026-06-19 02:40:00,73.95,409.87,122.56,0.884,1,12.94,14.53
2026-06-19 02:45:00,70.54,418.17,114.59,0.871,1,15.86,9.55
2026-06-19 02:50:00,71.08,416.24,115.99,0.918,1,10.3,12.73
2026-06-19 02:55:00,68.21,415.91,111.4,0.927,1,11.2,12.53
2026-06-19 03:00:00,83.67,418.16,135.92,0.891,1,15.03,15.79
2026-06-19 03:05:00,75.35,411.86,124.27,0.842,1,8.02,14.37
2026-06-19 03:10:00,74.68,410.66,123.53,0.876,1,12.41,14.14
2026-06-19 03:15:00,71.67,415.96,117.04,0.881,1,11.03,14.39
2026-06-19 03:20:00,91.49,415.73,149.48,0.872,1,9.76,16.64
2026-06-19 03:25:00,71.93,410.67,118.97,0.851,1,14.68,15.96
2026-06-19 03:30:00,75.62,415.9,123.51,0.877,1,21.77,16.22
2026-06-19 03:35:00,80.3,414.0,131.76,0.874,1,9.85,20.14
2026-06-19 03:40:00,81.67,412.98,134.33,0.845,1,18.19,17.23
2026-06-19 03:45:00,83.89,414.17,137.59,0.928,1,10.08,13.88
2026-06-19 03:50:00,88.56,408.9,147.11,0.926,1,7.84,15.97
2026-06-19 03:55:00,82.45,413.52,135.44,0.911,1,23.87,14.86
2026-06-19 04:00:00,75.03,413.24,123.33,0.868,1,17.66,14.41
2026-06-19 04:05:00,79.4,416.39,129.53,0.864,1,7.09,17.18
2026-06-19 04:10:00,82.58,414.6,135.3,0.906,1,17.65,15.0
2026-06-19 04:15:00,91.73,416.6,149.57,0.893,1,8.53,15.62
2026-06-19 04:20:00,74.73,408.63,124.23,0.892,1,22.76,15.78
2026-06-19 04:25:00,88.05,412.9,144.85,0.835,1,9.95,14.46
2026-06-19 04:30:00,83.24,416.39,135.78,0.894,1,21.14,14.02
2026-06-19 04:35:00,86.81,414.23,142.35,0.928,1,8.98,16.96
2026-06-19 04:40:00,82.38,417.11,134.15,0.83,1,16.17,11.5
2026-06-19 04:45:00,78.93,410.49,130.61,0.861,1,23.25,14.25
2026-06-19 04:50:00,87.13,416.83,141.99,0.881,1,10.92,18.21
2026-06-19 04:55:00,86.87,413.4,142.74,0.902,1,6.63,11.73
2026-06-19 05:00:00,88.67,413.16,145.77,0.831,1,16.05,12.7
2026-06-19 05:05:00,83.93,417.48,136.56,0.925,1,8.45,12.22
2026-06-19 05:10:00,81.17,417.9,131.93,0.825,1,19.57,9.28
2026-06-19 05:15:00,76.53,417.59,124.49,0.923,1,16.82,19.0
2026-06-19 05:20:00,88.57,420.1,143.2,0.823,1,11.93,16.82
2026-06-19 05:25:00,86.71,418.17,140.85,0.838,1,19.11,15.02
2026-06-19 05:30:00,79.87,413.01,131.36,0.916,1,9.77,11.89
2026-06-19 05:35:00,82.1,415.35,134.26,0.923,1,23.34,21.03
2026-06-19 05:40:00,82.53,414.1,135.38,0.938,1,11.94,16.97
2026-06-19 05:45:00,77.51,420.07,125.33,0.834,1,20.26,14.67
2026-06-19 05:50:00,80.88,417.76,131.5,0.883,1,10.17,17.88
2026-06-19 05:55:00,79.32,414.53,129.98,0.829,1,19.3,16.14
2026-06-19 06:00:00,82.94,417.19,135.03,0.839,1,5.63,14.05
2026-06-19 06:05:00,81.3,411.92,134.06,0.841,1,10.91,13.78
2026-06-19 06:10:00,76.83,415.63,125.57,0.828,1,6.86,12.81
2026-06-19 06:15:00,95.04,412.66,156.44,0.927,1,14.02,15.46
2026-06-19 06:20:00,91.13,410.78,150.69,0.835,1,13.7,19.66
2026-06-19 06:25:00,80.9,416.96,131.79,0.896,1,12.18,13.97
2026-06-19 06:30:00,86.06,417.27,140.1,0.895,1,24.62,19.85
2026-06-19 06:35:00,86.68,416.14,141.48,0.844,1,9.88,14.18
2026-06-19 06:40:00,90.42,414.54,148.17,0.94,1,20.82,15.93
2026-06-19 06:45:00,80.23,411.83,132.33,0.862,1,13.95,14.09
2026-06-19 06:50:00,89.63,412.1,147.74,0.929,1,11.7,14.64
2026-06-19 06:55:00,81.26,412.58,133.78,0.934,1,9.07,13.73
2026-06-19 07:00:00,77.13,414.42,126.42,0.934,1,17.67,16.04
2026-06-19 07:05:00,87.22,417.69,141.84,0.91,1,11.67,19.06
2026-06-19 07:10:00,89.83,417.65,146.1,0.85,1,21.26,17.92
2026-06-19 07:15:00,96.08,410.88,158.84,0.834,1,24.37,15.76
2026-06-19 07:20:00,76.89,413.27,126.38,0.888,1,9.54,12.93
2026-06-19 07:25:00,86.11,413.2,141.56,0.863,1,7.57,14.54
2026-06-19 07:30:00,80.29,408.67,133.45,0.92,1,11.31,18.95
2026-06-19 07:35:00,85.95,416.42,140.21,0.909,1,14.34,18.47
2026-06-19 07:40:00,74.37,414.38,121.9,0.853,1,11.02,16.74
2026-06-19 07:45:00,75.08,414.72,122.97,0.822,1,24.41,13.1
2026-06-19 07:50:00,77.17,418.36,125.29,0.848,1,20.58,11.98
2026-06-19 07:55:00,81.08,415.22,132.64,0.888,1,24.32,17.14
2026-06-19 08:00:00,77.11,413.92,126.53,0.829,1,12.46,13.44
2026-06-19 08:05:00,83.22,416.43,135.74,0.899,1,11.09,16.21
2026-06-19 08:10:00,84.65,417.65,137.68,0.901,1,13.15,16.85
2026-06-19 08:15:00,82.1,415.74,134.14,0.84,1,15.46,14.64
2026-06-19 08:20:00,86.76,416.72,141.43,0.892,1,19.83,18.93
2026-06-19 08:25:00,80.3,414.64,131.55,0.893,1,22.62,12.21
2026-06-19 08:30:00,71.68,414.8,117.39,0.877,1,14.26,13.87
2026-06-19 08:35:00,84.11,415.28,137.58,0.934,1,10.78,17.25
2026-06-19 08:40:00,73.79,413.12,121.32,0.833,1,11.38,17.78
2026-06-19 08:45:00,80.87,413.58,132.81,0.869,1,18.94,15.81
2026-06-19 08:50:00,83.67,418.44,135.83,0.926,1,16.35,18.78
2026-06-19 08:55:00,77.57,420.02,125.44,0.866,1,14.73,17.45
2026-06-19 09:00:00,67.27,418.98,109.06,0.871,1,9.06,17.96
2026-06-19 09:05:00,69.61,411.69,114.85,0.9,1,22.51,14.4
2026-06-19 09:10:00,80.26,411.45,132.5,0.9,1,20.62,20.22
2026-06-19 09:15:00,72.23,412.02,119.08,0.823,1,7.81,15.26
2026-06-19 09:20:00,72.9,415.34,119.22,0.875,1,12.35,10.19
2026-06-19 09:25:00,75.7,407.98,126.04,0.86,1,15.84,14.48
2026-06-19 09:30:00,74.79,413.53,122.85,0.895,1,14.09,12.05
2026-06-19 09:35:00,72.09,418.52,117.0,0.887,1,12.96,17.16
2026-06-19 09:40:00,69.03,417.46,112.32,0.898,1,19.38,13.78
2026-06-19 09:45:00,67.88,413.73,111.45,0.898,1,6.09,9.48
2026-06-19 09:50:00,73.09,413.92,119.95,0.851,1,14.43,15.92
2026-06-19 09:55:00,70.92,416.42,115.69,0.85,1,10.24,16.33
2026-06-19 10:00:00,66.21,417.34,107.77,0.864,1,6.69,11.32
2026-06-19 10:05:00,72.25,413.67,118.63,0.849,1,14.3,12.69
2026-06-19 10:10:00,65.52,414.41,107.39,0.902,1,8.43,12.68
2026-06-19 10:15:00,61.22,413.58,100.55,0.892,1,10.16,7.35
2026-06-19 10:20:00,61.0,411.67,100.64,0.846,1,15.14,13.38
2026-06-19 10:25:00,59.2,414.45,97.03,0.926,1,24.47,15.79
2026-06-19 10:30:00,62.03,414.26,101.71,0.875,1,18.69,10.6
2026-06-19 10:35:00,68.85,411.85,113.56,0.835,1,10.59,17.18
2026-06-19 10:40:00,57.95,416.62,94.47,0.846,1,12.65,13.36
2026-06-19 10:45:00,62.19,416.21,101.5,0.885,1,13.12,11.67
2026-06-19 10:50:00,57.24,416.74,93.3,0.861,1,8.07,12.17
2026-06-19 10:55:00,58.49,413.08,96.18,0.922,1,8.21,14.63
2026-06-19 11:00:00,51.51,410.04,85.33,0.879,1,7.97,10.0
2026-06-19 11:05:00,57.22,416.17,93.39,0.93,1,15.43,11.98
2026-06-19 11:10:00,56.61,413.34,93.02,0.832,1,18.48,9.88
2026-06-19 11:15:00,59.53,412.77,97.96,0.9,1,16.81,11.28
2026-06-19 11:20:00,57.19,411.86,94.33,0.926,1,24.56,13.14
2026-06-19 11:25:00,49.33,414.31,80.88,0.855,1,7.52,8.84
2026-06-19 11:30:00,59.99,418.94,97.26,0.836,1,24.73,10.87
2026-06-19 11:35:00,54.86,413.74,90.07,0.875,1,14.33,13.25
2026-06-19 11:40:00,54.04,412.28,89.04,0.935,1,9.37,11.31
2026-06-19 11:45:00,52.24,416.63,85.18,0.896,1,23.87,9.49
2026-06-19 11:50:00,48.94,415.43,80.02,0.897,1,14.37,13.58
2026-06-19 11:55:00,51.85,409.7,85.97,0.901,1,11.95,14.81
2026-06-19 12:00:00,52.38,416.66,85.39,0.825,1,9.28,12.24
2026-06-19 12:05:00,40.5,420.32,65.45,0.873,1,10.36,5.05
2026-06-19 12:10:00,45.78,408.5,76.12,0.829,1,24.58,10.41
2026-06-19 12:15:00,46.44,411.91,76.57,0.858,1,11.08,10.27
2026-06-19 12:20:00,48.23,407.88,80.32,0.919,1,24.56,6.25
2026-06-19 12:25:00,52.16,414.81,85.41,0.899,1,11.6,12.72
2026-06-19 12:30:00,41.57,417.48,67.64,0.939,1,9.63,8.45
2026-06-19 12:35:00,42.19,415.26,69.0,0.841,1,8.67,10.62
2026-06-19 12:40:00,41.36,418.48,67.13,0.868,1,13.24,7.4
2026-06-19 12:45:00,39.16,417.08,63.78,0.917,1,9.74,8.65
2026-06-19 12:50:00,40.69,419.26,65.92,0.846,1,18.94,9.5
2026-06-19 12:55:00,45.54,417.9,74.01,0.838,1,9.8,9.12
2026-06-19 13:00:00,35.67,413.99,58.53,0.871,1,21.71,8.64
2026-06-19 13:05:00,42.35,415.17,69.28,0.866,1,21.68,8.39
2026-06-19 13:10:00,30.97,412.83,50.95,0.938,1,10.71,4.0
2026-06-19 13:15:00,35.94,414.42,58.91,0.875,1,20.07,4.0
2026-06-19 13:20:00,36.38,415.15,59.53,0.923,1,22.15,6.23
2026-06-19 13:25:00,45.69,414.79,74.82,0.927,1,16.8,10.89
2026-06-19 13:30:00,35.23,418.36,57.2,0.839,1,12.33,4.56
2026-06-19 13:35:00,24.9,414.17,40.83,0.906,0,0.0,4.0
2026-06-19 13:40:00,25.21,412.67,41.5,0.853,0,0.0,4.0
2026-06-19 13:45:00,34.69,412.83,57.08,0.831,1,10.87,7.88
2026-06-19 13:50:00,36.91,416.64,60.17,0.925,1,11.69,6.84
2026-06-19 13:55:00,35.04,411.49,57.85,0.855,1,8.22,9.09
2026-06-19 14:00:00,33.34,414.5,54.63,0.861,1,12.98,9.32
2026-06-19 14:05:00,37.65,418.32,61.14,0.859,1,6.73,6.59
2026-06-19 14:10:00,28.5,415.73,46.56,0.844,0,0.0,4.0
2026-06-19 14:15:00,35.03,414.81,57.36,0.872,1,12.47,5.05
2026-06-19 14:20:00,21.76,414.91,35.63,0.871,0,0.0,4.0
2026-06-19 14:25:00,24.78,412.43,40.81,0.869,0,0.0,4.0
2026-06-19 14:30:00,19.66,412.86,32.34,0.93,0,0.0,4.0
2026-06-19 14:35:00,26.72,414.51,43.78,0.861,0,0.0,4.0
2026-06-19 14:40:00,27.27,415.68,44.56,0.824,0,0.0,4.0
2026-06-19 14:45:00,27.49,417.37,44.74,0.841,0,0.0,4.0
2026-06-19 14:50:00,26.66,415.23,43.62,0.907,0,0.0,4.0
2026-06-19 14:55:00,21.16,418.38,34.35,0.891,0,0.0,4.0
2026-06-19 15:00:00,24.3,419.01,39.39,0.934,0,0.0,4.0
2026-06-19 15:05:00,17.23,416.99,28.07,0.903,0,0.0,4.0
2026-06-19 15:10:00,31.01,418.06,50.39,0.843,1,19.18,5.06
2026-06-19 15:15:00,22.17,412.52,36.5,0.834,0,0.0,4.0
2026-06-19 15:20:00,20.74,412.13,34.19,0.882,0,0.0,4.0
2026-06-19 15:25:00,30.65,416.29,50.01,0.9,1,10.11,8.66
2026-06-19 15:30:00,16.02,411.65,26.44,0.84,0,0.0,4.0
2026-06-19 15:35:00,16.15,414.27,26.47,0.892,0,0.0,4.0
2026-06-19 15:40:00,15.85,416.93,25.82,0.924,0,0.0,4.0
2026-06-19 15:45:00,20.56,418.53,33.37,0.907,0,0.0,4.0
2026-06-19 15:50:00,22.64,414.36,37.11,0.9,0,0.0,4.0
2026-06-19 15:55:00,23.78,413.38,39.07,0.915,0,0.0,4.0
2026-06-19 16:00:00,32.55,415.8,53.17,0.832,1,15.52,4.11
2026-06-19 16:05:00,10.0,412.32,16.47,0.844,0,0.0,4.0
2026-06-19 16:10:00,22.0,414.57,36.04,0.825,0,0.0,4.0
2026-06-19 16:15:00,15.82,414.98,25.9,0.837,0,0.0,4.0
2026-06-19 16:20:00,15.35,414.93,25.12,0.93,0,0.0,4.0
2026-06-19 16:25:00,14.87,415.22,24.32,0.847,0,0.0,4.0
2026-06-19 16:30:00,13.12,412.91,21.58,0.899,0,0.0,4.0
2026-06-19 16:35:00,25.8,413.18,42.42,0.903,0,0.0,6.28
2026-06-19 16:40:00,21.32,413.13,35.06,0.897,0,0.0,4.0
2026-06-19 16:45:00,16.97,410.95,28.06,0.886,0,0.0,4.0
2026-06-19 16:50:00,23.37,415.85,38.18,0.878,0,0.0,4.0
2026-06-19 16:55:00,10.0,417.24,16.28,0.87,0,0.0,4.0
2026-06-19 17:00:00,10.0,416.99,16.29,0.93,0,0.0,4.0
2026-06-19 17:05:00,10.0,414.34,16.39,0.821,0,0.0,4.0
2026-06-19 17:10:00,12.33,412.97,20.28,0.826,0,0.0,4.0
2026-06-19 17:15:00,16.48,416.86,26.86,0.879,0,0.0,4.0
2026-06-19 17:20:00,16.05,416.6,26.16,0.86,0,0.0,4.0
2026-06-19 17:25:00,16.15,415.54,26.41,0.869,0,0.0,4.0
2026-06-19 17:30:00,10.0,419.36,16.2,0.94,0,0.0,4.0
2026-06-19 17:35:00,19.22,414.93,31.47,0.913,0,0.0,4.0
2026-06-19 17:40:00,16.33,414.36,26.77,0.925,0,0.0,4.0
2026-06-19 17:45:00,18.74,414.0,30.75,0.864,0,0.0,4.0
2026-06-19 17:50:00,10.0,411.1,16.52,0.849,0,0.0,4.0
2026-06-19 17:55:00,16.57,416.65,27.01,0.912,0,0.0,4.0
2026-06-19 18:00:00,10.0,414.74,16.38,0.917,0,0.0,4.0
2026-06-19 18:05:00,13.02,416.27,21.25,0.886,0,0.0,4.0
2026-06-19 18:10:00,17.71,419.6,28.66,0.928,0,0.0,4.0
2026-06-19 18:15:00,15.53,414.02,25.48,0.936,0,0.0,4.0
2026-06-19 18:20:00,10.88,409.15,18.05,0.877,0,0.0,4.0
2026-06-19 18:25:00,15.24,416.2,24.87,0.847,0,0.0,4.0
2026-06-19 18:30:00,10.0,415.42,16.35,0.882,0,0.0,4.0
2026-06-19 18:35:00,21.16,413.17,34.79,0.939,0,0.0,4.0
2026-06-19 18:40:00,14.51,415.99,23.69,0.855,0,0.0,4.0
2026-06-19 18:45:00,21.27,416.97,34.64,0.894,0,0.0,4.0
2026-06-19 18:50:00,13.2,412.63,21.72,0.903,0,0.0,4.0
2026-06-19 18:55:00,13.39,414.25,21.95,0.846,0,0.0,4.0
2026-06-19 19:00:00,12.37,418.69,20.07,0.891,0,0.0,4.0
2026-06-19 19:05:00,20.78,413.2,34.16,0.858,0,0.0,4.93
2026-06-19 19:10:00,13.07,415.17,21.39,0.923,0,0.0,4.0
2026-06-19 19:15:00,20.08,408.44,33.39,0.906,0,0.0,4.0
2026-06-19 19:20:00,15.2,411.3,25.1,0.919,0,0.0,4.0
2026-06-19 19:25:00,10.0,415.39,16.35,0.844,0,0.0,4.0
2026-06-19 19:30:00,14.81,418.07,24.07,0.824,0,0.0,4.0
2026-06-19 19:35:00,12.07,411.59,19.92,0.922,0,0.0,4.0
2026-06-19 19:40:00,18.45,415.19,30.18,0.866,0,0.0,4.0
2026-06-19 19:45:00,12.66,414.06,20.76,0.842,0,0.0,4.0
2026-06-19 19:50:00,23.58,417.38,38.38,0.831,0,0.0,4.0
2026-06-19 19:55:00,18.86,411.96,31.1,0.882,0,0.0,4.0
2026-06-19 20:00:00,18.8,416.08,30.69,0.838,0,0.0,4.0
2026-06-19 20:05:00,23.36,413.37,38.38,0.888,0,0.0,4.0
2026-06-19 20:10:00,25.3,415.56,41.36,0.907,0,0.0,4.0
2026-06-19 20:15:00,20.8,415.17,34.03,0.884,0,0.0,4.0
2026-06-19 20:20:00,17.47,414.37,28.64,0.928,0,0.0,4.0
2026-06-19 20:25:00,12.9,416.19,21.06,0.839,0,0.0,4.0
2026-06-19 20:30:00,18.8,415.11,30.77,0.879,0,0.0,4.0
2026-06-19 20:35:00,19.62,414.67,32.14,0.84,0,0.0,4.0
2026-06-19 20:40:00,23.72,414.11,38.91,0.925,0,0.0,4.0
2026-06-19 20:45:00,21.96,415.19,35.93,0.932,0,0.0,4.0
2026-06-19 20:50:00,27.63,415.56,45.17,0.868,0,0.0,4.0
2026-06-19 20:55:00,21.65,412.53,35.65,0.857,0,0.0,4.0
2026-06-19 21:00:00,24.97,414.13,40.95,0.854,0,0.0,4.0
2026-06-19 21:05:00,31.72,412.36,52.25,0.923,1,8.58,8.96
2026-06-19 21:10:00,28.06,414.9,45.94,0.902,0,0.0,4.0
2026-06-19 21:15:00,26.62,413.52,43.73,0.926,0,0.0,4.0
2026-06-19 21:20:00,24.49,416.93,39.9,0.834,0,0.0,4.0
2026-06-19 21:25:00,24.93,416.68,40.63,0.877,0,0.0,4.0
2026-06-19 21:30:00,24.44,412.69,40.23,0.901,0,0.0,4.0
2026-06-19 21:35:00,26.6,414.99,43.54,0.928,0,0.0,4.0
2026-06-19 21:40:00,33.7,416.6,54.95,0.866,1,14.07,8.84
2026-06-19 21:45:00,29.45,414.56,48.25,0.858,0,0.0,4.0
2026-06-19 21:50:00,24.45,413.18,40.19,0.93,0,0.0,4.0
2026-06-19 21:55:00,40.68,412.27,67.03,0.826,1,22.31,8.12
2026-06-19 22:00:00,34.1,417.14,55.53,0.878,1,22.11,5.73
2026-06-19 22:05:00,26.13,417.26,42.54,0.875,0,0.0,4.0
2026-06-19 22:10:00,31.63,414.48,51.83,0.838,1,12.6,4.0
2026-06-19 22:15:00,35.07,416.92,57.14,0.867,1,5.2,7.18
2026-06-19 22:20:00,43.73,407.59,72.88,0.907,1,11.23,4.0
2026-06-19 22:25:00,30.36,418.32,49.3,0.864,1,24.8,4.0
2026-06-19 22:30:00,41.49,414.61,67.97,0.857,1,19.53,6.41
2026-06-19 22:35:00,44.31,415.35,72.47,0.914,1,19.35,7.68
2026-06-19 22:40:00,34.89,414.2,57.21,0.939,1,20.22,8.19
2026-06-19 22:45:00,37.36,418.49,60.64,0.914,1,17.4,4.0
2026-06-19 22:50:00,34.29,412.35,56.49,0.922,1,16.72,5.53
2026-06-19 22:55:00,39.19,418.69,63.58,0.933,1,14.07,6.34
2026-06-19 23:00:00,40.76,415.99,66.55,0.916,1,13.88,9.62
2026-06-19 23:05:00,44.98,416.56,73.35,0.938,1,22.42,8.77
2026-06-19 23:10:00,47.88,414.18,78.52,0.91,1,12.87,7.03
2026-06-19 23:15:00,39.43,411.73,65.05,0.899,1,21.81,5.7
2026-06-19 23:20:00,34.09,417.33,55.48,0.903,1,21.75,5.95
2026-06-19 23:25:00,44.57,415.78,72.81,0.928,1,20.42,5.24
2026-06-19 23:30:00,46.9,418.4,76.14,0.902,1,5.75,12.49
2026-06-19 23:35:00,47.44,414.52,77.73,0.911,1,7.96,8.93
2026-06-19 23:40:00,45.32,413.95,74.36,0.846,1,11.29,6.61
2026-06-19 23:45:00,48.33,418.47,78.46,0.93,1,21.95,7.36
2026-06-19 23:50:00,56.05,419.78,90.7,0.874,1,22.47,8.42
2026-06-19 23:55:00,51.15,415.02,83.71,0.839,1,5.83,10.36
2026-06-20 00:00:00,48.13,413.12,79.14,0.916,1,11.49,5.42
2026-06-20 00:05:00,48.26,417.03,78.61,0.863,1,22.01,9.38
2026-06-20 00:10:00,50.68,414.36,83.07,0.842,1,9.99,10.95
2026-06-20 00:15:00,60.47,416.5,98.62,0.851,1,24.52,10.76
2026-06-20 00:20:00,52.13,414.35,85.46,0.824,1,14.79,7.79
2026-06-20 00:25:00,53.71,418.91,87.09,0.831,1,23.75,12.79
2026-06-20 00:30:00,52.16,413.25,85.73,0.891,1,13.58,7.45
2026-06-20 00:35:00,60.82,416.2,99.26,0.924,1,11.48,10.88
2026-06-20 00:40:00,65.88,413.78,108.14,0.874,1,12.25,12.74
2026-06-20 00:45:00,59.08,414.3,96.87,0.895,1,22.69,10.37
2026-06-20 00:50:00,57.99,413.97,95.15,0.917,1,11.61,8.25
2026-06-20 00:55:00,58.5,416.85,95.33,0.863,1,18.39,10.16
2026-06-20 01:00:00,47.14,417.3,76.73,0.899,1,14.4,9.99
2026-06-20 01:05:00,63.52,416.39,103.62,0.862,1,23.83,10.94
2026-06-20 01:10:00,61.2,414.73,100.23,0.897,1,8.19,12.48
2026-06-20 01:15:00,63.39,415.35,103.67,0.846,1,13.57,11.5
2026-06-20 01:20:00,58.41,417.24,95.09,0.937,1,7.49,9.49
2026-06-20 01:25:00,60.76,417.32,98.9,0.829,1,16.56,10.09
2026-06-20 01:30:00,61.34,408.27,102.05,0.881,1,13.06,12.23
2026-06-20 01:35:00,69.2,414.32,113.46,0.854,1,6.22,15.37
2026-06-20 01:40:00,62.9,414.44,103.09,0.892,1,22.0,12.7
2026-06-20 01:45:00,75.89,416.67,123.72,0.871,1,12.51,12.06
2026-06-20 01:50:00,68.32,414.83,111.86,0.857,1,14.87,15.57
2026-06-20 01:55:00,60.46,416.8,98.53,0.85,1,13.15,9.49
2026-06-20 02:00:00,66.86,412.3,110.15,0.842,1,14.77,16.77
2026-06-20 02:05:00,64.9,415.65,106.06,0.914,1,5.33,11.58
2026-06-20 02:10:00,57.83,417.25,94.15,0.847,1,21.31,9.45
2026-06-20 02:15:00,77.44,411.31,127.89,0.913,1,11.65,15.81
2026-06-20 02:20:00,73.59,421.28,118.65,0.878,1,19.49,13.5
2026-06-20 02:25:00,73.36,417.98,119.22,0.829,1,6.3,14.54
2026-06-20 02:30:00,72.13,415.0,118.06,0.84,1,15.48,13.97
2026-06-20 02:35:00,65.0,412.93,106.92,0.927,1,23.18,9.67
2026-06-20 02:40:00,70.08,414.56,114.82,0.892,1,12.96,13.1
2026-06-20 02:45:00,77.29,415.21,126.43,0.842,1,8.95,15.52
2026-06-20 02:50:00,68.39,416.1,111.64,0.904,1,6.98,12.92
2026-06-20 02:55:00,61.54,418.75,99.83,0.919,1,22.18,15.09
2026-06-20 03:00:00,73.61,413.81,120.83,0.86,1,9.78,14.46
2026-06-20 03:05:00,74.57,416.41,121.65,0.887,1,24.5,14.09
2026-06-20 03:10:00,76.48,411.77,126.17,0.855,1,9.96,14.75
2026-06-20 03:15:00,79.96,413.97,131.2,0.83,1,14.62,13.99
2026-06-20 03:20:00,80.0,415.94,130.64,0.868,1,14.16,15.94
2026-06-20 03:25:00,78.59,416.73,128.1,0.91,1,6.24,15.29
2026-06-20 03:30:00,83.75,413.12,137.7,0.875,1,15.64,12.99
2026-06-20 03:35:00,70.63,413.9,115.91,0.869,1,18.45,15.42
2026-06-20 03:40:00,81.19,418.65,131.73,0.864,1,19.84,20.77
2026-06-20 03:45:00,82.23,417.9,133.66,0.875,1,15.45,16.84
2026-06-20 03:50:00,73.32,415.52,119.86,0.858,1,21.25,9.57
2026-06-20 03:55:00,72.41,409.41,120.13,0.893,1,20.04,13.05
2026-06-20 04:00:00,76.58,421.28,123.48,0.828,1,8.88,11.27
2026-06-20 04:05:00,77.38,414.95,126.66,0.917,1,13.03,13.91
2026-06-20 04:10:00,84.81,414.22,139.08,0.841,1,7.85,17.24
2026-06-20 04:15:00,78.32,413.69,128.59,0.896,1,7.67,12.82
2026-06-20 04:20:00,77.44,415.94,126.46,0.874,1,19.24,19.25
2026-06-20 04:25:00,78.98,415.97,128.97,0.913,1,15.61,8.34
2026-06-20 04:30:00,87.93,417.38,143.1,0.919,1,17.02,16.11
2026-06-20 04:35:00,82.69,412.68,136.1,0.845,1,19.64,16.74
2026-06-20 04:40:00,81.99,414.22,134.46,0.901,1,10.54,12.47
2026-06-20 04:45:00,82.59,420.08,133.55,0.843,1,13.03,13.01
2026-06-20 04:50:00,89.84,415.56,146.85,0.835,1,17.14,18.78
2026-06-20 04:55:00,79.86,414.57,130.84,0.932,1,6.93,19.18
2026-06-20 05:00:00,90.38,412.65,148.78,0.84,1,21.66,22.08
2026-06-20 05:05:00,85.05,416.26,138.78,0.847,1,11.87,15.1
2026-06-20 05:10:00,83.37,417.58,135.61,0.836,1,18.18,19.04
2026-06-20 05:15:00,96.83,417.19,157.66,0.876,1,24.91,18.52
2026-06-20 05:20:00,79.19,414.35,129.82,0.93,1,14.51,17.1
2026-06-20 05:25:00,82.82,415.9,135.27,0.852,1,9.3,14.89
2026-06-20 05:30:00,78.54,419.18,127.27,0.885,1,9.33,11.98
2026-06-20 05:35:00,89.55,417.68,145.64,0.869,1,6.21,20.13
2026-06-20 05:40:00,93.31,413.04,153.46,0.86,1,20.34,22.12
2026-06-20 05:45:00,93.27,408.63,155.05,0.889,1,10.87,16.36
2026-06-20 05:50:00,91.09,415.74,148.82,0.887,1,8.45,18.98
2026-06-20 05:55:00,84.0,417.0,136.84,0.863,1,19.27,15.75
2026-06-20 06:00:00,83.17,412.28,137.03,0.922,1,11.18,20.57
2026-06-20 06:05:00,76.64,414.98,125.44,0.826,1,17.01,11.2
2026-06-20 06:10:00,95.15,414.34,155.98,0.83,1,13.36,17.38
2026-06-20 06:15:00,87.27,415.26,142.75,0.939,1,11.68,12.95
2026-06-20 06:20:00,82.41,413.64,135.32,0.91,1,14.79,11.91
2026-06-20 06:25:00,91.43,418.23,148.5,0.916,1,11.28,16.75
2026-06-20 06:30:00,79.84,415.37,130.56,0.892,1,22.41,14.45
2026-06-20 06:35:00,86.63,412.8,142.54,0.87,1,6.46,13.58
2026-06-20 06:40:00,83.61,417.29,136.09,0.896,1,5.6,17.26
2026-06-20 06:45:00,87.52,411.84,144.35,0.831,1,13.13,19.41
2026-06-20 06:50:00,83.85,418.21,136.19,0.911,1,8.46,16.7
2026-06-20 06:55:00,76.74,417.48,124.86,0.885,1,19.87,10.47
2026-06-20 07:00:00,84.19,418.47,136.65,0.935,1,12.07,16.54
2026-06-20 07:05:00,88.85,414.6,145.56,0.896,1,10.23,17.27
2026-06-20 07:10:00,83.23,413.76,136.64,0.838,1,12.19,13.65
2026-06-20 07:15:00,87.02,415.21,142.36,0.877,1,9.39,16.93
2026-06-20 07:20:00,77.66,414.79,127.18,0.827,1,10.99,13.36
2026-06-20 07:25:00,82.49,413.37,135.55,0.909,1,16.36,13.77
2026-06-20 07:30:00,79.21,413.62,130.09,0.88,1,22.28,12.64
2026-06-20 07:35:00,85.77,414.08,140.7,0.864,1,12.42,17.99
2026-06-20 07:40:00,81.88,412.07,134.97,0.936,1,11.41,18.3
2026-06-20 07:45:00,84.84,416.69,138.3,0.933,1,20.64,15.98
2026-06-20 07:50:00,86.48,414.87,141.6,0.934,1,5.45,18.11
2026-06-20 07:55:00,84.14,414.23,137.98,0.847,1,11.04,19.22
2026-06-20 08:00:00,81.68,412.22,134.59,0.907,1,14.04,15.71
2026-06-20 08:05:00,74.93,412.1,123.51,0.933,1,17.01,14.16
2026-06-20 08:10:00,79.5,419.84,128.63,0.889,1,8.12,15.8
2026-06-20 08:15:00,76.44,413.43,125.58,0.846,1,13.66,12.51
2026-06-20 08:20:00,76.95,416.53,125.49,0.918,1,16.33,15.93
2026-06-20 08:25:00,76.35,415.41,124.85,0.926,1,15.21,14.85
2026-06-20 08:30:00,72.87,408.06,121.29,0.904,1,16.49,10.92
2026-06-20 08:35:00,67.51,419.48,109.32,0.855,1,18.25,10.07
2026-06-20 08:40:00,73.47,416.71,119.76,0.843,1,12.59,11.58
2026-06-20 08:45:00,77.28,413.08,127.08,0.895,1,6.27,15.41
2026-06-20 08:50:00,69.06,414.93,113.06,0.878,1,6.11,11.96
2026-06-20 08:55:00,75.36,412.13,124.21,0.9,1,22.17,14.62
2026-06-20 09:00:00,84.25,419.57,136.4,0.833,1,18.55,19.25
2026-06-20 09:05:00,79.32,412.73,130.54,0.836,1,20.28,16.31
2026-06-20 09:10:00,81.86,413.69,134.41,0.864,1,23.58,14.43
2026-06-20 09:15:00,75.03,413.18,123.35,0.851,1,20.01,12.23
2026-06-20 09:20:00,78.34,415.2,128.15,0.894,1,18.85,15.75
2026-06-20 09:25:00,68.29,418.43,110.86,0.864,1,18.12,10.95
2026-06-20 09:30:00,68.08,419.47,110.25,0.902,1,10.17,15.66
2026-06-20 09:35:00,57.0,414.0,93.52,0.912,1,24.15,12.04
2026-06-20 09:40:00,76.01,415.95,124.12,0.842,1,15.84,14.77
2026-06-20 09:45:00,77.15,415.2,126.21,0.93,1,9.44,12.15
2026-06-20 09:50:00,66.04,412.55,108.73,0.914,1,9.2,13.78
2026-06-20 09:55:00,66.89,421.06,107.9,0.895,1,21.31,15.71
2026-06-20 10:00:00,63.73,418.41,103.46,0.929,1,10.0,11.66
2026-06-20 10:05:00,68.75,415.47,112.4,0.852,1,5.83,14.81
2026-06-20 10:10:00,71.79,418.95,116.39,0.871,1,13.57,12.66
2026-06-20 10:15:00,56.77,418.03,92.24,0.83,1,21.35,11.14
2026-06-20 10:20:00,66.84,415.2,109.35,0.875,1,13.29,17.51
2026-06-20 10:25:00,62.71,415.81,102.44,0.881,1,21.07,11.48
2026-06-20 10:30:00,63.96,418.78,103.74,0.894,1,21.54,13.84
2026-06-20 10:35:00,64.98,412.63,106.97,0.828,1,22.15,11.91
2026-06-20 10:40:00,61.03,419.18,98.89,0.824,1,16.78,12.47
2026-06-20 10:45:00,60.73,414.44,99.54,0.87,1,18.99,13.49
2026-06-20 10:50:00,59.46,418.81,96.43,0.843,1,10.24,9.13
2026-06-20 10:55:00,64.65,414.99,105.81,0.911,1,6.99,10.36
2026-06-20 11:00:00,61.15,415.84,99.89,0.9,1,15.66,13.1
2026-06-20 11:05:00,59.42,414.91,97.28,0.859,1,5.21,11.33
2026-06-20 11:10:00,51.22,413.67,84.11,0.825,1,14.31,12.64
2026-06-20 11:15:00,54.94,414.32,90.06,0.842,1,7.04,10.86
2026-06-20 11:20:00,60.57,418.45,98.32,0.903,1,7.17,15.56
2026-06-20 11:25:00,55.51,409.21,92.15,0.939,1,22.42,12.72
2026-06-20 11:30:00,57.87,411.9,95.43,0.859,1,17.81,15.65
2026-06-20 11:35:00,62.64,413.19,102.98,0.916,1,17.9,16.07
2026-06-20 11:40:00,58.24,412.3,95.95,0.924,1,13.09,9.66
2026-06-20 11:45:00,52.75,418.77,85.57,0.826,1,13.27,13.58
2026-06-20 11:50:00,48.97,418.14,79.55,0.93,1,11.06,11.54
2026-06-20 11:55:00,38.0,416.48,61.97,0.876,1,13.69,9.53
2026-06-20 12:00:00,49.16,413.41,80.77,0.936,1,16.74,12.42
2026-06-20 12:05:00,47.61,418.34,77.3,0.885,1,8.73,8.29
2026-06-20 12:10:00,50.43,411.03,83.33,0.848,1,10.23,10.35
2026-06-20 12:15:00,46.94,420.35,75.85,0.937,1,14.9,8.22
2026-06-20 12:20:00,45.35,413.29,74.53,0.849,1,12.7,14.13
2026-06-20 12:25:00,37.29,414.34,61.14,0.926,1,21.39,6.04
2026-06-20 12:30:00,40.73,413.93,66.84,0.841,1,21.43,5.45
2026-06-20 12:35:00,47.06,412.32,77.53,0.901,1,11.72,7.17
2026-06-20 12:40:00,52.5,419.81,84.95,0.869,1,14.02,10.02
2026-06-20 12:45:00,42.68,416.97,69.53,0.937,1,24.53,8.77
2026-06-20 12:50:00,44.06,418.04,71.6,0.842,1,21.55,11.07
2026-06-20 12:55:00,46.44,411.94,76.58,0.869,1,9.31,8.9
2026-06-20 13:00:00,36.89,415.45,60.31,0.897,1,10.6,6.03
2026-06-20 13:05:00,42.04,416.3,68.59,0.937,1,6.67,9.02
2026-06-20 13:10:00,35.77,415.68,58.46,0.856,1,18.56,10.06
2026-06-20 13:15:00,43.07,412.1,71.0,0.868,1,11.34,8.8
2026-06-20 13:20:00,38.79,417.69,63.08,0.875,1,15.73,9.77
2026-06-20 13:25:00,38.81,415.3,63.47,0.85,1,20.36,8.2
2026-06-20 13:30:00,32.69,412.61,53.82,0.918,1,21.72,6.37
2026-06-20 13:35:00,39.44,410.36,65.28,0.831,1,11.51,9.29
2026-06-20 13:40:00,45.63,416.52,74.42,0.905,1,9.74,9.23
2026-06-20 13:45:00,29.48,421.13,47.55,0.884,0,0.0,4.0
2026-06-20 13:50:00,32.14,412.46,52.93,0.849,1,12.63,9.98
2026-06-20 13:55:00,34.32,415.43,56.12,0.879,1,21.44,6.99
2026-06-20 14:00:00,36.43,417.78,59.23,0.92,1,8.0,8.45
2026-06-20 14:05:00,29.05,411.83,47.91,0.873,0,0.0,4.0
2026-06-20 14:10:00,17.03,413.8,27.95,0.835,0,0.0,4.0
2026-06-20 14:15:00,37.35,412.85,61.45,0.825,1,8.4,8.32
2026-06-20 14:20:00,33.73,417.46,54.88,0.913,1,15.7,7.19
2026-06-20 14:25:00,20.59,418.31,33.43,0.86,0,0.0,4.0
2026-06-20 14:30:00,25.66,415.4,41.95,0.932,0,0.0,4.0
2026-06-20 14:35:00,35.93,412.9,59.11,0.894,1,8.56,5.49
2026-06-20 14:40:00,34.74,413.89,57.02,0.872,1,16.53,4.0
2026-06-20 14:45:00,31.62,413.42,51.95,0.888,1,21.69,6.57
2026-06-20 14:50:00,25.47,412.56,41.94,0.875,0,0.0,4.0
2026-06-20 14:55:00,26.21,414.74,42.93,0.929,0,0.0,4.0
2026-06-20 15:00:00,24.6,416.44,40.12,0.875,0,0.0,4.0
2026-06-20 15:05:00,30.36,416.23,49.54,0.832,1,9.61,7.24
2026-06-20 15:10:00,19.82,414.98,32.44,0.892,0,0.0,4.0
2026-06-20 15:15:00,19.66,415.14,32.16,0.895,0,0.0,4.0
2026-06-20 15:20:00,28.24,414.8,46.24,0.912,0,0.0,4.0
2026-06-20 15:25:00,22.48,411.76,37.09,0.932,0,0.0,4.0
2026-06-20 15:30:00,29.12,415.4,47.62,0.873,0,0.0,4.0
2026-06-20 15:35:00,18.42,413.54,30.25,0.862,0,0.0,4.0
2026-06-20 15:40:00,21.06,411.63,34.75,0.879,0,0.0,4.0
2026-06-20 15:45:00,16.29,415.93,26.6,0.928,0,0.0,4.0
2026-06-20 15:50:00,20.52,413.47,33.71,0.938,0,0.0,4.0
2026-06-20 15:55:00,12.69,415.57,20.73,0.937,0,0.0,4.0
2026-06-20 16:00:00,17.25,417.12,28.09,0.848,0,0.0,4.41
2026-06-20 16:05:00,12.13,412.62,19.97,0.88,0,0.0,4.0
2026-06-20 16:10:00,22.42,415.23,36.68,0.851,0,0.0,4.0
2026-06-20 16:15:00,22.19,410.47,36.72,0.864,0,0.0,4.0
2026-06-20 16:20:00,10.0,418.83,16.22,0.824,0,0.0,4.0
2026-06-20 16:25:00,24.63,411.6,40.65,0.839,0,0.0,4.0
2026-06-20 16:30:00,30.15,413.71,49.5,0.868,1,18.59,6.97
2026-06-20 16:35:00,17.61,418.35,28.59,0.864,0,0.0,4.0
2026-06-20 16:40:00,13.91,414.41,22.79,0.853,0,0.0,4.0
2026-06-20 16:45:00,30.98,412.01,51.07,0.848,1,18.03,6.21
2026-06-20 16:50:00,10.03,416.78,16.34,0.91,0,0.0,4.0
2026-06-20 16:55:00,16.5,416.73,26.89,0.855,0,0.0,4.0
2026-06-20 17:00:00,17.09,413.42,28.08,0.905,0,0.0,4.0
2026-06-20 17:05:00,22.73,413.69,37.32,0.864,0,0.0,4.0
2026-06-20 17:10:00,17.63,413.91,28.93,0.916,0,0.0,4.0
2026-06-20 17:15:00,13.18,414.48,21.6,0.84,0,0.0,4.0
2026-06-20 17:20:00,10.78,410.27,17.84,0.839,0,0.0,4.0
2026-06-20 17:25:00,13.7,414.55,22.45,0.902,0,0.0,4.0
2026-06-20 17:30:00,10.26,419.46,16.62,0.93,0,0.0,4.0
2026-06-20 17:35:00,15.45,412.76,25.42,0.837,0,0.0,4.0
2026-06-20 17:40:00,12.31,413.54,20.22,0.829,0,0.0,4.0
2026-06-20 17:45:00,10.0,412.04,16.49,0.932,0,0.0,4.0
2026-06-20 17:50:00,21.31,416.53,34.75,0.834,0,0.0,4.0
2026-06-20 17:55:00,12.52,418.01,20.34,0.85,0,0.0,4.0
2026-06-20 18:00:00,10.0,417.95,16.25,0.932,0,0.0,4.0
2026-06-20 18:05:00,14.17,411.88,23.36,0.916,0,0.0,4.0
2026-06-20 18:10:00,15.38,416.25,25.09,0.861,0,0.0,4.0
2026-06-20 18:15:00,10.0,418.58,16.23,0.935,0,0.0,4.0
2026-06-20 18:20:00,16.79,416.27,27.4,0.888,0,0.0,4.0
2026-06-20 18:25:00,10.0,416.2,16.32,0.829,0,0.0,4.0
2026-06-20 18:30:00,23.85,413.82,39.16,0.904,0,0.0,4.0
2026-06-20 18:35:00,18.03,415.55,29.47,0.884,0,0.0,4.0
2026-06-20 18:40:00,13.53,418.09,21.99,0.889,0,0.0,4.0
2026-06-20 18:45:00,11.95,415.82,19.52,0.939,0,0.0,4.0
2026-06-20 18:50:00,15.3,411.88,25.24,0.838,0,0.0,4.0
2026-06-20 18:55:00,19.07,413.86,31.29,0.899,0,0.0,4.0
2026-06-20 19:00:00,16.07,418.02,26.1,0.875,0,0.0,4.0
2026-06-20 19:05:00,15.31,415.81,25.01,0.853,0,0.0,4.0
2026-06-20 19:10:00,16.91,415.3,27.66,0.903,0,0.0,4.0
2026-06-20 19:15:00,13.84,413.61,22.73,0.9,0,0.0,4.0
2026-06-20 19:20:00,15.39,417.97,25.02,0.923,0,0.0,4.0
2026-06-20 19:25:00,10.0,419.16,16.21,0.925,0,0.0,4.0
2026-06-20 19:30:00,22.53,418.16,36.6,0.887,0,0.0,4.0
2026-06-20 19:35:00,19.46,418.61,31.57,0.859,0,0.0,4.0
2026-06-20 19:40:00,14.41,414.1,23.64,0.884,0,0.0,4.0
2026-06-20 19:45:00,28.1,413.75,46.14,0.863,0,0.0,4.0
2026-06-20 19:50:00,19.39,414.61,31.77,0.853,0,0.0,4.0
2026-06-20 19:55:00,14.13,415.1,23.13,0.886,0,0.0,4.0
2026-06-20 20:00:00,23.97,418.58,38.9,0.899,0,0.0,4.0
2026-06-20 20:05:00,22.07,417.91,35.87,0.891,0,0.0,4.0
2026-06-20 20:10:00,22.45,416.35,36.63,0.935,0,0.0,4.0
2026-06-20 20:15:00,18.77,411.42,30.99,0.856,0,0.0,4.0
2026-06-20 20:20:00,23.58,410.78,38.99,0.865,0,0.0,4.0
2026-06-20 20:25:00,20.47,415.6,33.45,0.9,0,0.0,4.0
2026-06-20 20:30:00,25.01,417.2,40.72,0.892,0,0.0,4.0
2026-06-20 20:35:00,13.18,414.8,21.58,0.82,0,0.0,4.0
2026-06-20 20:40:00,21.02,419.79,34.01,0.857,0,0.0,4.0
2026-06-20 20:45:00,32.3,412.29,53.21,0.85,1,17.72,5.77
2026-06-20 20:50:00,20.36,411.98,33.57,0.921,0,0.0,4.0
2026-06-20 20:55:00,21.7,413.34,35.66,0.924,0,0.0,4.0
2026-06-20 21:00:00,23.01,413.24,37.82,0.854,0,0.0,4.0
2026-06-20 21:05:00,19.72,416.32,32.18,0.832,0,0.0,4.0
2026-06-20 21:10:00,15.31,413.95,25.13,0.845,0,0.0,4.0
2026-06-20 21:15:00,25.77,411.13,42.58,0.841,0,0.0,4.0
2026-06-20 21:20:00,28.18,417.23,45.88,0.848,0,0.0,4.0
2026-06-20 21:25:00,27.83,410.6,46.04,0.848,0,0.0,4.0
2026-06-20 21:30:00,27.97,412.32,46.08,0.878,0,0.0,7.97
2026-06-20 21:35:00,29.52,410.94,48.79,0.858,0,0.0,4.0
2026-06-20 21:40:00,35.04,415.52,57.28,0.887,1,20.96,14.03
2026-06-20 21:45:00,29.6,415.47,48.4,0.861,0,0.0,4.0
2026-06-20 21:50:00,28.32,419.79,45.83,0.918,0,0.0,4.0
2026-06-20 21:55:00,30.44,417.28,49.55,0.934,1,8.23,5.16
2026-06-20 22:00:00,35.4,418.6,57.44,0.868,1,19.85,9.91
2026-06-20 22:05:00,40.23,415.72,65.73,0.826,1,5.07,8.92
2026-06-20 22:10:00,30.7,412.56,50.54,0.849,1,13.5,6.91
2026-06-20 22:15:00,35.01,415.32,57.27,0.832,1,8.77,6.6
2026-06-20 22:20:00,36.9,416.48,60.18,0.861,1,20.42,7.96
2026-06-20 22:25:00,30.94,416.76,50.43,0.897,1,18.47,6.15
2026-06-20 22:30:00,36.71,413.82,60.25,0.882,1,19.14,10.33
2026-06-20 22:35:00,29.99,416.22,48.94,0.849,0,0.0,4.0
2026-06-20 22:40:00,29.18,412.67,48.04,0.912,0,0.0,4.0
2026-06-20 22:45:00,40.58,412.39,66.85,0.836,1,18.82,4.83
2026-06-20 22:50:00,37.56,412.21,61.89,0.847,1,5.05,4.18
2026-06-20 22:55:00,41.22,415.06,67.45,0.901,1,11.35,7.16
2026-06-20 23:00:00,40.85,412.06,67.34,0.844,1,6.75,8.2
2026-06-20 23:05:00,36.8,413.94,60.39,0.901,1,18.63,7.43
2026-06-20 23:10:00,42.2,417.26,68.69,0.937,1,9.24,9.51
2026-06-20 23:15:00,37.01,412.43,60.95,0.92,1,10.29,7.14
2026-06-20 23:20:00,50.88,413.74,83.53,0.839,1,6.57,13.17
2026-06-20 23:25:00,37.9,415.18,62.0,0.882,1,14.68,8.73
2026-06-20 23:30:00,44.45,415.62,72.65,0.871,1,5.66,8.33
2026-06-20 23:35:00,40.98,413.75,67.27,0.939,1,21.91,4.98
2026-06-20 23:40:00,49.8,416.97,81.13,0.936,1,5.53,10.05
2026-06-20 23:45:00,46.05,416.48,75.11,0.835,1,6.23,9.75
2026-06-20 23:50:00,45.88,417.85,74.58,0.929,1,17.81,7.5
2026-06-20 23:55:00,53.5,414.8,87.61,0.843,1,23.34,8.13
2026-06-21 00:00:00,50.15,413.72,82.33,0.858,1,22.84,12.7
2026-06-21 00:05:00,53.35,413.29,87.68,0.862,1,6.67,7.7
2026-06-21 00:10:00,46.62,415.77,76.16,0.854,1,10.77,9.31
2026-06-21 00:15:00,45.27,414.06,74.26,0.922,1,15.42,8.99
2026-06-21 00:20:00,53.59,413.58,88.01,0.86,1,5.53,10.95
2026-06-21 00:25:00,52.22,413.88,85.7,0.918,1,15.57,7.96
2026-06-21 00:30:00,57.7,413.29,94.83,0.939,1,13.96,10.81
2026-06-21 00:35:00,54.92,415.5,89.79,0.921,1,16.77,8.49
2026-06-21 00:40:00,57.1,411.47,94.27,0.862,1,23.41,11.62
2026-06-21 00:45:00,48.71,415.76,79.58,0.905,1,10.49,10.46
2026-06-21 00:50:00,67.02,416.69,109.25,0.884,1,17.78,15.02
2026-06-21 00:55:00,57.5,413.55,94.44,0.914,1,13.6,14.48
2026-06-21 01:00:00,62.55,419.81,101.2,0.838,1,13.7,11.33
2026-06-21 01:05:00,55.61,415.04,91.02,0.897,1,17.95,10.26
2026-06-21 01:10:00,62.06,411.1,102.55,0.913,1,24.03,15.31
2026-06-21 01:15:00,54.74,414.3,89.74,0.911,1,22.26,12.29
2026-06-21 01:20:00,64.23,415.16,105.09,0.936,1,17.79,15.31
2026-06-21 01:25:00,60.91,416.12,99.42,0.827,1,14.23,16.18
2026-06-21 01:30:00,63.54,414.36,104.16,0.861,1,13.48,10.16
2026-06-21 01:35:00,67.59,412.47,111.3,0.877,1,20.74,15.07
2026-06-21 01:40:00,58.63,412.26,96.6,0.857,1,9.36,9.64
2026-06-21 01:45:00,62.06,413.37,101.98,0.857,1,16.75,15.62
2026-06-21 01:50:00,68.45,413.61,112.41,0.841,1,15.1,10.33
2026-06-21 01:55:00,77.33,412.16,127.43,0.918,1,17.99,16.94
2026-06-21 02:00:00,66.81,413.17,109.84,0.929,1,8.75,11.18
2026-06-21 02:05:00,71.11,416.65,115.93,0.83,1,18.92,15.03
2026-06-21 02:10:00,68.27,419.12,110.64,0.839,1,17.54,16.1
2026-06-21 02:15:00,79.16,416.89,128.97,0.847,1,8.6,13.19
2026-06-21 02:20:00,61.34,418.26,99.61,0.881,1,13.99,8.35
2026-06-21 02:25:00,71.17,417.44,115.81,0.915,1,18.57,13.14
2026-06-21 02:30:00,63.18,417.08,102.89,0.829,1,23.03,11.63
2026-06-21 02:35:00,59.37,414.16,97.38,0.896,1,7.44,8.09
2026-06-21 02:40:00,73.98,415.35,120.99,0.838,1,5.17,8.93
2026-06-21 02:45:00,73.77,413.95,121.06,0.937,1,8.3,16.51
2026-06-21 02:50:00,72.22,414.45,118.37,0.928,1,24.79,17.68
2026-06-21 02:55:00,73.67,415.17,120.53,0.934,1,20.37,12.89
2026-06-21 03:00:00,90.24,416.78,147.07,0.833,1,17.29,16.43
2026-06-21 03:05:00,73.99,416.06,120.8,0.879,1,7.66,15.57
2026-06-21 03:10:00,78.36,414.6,128.37,0.84,1,13.32,16.67
2026-06-21 03:15:00,73.07,415.14,119.55,0.892,1,19.3,18.23
2026-06-21 03:20:00,78.29,416.08,127.8,0.848,1,22.92,16.67
2026-06-21 03:25:00,76.1,416.67,124.07,0.912,1,12.64,11.96
2026-06-21 03:30:00,75.71,411.2,125.07,0.897,1,24.99,16.71
2026-06-21 03:35:00,87.32,412.31,143.86,0.889,1,7.79,14.5
2026-06-21 03:40:00,84.56,417.77,137.48,0.919,1,12.74,15.71
2026-06-21 03:45:00,79.79,414.85,130.64,0.88,1,22.51,18.06
2026-06-21 03:50:00,68.0,413.94,111.58,0.852,1,18.0,11.05
2026-06-21 03:55:00,78.12,414.34,128.06,0.894,1,21.22,14.95
2026-06-21 04:00:00,93.83,414.34,153.82,0.935,1,23.16,15.21
2026-06-21 04:05:00,79.53,416.39,129.74,0.892,1,15.15,12.79
2026-06-21 04:10:00,86.56,412.23,142.63,0.896,1,9.69,14.8
2026-06-21 04:15:00,88.6,415.06,145.0,0.932,1,18.87,20.66
2026-06-21 04:20:00,82.82,415.62,135.35,0.882,1,16.27,15.8
2026-06-21 04:25:00,77.83,415.99,127.08,0.94,1,20.45,21.14
2026-06-21 04:30:00,70.16,415.56,114.68,0.839,1,15.23,15.6
2026-06-21 04:35:00,86.04,416.29,140.39,0.884,1,21.22,18.82
2026-06-21 04:40:00,78.82,413.57,129.45,0.846,1,23.04,12.81
2026-06-21 04:45:00,84.02,412.65,138.31,0.874,1,19.99,15.77
2026-06-21 04:50:00,77.13,421.14,124.4,0.84,1,19.87,12.24
2026-06-21 04:55:00,82.28,414.25,134.91,0.847,1,16.74,14.93
2026-06-21 05:00:00,83.98,414.54,137.6,0.845,1,14.43,14.78
2026-06-21 05:05:00,85.34,416.69,139.11,0.858,1,24.45,16.49
2026-06-21 05:10:00,78.6,418.99,127.42,0.836,1,17.9,16.95
2026-06-21 05:15:00,90.31,413.64,148.31,0.917,1,21.81,16.74
2026-06-21 05:20:00,81.48,412.5,134.18,0.846,1,15.11,17.37
2026-06-21 05:25:00,76.22,411.89,125.69,0.87,1,16.1,11.14
2026-06-21 05:30:00,84.16,418.98,136.43,0.822,1,18.26,17.1
2026-06-21 05:35:00,84.96,412.4,139.94,0.833,1,19.57,15.27
2026-06-21 05:40:00,85.67,414.93,140.24,0.928,1,13.97,16.7
2026-06-21 05:45:00,91.74,412.56,151.04,0.92,1,12.13,19.11
2026-06-21 05:50:00,83.78,411.38,138.34,0.921,1,9.79,12.24
2026-06-21 05:55:00,84.39,414.27,138.38,0.869,1,13.47,19.26
2026-06-21 06:00:00,79.48,412.66,130.84,0.837,1,9.22,14.32
2026-06-21 06:05:00,89.09,413.27,146.44,0.833,1,13.34,21.0
2026-06-21 06:10:00,85.89,420.02,138.9,0.893,1,22.49,16.75
2026-06-21 06:15:00,82.82,416.06,135.22,0.919,1,24.54,19.19
2026-06-21 06:20:00,75.34,417.33,122.63,0.928,1,16.54,14.53
2026-06-21 06:25:00,92.01,417.06,149.86,0.855,1,7.92,17.58
2026-06-21 06:30:00,78.56,414.75,128.67,0.859,1,13.55,15.09
2026-06-21 06:35:00,81.64,413.9,133.97,0.832,1,17.04,15.04
2026-06-21 06:40:00,86.26,415.62,140.98,0.913,1,12.42,15.55
2026-06-21 06:45:00,78.34,415.42,128.1,0.853,1,9.1,15.08
2026-06-21 06:50:00,76.7,413.58,125.98,0.878,1,9.54,15.55
2026-06-21 06:55:00,73.38,415.32,120.01,0.931,1,14.48,14.47
2026-06-21 07:00:00,87.41,413.23,143.68,0.91,1,9.33,17.4
2026-06-21 07:05:00,80.88,414.57,132.51,0.826,1,9.99,11.55
2026-06-21 07:10:00,98.02,414.16,160.75,0.821,1,22.46,20.85
2026-06-21 07:15:00,78.17,411.83,128.93,0.914,1,20.58,13.38
2026-06-21 07:20:00,78.28,409.12,129.97,0.886,1,6.11,10.59
2026-06-21 07:25:00,79.79,412.65,131.35,0.906,1,11.4,19.2
2026-06-21 07:30:00,83.55,419.51,135.28,0.839,1,15.64,19.08
2026-06-21 07:35:00,79.68,414.23,130.67,0.925,1,6.21,14.63
2026-06-21 07:40:00,84.78,416.94,138.12,0.913,1,18.66,18.66
2026-06-21 07:45:00,76.5,409.69,126.83,0.927,1,12.69,13.64
2026-06-21 07:50:00,74.14,412.48,122.09,0.861,1,12.94,12.91
2026-06-21 07:55:00,71.69,411.61,118.31,0.853,1,10.31,12.05
2026-06-21 08:00:00,69.19,414.49,113.39,0.838,1,11.68,11.56
2026-06-21 08:05:00,77.33,421.05,124.75,0.932,1,22.23,14.43
2026-06-21 08:10:00,78.01,416.15,127.34,0.841,1,20.77,13.43
2026-06-21 08:15:00,75.94,419.24,123.05,0.834,1,23.72,8.28
2026-06-21 08:20:00,84.89,414.36,139.15,0.843,1,18.98,15.81
2026-06-21 08:25:00,84.37,418.41,136.96,0.913,1,16.56,13.77
2026-06-21 08:30:00,76.09,420.18,123.01,0.927,1,10.19,14.89
2026-06-21 08:35:00,68.33,414.73,111.91,0.917,1,18.34,12.66
2026-06-21 08:40:00,73.98,413.65,121.48,0.888,1,23.12,15.94
2026-06-21 08:45:00,73.32,411.71,120.96,0.939,1,6.38,13.55
2026-06-21 08:50:00,72.52,414.23,118.92,0.828,1,13.86,10.82
2026-06-21 08:55:00,71.79,415.2,117.45,0.924,1,7.99,10.4
2026-06-21 09:00:00,71.48,420.08,115.58,0.871,1,21.21,11.06
2026-06-21 09:05:00,72.27,411.76,119.22,0.875,1,17.28,11.88
2026-06-21 09:10:00,70.47,415.15,115.3,0.835,1,22.59,12.19
2026-06-21 09:15:00,74.12,410.46,122.66,0.824,1,6.26,15.78
2026-06-21 09:20:00,74.3,413.93,121.92,0.858,1,23.11,14.96
2026-06-21 09:25:00,67.35,415.78,110.04,0.841,1,6.34,8.14
2026-06-21 09:30:00,77.66,416.28,126.72,0.878,1,10.75,12.49
2026-06-21 09:35:00,65.8,416.47,107.31,0.838,1,8.12,12.16
2026-06-21 09:40:00,61.99,415.99,101.21,0.837,1,7.91,9.23
2026-06-21 09:45:00,71.35,416.45,116.37,0.925,1,8.43,13.45
2026-06-21 09:50:00,64.72,415.11,105.9,0.931,1,14.6,10.44
2026-06-21 09:55:00,69.76,412.38,114.91,0.936,1,20.69,13.28
2026-06-21 10:00:00,55.48,410.37,91.83,0.902,1,22.97,9.82
2026-06-21 10:05:00,73.8,413.63,121.19,0.913,1,16.34,14.36
2026-06-21 10:10:00,69.52,414.66,113.88,0.92,1,8.16,16.25
2026-06-21 10:15:00,57.98,418.13,94.18,0.899,1,6.58,12.83
2026-06-21 10:20:00,57.4,414.75,94.0,0.86,1,14.88,8.58
2026-06-21 10:25:00,72.46,414.51,118.74,0.839,1,20.31,19.86
2026-06-21 10:30:00,59.71,415.96,97.5,0.848,1,17.4,14.35
2026-06-21 10:35:00,58.51,414.32,95.93,0.921,1,16.66,9.78
2026-06-21 10:40:00,50.64,417.03,82.48,0.904,1,5.96,7.41
2026-06-21 10:45:00,59.5,419.95,96.23,0.875,1,13.23,12.16
2026-06-21 10:50:00,59.39,420.48,95.93,0.824,1,16.01,13.12
2026-06-21 10:55:00,63.37,415.24,103.66,0.852,1,16.97,16.34
2026-06-21 11:00:00,52.06,415.84,85.04,0.907,1,5.1,10.8
2026-06-21 11:05:00,50.72,418.95,82.23,0.881,1,8.99,8.05
2026-06-21 11:10:00,59.83,414.63,98.02,0.872,1,24.0,10.8
2026-06-21 11:15:00,61.86,416.7,100.84,0.858,1,15.17,13.34
2026-06-21 11:20:00,48.22,412.16,79.47,0.893,1,19.07,6.54
2026-06-21 11:25:00,60.73,414.22,99.59,0.936,1,11.16,14.94
2026-06-21 11:30:00,54.76,417.89,89.0,0.928,1,16.71,9.43
2026-06-21 11:35:00,59.27,413.2,97.43,0.824,1,12.13,13.49
2026-06-21 11:40:00,52.7,414.68,86.32,0.878,1,10.94,12.8
2026-06-21 11:45:00,39.68,411.06,65.56,0.86,1,13.23,14.86
2026-06-21 11:50:00,50.77,420.01,82.1,0.881,1,14.2,9.14
2026-06-21 11:55:00,56.06,418.16,91.07,0.893,1,11.62,10.03
2026-06-21 12:00:00,45.53,415.47,74.44,0.844,1,10.16,7.94
2026-06-21 12:05:00,47.3,416.27,77.18,0.914,1,17.48,9.79
2026-06-21 12:10:00,47.59,415.99,77.71,0.877,1,12.61,7.71
2026-06-21 12:15:00,33.21,418.46,53.91,0.939,1,9.04,9.23
2026-06-21 12:20:00,55.31,413.7,90.81,0.823,1,20.17,13.29
2026-06-21 12:25:00,41.68,416.83,67.93,0.843,1,19.47,7.88
2026-06-21 12:30:00,47.96,417.69,77.99,0.903,1,22.74,8.13
2026-06-21 12:35:00,44.24,418.04,71.89,0.903,1,16.1,7.76
2026-06-21 12:40:00,50.21,409.35,83.32,0.89,1,10.59,8.48
2026-06-21 12:45:00,45.2,413.5,74.25,0.937,1,22.27,10.39
2026-06-21 12:50:00,41.25,412.45,67.93,0.87,1,10.61,8.4
2026-06-21 12:55:00,37.21,415.37,60.85,0.87,1,18.11,9.5
2026-06-21 13:00:00,44.93,409.96,74.44,0.929,1,8.81,11.96
2026-06-21 13:05:00,30.84,409.89,51.11,0.885,1,17.58,7.12
2026-06-21 13:10:00,42.7,420.43,69.0,0.862,1,21.82,10.15
2026-06-21 13:15:00,33.25,416.54,54.23,0.906,1,15.8,12.45
2026-06-21 13:20:00,44.29,415.3,72.44,0.894,1,14.42,10.01
2026-06-21 13:25:00,38.12,415.91,62.26,0.857,1,24.87,6.97
2026-06-21 13:30:00,39.83,415.37,65.13,0.856,1,5.45,7.28
2026-06-21 13:35:00,36.31,417.49,59.08,0.867,1,11.63,4.0
2026-06-21 13:40:00,26.45,413.42,43.45,0.829,0,0.0,4.0
2026-06-21 13:45:00,30.22,415.47,49.4,0.933,1,17.85,5.06
2026-06-21 13:50:00,37.2,415.57,60.81,0.842,1,15.84,5.43
2026-06-21 13:55:00,34.0,412.38,56.0,0.843,1,17.75,5.01
2026-06-21 14:00:00,38.4,418.19,62.38,0.898,1,11.44,10.13
2026-06-21 14:05:00,33.86,413.89,55.57,0.907,1,6.42,5.82
2026-06-21 14:10:00,26.36,417.54,42.88,0.908,0,0.0,4.0
2026-06-21 14:15:00,26.57,415.29,43.47,0.865,0,0.0,4.0
2026-06-21 14:20:00,30.44,419.08,49.34,0.925,1,14.6,6.67
2026-06-21 14:25:00,17.73,412.4,29.21,0.885,0,0.0,4.0
2026-06-21 14:30:00,37.06,412.29,61.06,0.873,1,15.42,8.59
2026-06-21 14:35:00,30.3,412.74,49.87,0.917,1,8.92,4.92
2026-06-21 14:40:00,33.64,415.33,55.01,0.849,1,8.68,6.85
2026-06-21 14:45:00,19.02,418.85,30.84,0.923,0,0.0,4.0
2026-06-21 14:50:00,32.58,418.98,52.81,0.885,1,14.47,9.63
2026-06-21 14:55:00,36.95,409.23,61.34,0.928,1,11.83,6.24
2026-06-21 15:00:00,18.65,415.62,30.47,0.844,0,0.0,4.0
2026-06-21 15:05:00,28.57,406.97,47.69,0.932,0,0.0,4.0
2026-06-21 15:10:00,24.2,416.99,39.42,0.903,0,0.0,4.0
2026-06-21 15:15:00,15.96,417.8,25.95,0.894,0,0.0,4.0
2026-06-21 15:20:00,25.65,414.9,42.0,0.871,0,0.0,4.0
2026-06-21 15:25:00,26.87,415.21,43.96,0.935,0,0.0,4.24
2026-06-21 15:30:00,19.23,415.18,31.46,0.873,0,0.0,4.98
2026-06-21 15:35:00,27.6,413.04,45.4,0.88,0,0.0,4.0
2026-06-21 15:40:00,13.0,416.08,21.22,0.914,0,0.0,4.0
2026-06-21 15:45:00,13.42,414.42,22.0,0.854,0,0.0,4.0
2026-06-21 15:50:00,21.16,417.33,34.45,0.855,0,0.0,4.0
2026-06-21 15:55:00,20.21,414.72,33.09,0.913,0,0.0,4.0
2026-06-21 16:00:00,16.11,412.85,26.5,0.835,0,0.0,4.0
2026-06-21 16:05:00,23.36,411.16,38.6,0.919,0,0.0,4.0
2026-06-21 16:10:00,21.61,410.34,35.77,0.895,0,0.0,4.0
2026-06-21 16:15:00,22.9,418.28,37.19,0.885,0,0.0,4.0
2026-06-21 16:20:00,17.66,413.86,28.99,0.847,0,0.0,4.0
2026-06-21 16:25:00,20.98,415.85,34.26,0.914,0,0.0,4.0
2026-06-21 16:30:00,15.44,419.46,25.0,0.917,0,0.0,4.0
2026-06-21 16:35:00,27.65,413.59,45.41,0.878,0,0.0,4.01
2026-06-21 16:40:00,13.05,413.43,21.44,0.867,0,0.0,4.93
2026-06-21 16:45:00,27.38,414.67,44.86,0.85,0,0.0,4.0
2026-06-21 16:50:00,16.79,415.07,27.48,0.911,0,0.0,4.0
2026-06-21 16:55:00,10.0,419.72,16.18,0.897,0,0.0,4.0
2026-06-21 17:00:00,23.03,418.91,37.35,0.845,0,0.0,4.0
2026-06-21 17:05:00,16.63,416.55,27.12,0.915,0,0.0,4.0
2026-06-21 17:10:00,20.09,418.62,32.59,0.926,0,0.0,4.0
2026-06-21 17:15:00,21.79,414.55,35.71,0.827,0,0.0,4.0
2026-06-21 17:20:00,17.22,415.75,28.14,0.913,0,0.0,4.0
2026-06-21 17:25:00,12.45,414.25,20.41,0.922,0,0.0,4.0
2026-06-21 17:30:00,20.18,411.77,33.29,0.939,0,0.0,4.0
2026-06-21 17:35:00,15.21,418.01,24.72,0.849,0,0.0,4.0
2026-06-21 17:40:00,18.56,416.33,30.29,0.865,0,0.0,4.0
2026-06-21 17:45:00,10.0,415.05,16.37,0.936,0,0.0,4.0
2026-06-21 17:50:00,17.27,414.99,28.26,0.831,0,0.0,4.0
2026-06-21 17:55:00,11.82,411.23,19.52,0.883,0,0.0,4.0
2026-06-21 18:00:00,23.27,412.56,38.31,0.881,0,0.0,4.0
2026-06-21 18:05:00,18.12,415.84,29.6,0.893,0,0.0,4.0
2026-06-21 18:10:00,16.23,413.68,26.65,0.86,0,0.0,4.0
2026-06-21 18:15:00,17.51,414.46,28.69,0.931,0,0.0,4.0
2026-06-21 18:20:00,10.14,414.74,16.61,0.852,0,0.0,4.0
2026-06-21 18:25:00,23.32,413.29,38.33,0.898,0,0.0,4.0
2026-06-21 18:30:00,25.26,412.58,41.58,0.88,0,0.0,4.0
2026-06-21 18:35:00,17.37,410.97,28.71,0.852,0,0.0,4.0
2026-06-21 18:40:00,23.48,414.63,38.47,0.843,0,0.0,4.0
2026-06-21 18:45:00,12.83,416.55,20.92,0.935,0,0.0,4.0
2026-06-21 18:50:00,11.84,410.89,19.58,0.887,0,0.0,4.0
2026-06-21 18:55:00,16.21,414.94,26.53,0.893,0,0.0,4.0
2026-06-21 19:00:00,18.37,415.7,30.01,0.914,0,0.0,4.0
2026-06-21 19:05:00,14.43,412.53,23.76,0.83,0,0.0,4.0
2026-06-21 19:10:00,19.31,418.56,31.34,0.906,0,0.0,4.0
2026-06-21 19:15:00,18.39,414.04,30.17,0.84,0,0.0,4.16
2026-06-21 19:20:00,12.12,414.75,19.85,0.909,0,0.0,4.0
2026-06-21 19:25:00,19.97,414.6,32.72,0.837,0,0.0,4.0
2026-06-21 19:30:00,21.98,410.57,36.37,0.92,0,0.0,4.0
2026-06-21 19:35:00,18.82,417.52,30.62,0.902,0,0.0,4.0
2026-06-21 19:40:00,24.04,412.61,39.58,0.866,0,0.0,4.0
2026-06-21 19:45:00,12.52,414.41,20.53,0.863,0,0.0,4.0
2026-06-21 19:50:00,21.29,416.49,34.73,0.838,0,0.0,4.0
2026-06-21 19:55:00,13.46,418.65,21.84,0.928,0,0.0,4.0
2026-06-21 20:00:00,14.12,412.3,23.26,0.834,0,0.0,4.0
2026-06-21 20:05:00,16.92,413.88,27.77,0.877,0,0.0,4.0
2026-06-21 20:10:00,15.77,418.46,25.6,0.848,0,0.0,4.0
2026-06-21 20:15:00,18.16,416.16,29.64,0.94,0,0.0,4.0
2026-06-21 20:20:00,20.26,416.68,33.03,0.89,0,0.0,4.0
2026-06-21 20:25:00,25.96,412.37,42.76,0.838,0,0.0,4.0
2026-06-21 20:30:00,20.63,414.05,33.84,0.9,0,0.0,4.0
2026-06-21 20:35:00,14.78,414.58,24.21,0.939,0,0.0,4.0
2026-06-21 20:40:00,28.89,412.86,47.53,0.893,0,0.0,4.0
2026-06-21 20:45:00,19.5,410.81,32.24,0.875,0,0.0,4.0
2026-06-21 20:50:00,23.9,413.72,39.24,0.855,0,0.0,4.0
2026-06-21 20:55:00,26.95,418.39,43.75,0.831,0,0.0,4.0
2026-06-21 21:00:00,26.25,415.15,42.95,0.847,0,0.0,4.0
2026-06-21 21:05:00,31.27,418.44,50.76,0.886,1,22.4,4.0
2026-06-21 21:10:00,28.75,415.45,47.01,0.91,0,0.0,4.0
2026-06-21 21:15:00,22.62,413.09,37.19,0.925,0,0.0,5.86
2026-06-21 21:20:00,38.4,418.19,62.36,0.915,1,21.18,7.14
2026-06-21 21:25:00,29.06,415.53,47.51,0.835,0,0.0,4.0
2026-06-21 21:30:00,27.96,417.4,45.49,0.913,0,0.0,4.0
2026-06-21 21:35:00,34.12,412.33,56.21,0.89,1,7.62,4.44
2026-06-21 21:40:00,31.17,417.6,50.7,0.876,1,22.92,6.51
2026-06-21 21:45:00,32.55,417.67,52.94,0.889,1,6.98,8.72
2026-06-21 21:50:00,43.66,415.72,71.33,0.821,1,24.6,10.38
2026-06-21 21:55:00,30.47,412.98,50.11,0.828,1,7.2,4.72
2026-06-21 22:00:00,30.91,414.88,50.61,0.883,1,18.24,8.41
2026-06-21 22:05:00,33.75,416.53,55.04,0.841,1,18.21,4.0
2026-06-21 22:10:00,39.2,415.59,64.06,0.885,1,23.62,8.69
2026-06-21 22:15:00,26.99,416.5,44.01,0.863,0,0.0,4.0
2026-06-21 22:20:00,25.38,417.53,41.29,0.929,0,0.0,4.0
2026-06-21 22:25:00,32.97,413.38,54.17,0.934,1,21.93,4.23
2026-06-21 22:30:00,28.44,412.11,46.87,0.938,0,0.0,4.0
2026-06-21 22:35:00,35.19,414.91,57.61,0.928,1,5.6,8.34
2026-06-21 22:40:00,40.54,414.18,66.49,0.938,1,17.71,8.23
2026-06-21 22:45:00,34.3,416.96,55.87,0.905,1,9.87,5.98
2026-06-21 22:50:00,32.34,412.31,53.28,0.935,1,19.56,8.67
2026-06-21 22:55:00,40.55,417.55,65.97,0.897,1,20.45,8.96
2026-06-21 23:00:00,45.25,418.38,73.47,0.917,1,20.25,11.46
2026-06-21 23:05:00,33.21,415.0,54.35,0.836,1,13.71,7.99
2026-06-21 23:10:00,46.53,415.15,76.12,0.902,1,8.16,7.14
2026-06-21 23:15:00,47.26,413.08,77.71,0.932,1,16.7,10.89
2026-06-21 23:20:00,48.69,413.64,79.96,0.885,1,20.78,12.02
2026-06-21 23:25:00,50.77,413.98,83.3,0.842,1,23.24,13.53
2026-06-21 23:30:00,56.44,418.61,91.59,0.883,1,14.05,9.64
2026-06-21 23:35:00,44.41,414.82,72.72,0.905,1,9.91,7.65
2026-06-21 23:40:00,47.5,411.69,78.37,0.912,1,7.38,10.95
2026-06-21 23:45:00,45.63,415.64,74.57,0.883,1,20.95,11.2
2026-06-21 23:50:00,48.48,417.07,78.96,0.846,1,15.71,8.33
2026-06-21 23:55:00,56.9,414.94,93.15,0.931,1,18.48,9.61
2026-06-22 00:00:00,43.27,418.67,70.21,0.913,1,8.18,7.2
2026-06-22 00:05:00,46.46,416.94,75.69,0.852,1,5.13,8.8
2026-06-22 00:10:00,58.41,412.38,96.22,0.917,1,24.35,9.68
2026-06-22 00:15:00,57.39,413.62,94.25,0.862,1,21.22,12.36
2026-06-22 00:20:00,51.23,415.57,83.74,0.857,1,13.0,5.88
2026-06-22 00:25:00,58.08,410.83,96.03,0.924,1,14.14,9.24
2026-06-22 00:30:00,56.27,415.84,91.92,0.925,1,23.58,11.73
2026-06-22 00:35:00,62.83,410.6,103.93,0.868,1,9.15,9.64
2026-06-22 00:40:00,56.45,417.56,91.83,0.821,1,21.06,10.25
2026-06-22 00:45:00,61.96,417.27,100.86,0.842,1,5.36,11.13
2026-06-22 00:50:00,70.79,416.26,115.51,0.929,1,22.51,18.77
2026-06-22 00:55:00,61.31,413.31,100.76,0.928,1,16.79,8.86
2026-06-22 01:00:00,59.31,415.43,96.97,0.874,1,14.55,11.95
2026-06-22 01:05:00,63.41,413.72,104.1,0.856,1,19.13,10.0
2026-06-22 01:10:00,58.7,412.42,96.68,0.856,1,6.35,8.43
2026-06-22 01:15:00,73.19,414.15,120.04,0.928,1,8.91,11.6
2026-06-22 01:20:00,62.87,416.75,102.47,0.859,1,13.14,11.61
2026-06-22 01:25:00,61.32,415.11,100.34,0.881,1,17.36,15.22
2026-06-22 01:30:00,59.22,418.63,96.08,0.908,1,7.89,13.77
2026-06-22 01:35:00,69.58,416.91,113.37,0.845,1,12.59,12.1
2026-06-22 01:40:00,69.13,416.65,112.7,0.85,1,10.22,12.34
2026-06-22 01:45:00,62.99,410.98,104.11,0.863,1,17.91,13.6
2026-06-22 01:50:00,69.04,414.29,113.2,0.899,1,23.39,13.73
2026-06-22 01:55:00,59.29,412.34,97.67,0.918,1,8.32,9.62
2026-06-22 02:00:00,68.42,414.54,112.12,0.886,1,8.79,14.28
2026-06-22 02:05:00,70.42,413.27,115.75,0.836,1,17.01,17.27
2026-06-22 02:10:00,77.34,414.06,126.88,0.874,1,14.07,17.07
2026-06-22 02:15:00,65.59,417.65,106.67,0.835,1,19.36,15.91
2026-06-22 02:20:00,63.68,416.19,103.94,0.831,1,10.76,11.68
2026-06-22 02:25:00,66.22,417.52,107.73,0.891,1,15.9,10.21
2026-06-22 02:30:00,64.62,411.0,106.8,0.935,1,12.74,7.65
2026-06-22 02:35:00,78.59,415.14,128.59,0.921,1,10.63,9.89
2026-06-22 02:40:00,80.24,417.42,130.57,0.913,1,19.59,14.95
2026-06-22 02:45:00,74.68,418.77,121.13,0.907,1,20.92,15.66
2026-06-22 02:50:00,79.75,411.13,131.76,0.928,1,11.58,16.88
2026-06-22 02:55:00,74.87,414.12,122.81,0.91,1,17.46,14.91
2026-06-22 03:00:00,74.27,417.59,120.81,0.895,1,8.57,12.13
2026-06-22 03:05:00,73.62,414.52,120.63,0.864,1,20.82,15.8
2026-06-22 03:10:00,74.25,412.72,122.2,0.832,1,10.63,11.13
2026-06-22 03:15:00,68.58,411.13,113.3,0.875,1,8.42,10.21
2026-06-22 03:20:00,78.13,412.63,128.62,0.931,1,23.8,16.67
2026-06-22 03:25:00,77.09,410.78,127.48,0.89,1,13.45,11.7
2026-06-22 03:30:00,81.49,415.15,133.34,0.842,1,17.87,13.79
2026-06-22 03:35:00,78.69,417.24,128.11,0.898,1,21.18,12.97
2026-06-22 03:40:00,77.86,411.85,128.41,0.876,1,18.72,15.34
2026-06-22 03:45:00,74.75,415.64,122.15,0.932,1,16.29,15.63
2026-06-22 03:50:00,79.88,417.11,130.08,0.839,1,12.43,16.42
2026-06-22 03:55:00,83.61,414.99,136.86,0.905,1,23.37,14.88
2026-06-22 04:00:00,74.59,410.97,123.29,0.902,1,7.67,13.42
2026-06-22 04:05:00,81.12,415.97,132.47,0.938,1,22.68,17.43
2026-06-22 04:10:00,82.21,414.86,134.6,0.888,1,19.2,14.53
2026-06-22 04:15:00,77.8,414.61,127.46,0.925,1,16.43,12.72
2026-06-22 04:20:00,78.78,413.63,129.37,0.823,1,11.49,13.27
2026-06-22 04:25:00,83.19,415.22,136.09,0.835,1,7.92,13.97
2026-06-22 04:30:00,76.67,416.27,125.1,0.862,1,13.86,14.56
2026-06-22 04:35:00,84.37,420.98,136.13,0.894,1,20.68,16.16
2026-06-22 04:40:00,78.41,415.28,128.26,0.874,1,19.91,14.72
2026-06-22 04:45:00,88.46,418.78,143.48,0.844,1,17.91,14.97
2026-06-22 04:50:00,95.07,415.89,155.27,0.891,1,24.85,16.2
2026-06-22 04:55:00,79.3,414.75,129.87,0.888,1,24.45,17.0
2026-06-22 05:00:00,86.48,415.37,141.42,0.883,1,13.0,17.01
2026-06-22 05:05:00,80.36,411.95,132.51,0.831,1,8.85,13.9
2026-06-22 05:10:00,89.38,415.76,146.02,0.931,1,14.28,16.67
2026-06-22 05:15:00,78.0,410.02,129.22,0.891,1,21.89,17.93
2026-06-22 05:20:00,86.87,412.84,142.93,0.852,1,14.17,16.18
2026-06-22 05:25:00,80.23,415.27,131.23,0.902,1,11.72,15.01
2026-06-22 05:30:00,83.67,417.98,135.96,0.858,1,19.82,19.58
2026-06-22 05:35:00,79.64,418.58,129.23,0.881,1,18.0,17.71
2026-06-22 05:40:00,88.98,414.41,145.84,0.861,1,24.37,15.75
2026-06-22 05:45:00,80.74,415.39,132.03,0.926,1,15.99,17.81
2026-06-22 05:50:00,87.73,417.46,142.74,0.939,1,24.35,16.62
2026-06-22 05:55:00,83.27,411.68,137.4,0.839,1,10.82,13.1
2026-06-22 06:00:00,84.43,416.01,137.85,0.823,1,22.3,19.32
2026-06-22 06:05:00,85.73,412.93,141.02,0.846,1,12.02,14.39
2026-06-22 06:10:00,81.16,414.57,132.97,0.891,1,21.19,14.49
2026-06-22 06:15:00,85.98,413.85,141.11,0.841,1,23.52,15.77
2026-06-22 06:20:00,92.52,416.09,151.03,0.917,1,17.46,22.23
2026-06-22 06:25:00,80.9,416.38,131.98,0.869,1,19.57,13.34
2026-06-22 06:30:00,90.56,417.23,147.43,0.893,1,24.17,16.12
2026-06-22 06:35:00,92.08,415.87,150.4,0.875,1,12.5,16.41
2026-06-22 06:40:00,80.39,415.43,131.44,0.928,1,15.23,16.45
2026-06-22 06:45:00,77.05,419.64,124.72,0.824,1,22.97,14.86
2026-06-22 06:50:00,85.68,411.19,141.54,0.908,1,18.46,14.8
2026-06-22 06:55:00,81.26,419.24,131.66,0.898,1,22.47,17.19
2026-06-22 07:00:00,93.15,414.28,152.73,0.898,1,17.37,20.77
2026-06-22 07:05:00,83.78,416.43,136.65,0.87,1,19.79,12.32
2026-06-22 07:10:00,79.37,414.19,130.16,0.822,1,5.26,12.98
2026-06-22 07:15:00,77.41,413.24,127.23,0.903,1,11.79,15.71
2026-06-22 07:20:00,88.34,416.21,144.17,0.92,1,20.41,14.07
2026-06-22 07:25:00,79.76,417.61,129.74,0.83,1,13.08,14.65
2026-06-22 07:30:00,82.55,416.18,134.74,0.873,1,12.26,18.41
2026-06-22 07:35:00,86.81,413.64,142.56,0.84,1,24.03,18.27
2026-06-22 07:40:00,79.3,424.03,127.03,0.893,1,16.05,16.28
2026-06-22 07:45:00,81.16,418.0,131.89,0.914,1,8.85,16.78
2026-06-22 07:50:00,80.96,417.33,131.78,0.9,1,14.44,16.05
2026-06-22 07:55:00,84.1,414.12,137.95,0.858,1,15.37,15.13
2026-06-22 08:00:00,83.26,413.44,136.8,0.837,1,24.77,18.46
2026-06-22 08:05:00,78.82,414.3,129.23,0.915,1,19.36,14.06
2026-06-22 08:10:00,79.84,417.7,129.83,0.859,1,15.39,14.77
2026-06-22 08:15:00,77.24,412.52,127.19,0.823,1,13.64,10.76
2026-06-22 08:20:00,71.28,412.33,117.43,0.889,1,23.31,12.89
2026-06-22 08:25:00,79.51,416.35,129.72,0.85,1,17.92,15.39
2026-06-22 08:30:00,87.23,415.8,142.5,0.921,1,12.12,16.37
2026-06-22 08:35:00,72.88,413.07,119.84,0.837,1,14.29,15.97
2026-06-22 08:40:00,72.95,412.27,120.19,0.872,1,10.56,12.65
2026-06-22 08:45:00,71.96,418.59,116.77,0.85,1,24.21,13.25
2026-06-22 08:50:00,79.43,415.89,129.73,0.903,1,19.04,14.0
2026-06-22 08:55:00,77.53,411.59,127.94,0.886,1,12.85,15.15
2026-06-22 09:00:00,73.96,411.77,122.0,0.915,1,8.66,17.32
2026-06-22 09:05:00,69.61,414.1,114.19,0.875,1,8.54,7.62
2026-06-22 09:10:00,74.11,416.83,120.76,0.821,1,14.55,12.94
2026-06-22 09:15:00,65.25,416.49,106.42,0.846,1,14.35,11.65
2026-06-22 09:20:00,73.21,417.83,119.02,0.94,1,13.36,8.92
2026-06-22 09:25:00,76.26,411.27,125.96,0.869,1,22.04,14.54
2026-06-22 09:30:00,65.05,415.56,106.33,0.894,1,24.58,12.12
2026-06-22 09:35:00,63.03,418.56,102.29,0.929,1,12.1,10.94
2026-06-22 09:40:00,77.97,418.33,126.61,0.822,1,10.89,12.03
2026-06-22 09:45:00,66.39,415.9,108.42,0.899,1,20.4,12.77
2026-06-22 09:50:00,74.49,420.87,120.21,0.855,1,14.0,11.41
2026-06-22 09:55:00,67.39,416.52,109.89,0.854,1,9.35,10.65
2026-06-22 10:00:00,66.69,417.61,108.47,0.847,1,8.62,11.97
2026-06-22 10:05:00,69.03,415.11,112.95,0.919,1,10.61,15.32
2026-06-22 10:10:00,61.74,413.05,101.53,0.865,1,5.03,12.31
2026-06-22 10:15:00,66.14,412.81,108.83,0.828,1,23.83,14.52
2026-06-22 10:20:00,62.88,415.45,102.81,0.832,1,13.6,16.53
2026-06-22 10:25:00,57.49,414.47,94.22,0.838,1,6.66,11.7
2026-06-22 10:30:00,65.08,410.58,107.67,0.928,1,8.3,9.71
2026-06-22 10:35:00,61.37,412.44,101.07,0.871,1,11.47,10.32
2026-06-22 10:40:00,61.19,414.2,100.34,0.93,1,16.03,9.84
2026-06-22 10:45:00,55.2,416.82,89.95,0.918,1,19.07,10.58
2026-06-22 10:50:00,68.48,414.96,112.1,0.921,1,11.16,11.93
2026-06-22 10:55:00,64.18,414.82,105.09,0.854,1,24.15,10.58
2026-06-22 11:00:00,63.88,412.53,105.18,0.853,1,20.21,14.64
2026-06-22 11:05:00,56.79,415.06,92.94,0.887,1,21.52,13.6
2026-06-22 11:10:00,48.93,418.3,79.45,0.87,1,11.47,9.8
2026-06-22 11:15:00,66.59,415.39,108.89,0.881,1,12.62,10.3
2026-06-22 11:20:00,55.77,411.23,92.12,0.826,1,15.76,11.11
2026-06-22 11:25:00,51.58,411.87,85.07,0.937,1,14.03,8.57
2026-06-22 11:30:00,56.65,416.47,92.4,0.827,1,10.2,13.68
2026-06-22 11:35:00,59.65,414.44,97.76,0.841,1,24.95,9.22
2026-06-22 11:40:00,52.94,414.81,86.68,0.901,1,21.97,12.15
2026-06-22 11:45:00,58.68,413.47,96.4,0.839,1,9.76,12.52
2026-06-22 11:50:00,56.94,416.26,92.92,0.833,1,22.85,13.46
2026-06-22 11:55:00,45.38,414.25,74.41,0.838,1,16.74,9.46
2026-06-22 12:00:00,46.63,414.53,76.41,0.827,1,5.25,7.89
2026-06-22 12:05:00,54.02,412.87,88.88,0.85,1,11.92,15.85
2026-06-22 12:10:00,34.91,417.3,56.82,0.853,1,5.51,4.53
2026-06-22 12:15:00,46.96,414.45,76.97,0.88,1,6.76,10.45
2026-06-22 12:20:00,39.8,416.52,64.9,0.873,1,8.58,7.63
2026-06-22 12:25:00,43.81,412.02,72.22,0.877,1,14.69,9.41
2026-06-22 12:30:00,43.94,419.33,71.17,0.894,1,12.63,9.32
2026-06-22 12:35:00,42.88,418.19,69.66,0.848,1,7.98,5.62
2026-06-22 12:40:00,41.16,410.23,68.15,0.836,1,12.89,4.95
2026-06-22 12:45:00,37.69,413.0,61.98,0.925,1,11.09,4.39
2026-06-22 12:50:00,53.88,416.19,87.94,0.896,1,13.2,9.33
2026-06-22 12:55:00,51.02,411.7,84.17,0.827,1,8.45,10.18
2026-06-22 13:00:00,35.13,414.67,57.55,0.935,1,17.19,5.6
2026-06-22 13:05:00,48.12,416.07,78.55,0.903,1,5.89,5.64
2026-06-22 13:10:00,37.48,414.54,61.41,0.838,1,12.76,9.51
2026-06-22 13:15:00,39.4,416.35,64.27,0.936,1,22.9,4.68
2026-06-22 13:20:00,37.71,413.27,61.99,0.864,1,13.39,8.57
2026-06-22 13:25:00,34.02,409.39,56.44,0.938,1,13.82,5.08
2026-06-22 13:30:00,41.53,417.46,67.57,0.832,1,6.36,10.61
2026-06-22 13:35:00,36.53,417.44,59.45,0.839,1,17.11,6.22
2026-06-22 13:40:00,32.83,421.26,52.93,0.899,1,23.73,4.0
2026-06-22 13:45:00,28.0,409.48,46.44,0.823,0,0.0,4.0
2026-06-22 13:50:00,29.37,416.88,47.86,0.822,0,0.0,4.0
2026-06-22 13:55:00,24.96,410.08,41.34,0.915,0,0.0,4.0
2026-06-22 14:00:00,32.56,419.39,52.74,0.84,1,6.86,6.97
2026-06-22 14:05:00,25.86,416.22,42.2,0.93,0,0.0,4.0
2026-06-22 14:10:00,29.87,412.62,49.17,0.871,0,0.0,4.0
2026-06-22 14:15:00,37.41,416.95,60.94,0.925,1,7.3,4.56
2026-06-22 14:20:00,35.92,413.62,58.99,0.87,1,11.7,5.7
2026-06-22 14:25:00,29.14,415.75,47.61,0.884,0,0.0,4.0
2026-06-22 14:30:00,28.26,415.51,46.19,0.858,0,0.0,4.0
2026-06-22 14:35:00,37.49,419.36,60.73,0.899,1,18.86,9.88
2026-06-22 14:40:00,30.11,419.54,48.74,0.858,1,11.91,4.0
2026-06-22 14:45:00,25.28,413.51,41.53,0.847,0,0.0,4.0
2026-06-22 14:50:00,19.22,417.65,31.27,0.83,0,0.0,4.0
2026-06-22 14:55:00,27.77,415.89,45.35,0.827,0,0.0,4.0
2026-06-22 15:00:00,29.4,411.47,48.53,0.857,0,0.0,4.0
2026-06-22 15:05:00,21.56,413.26,35.44,0.908,0,0.0,4.0
2026-06-22 15:10:00,25.65,420.84,41.4,0.845,0,0.0,4.0
2026-06-22 15:15:00,21.87,415.89,35.72,0.856,0,0.0,4.0
2026-06-22 15:20:00,22.27,417.5,36.23,0.929,0,0.0,4.0
2026-06-22 15:25:00,10.26,414.47,16.82,0.897,0,0.0,4.0
2026-06-22 15:30:00,21.12,413.65,34.69,0.93,0,0.0,4.0
2026-06-22 15:35:00,26.62,415.07,43.57,0.929,0,0.0,4.0
2026-06-22 15:40:00,18.17,414.33,29.79,0.828,0,0.0,4.0
2026-06-22 15:45:00,21.16,411.27,34.95,0.935,0,0.0,4.0
2026-06-22 15:50:00,16.7,412.49,27.5,0.826,0,0.0,4.0
2026-06-22 15:55:00,21.88,416.77,35.66,0.931,0,0.0,4.0
2026-06-22 16:00:00,18.61,414.05,30.52,0.886,0,0.0,4.0
2026-06-22 16:05:00,14.62,415.06,23.92,0.884,0,0.0,4.0
2026-06-22 16:10:00,25.62,415.59,41.87,0.906,0,0.0,4.0
2026-06-22 16:15:00,23.25,415.78,37.99,0.926,0,0.0,4.0
2026-06-22 16:20:00,15.25,417.87,24.8,0.894,0,0.0,4.0
2026-06-22 16:25:00,20.45,412.25,33.7,0.871,0,0.0,4.0
2026-06-22 16:30:00,20.35,416.43,33.2,0.833,0,0.0,4.0
2026-06-22 16:35:00,20.59,416.89,33.55,0.915,0,0.0,4.0
2026-06-22 16:40:00,10.0,417.46,16.27,0.835,0,0.0,4.0
2026-06-22 16:45:00,21.89,411.47,36.14,0.907,0,0.0,4.0
2026-06-22 16:50:00,13.77,415.64,22.51,0.883,0,0.0,4.0
2026-06-22 16:55:00,14.61,419.29,23.67,0.866,0,0.0,4.0
2026-06-22 17:00:00,29.38,414.75,48.12,0.894,0,0.0,4.0
2026-06-22 17:05:00,17.51,416.21,28.58,0.913,0,0.0,4.0
2026-06-22 17:10:00,13.9,416.95,22.64,0.933,0,0.0,4.0
2026-06-22 17:15:00,10.0,412.44,16.47,0.852,0,0.0,4.0
2026-06-22 17:20:00,22.48,419.58,36.39,0.934,0,0.0,4.0
2026-06-22 17:25:00,10.0,416.25,16.32,0.935,0,0.0,4.0
2026-06-22 17:30:00,10.28,416.3,16.78,0.918,0,0.0,4.0
2026-06-22 17:35:00,13.55,410.84,22.4,0.926,0,0.0,4.0
2026-06-22 17:40:00,22.22,416.99,36.19,0.903,0,0.0,4.0
2026-06-22 17:45:00,18.94,416.27,30.91,0.825,0,0.0,4.0
2026-06-22 17:50:00,14.24,419.06,23.09,0.889,0,0.0,4.0
2026-06-22 17:55:00,16.55,414.22,27.14,0.91,0,0.0,4.0
2026-06-22 18:00:00,12.0,412.53,19.76,0.933,0,0.0,4.0
2026-06-22 18:05:00,15.71,413.29,25.81,0.888,0,0.0,4.0
2026-06-22 18:10:00,15.4,413.74,25.28,0.915,0,0.0,4.0
2026-06-22 18:15:00,19.92,412.2,32.82,0.905,0,0.0,4.0
2026-06-22 18:20:00,19.97,418.23,32.43,0.854,0,0.0,4.0
2026-06-22 18:25:00,17.68,418.32,28.7,0.839,0,0.0,4.0
2026-06-22 18:30:00,13.49,414.51,22.1,0.91,0,0.0,4.0
2026-06-22 18:35:00,19.12,414.02,31.36,0.848,0,0.0,4.0
2026-06-22 18:40:00,15.07,410.46,24.94,0.849,0,0.0,4.0
2026-06-22 18:45:00,10.26,416.74,16.73,0.897,0,0.0,4.0
2026-06-22 18:50:00,13.81,419.13,22.39,0.915,0,0.0,4.0
2026-06-22 18:55:00,16.43,413.41,26.99,0.89,0,0.0,4.0
2026-06-22 19:00:00,20.74,414.71,33.98,0.926,0,0.0,4.0
2026-06-22 19:05:00,15.48,416.09,25.27,0.845,0,0.0,4.0
2026-06-22 19:10:00,10.57,419.31,17.13,0.85,0,0.0,4.83
2026-06-22 19:15:00,17.14,415.5,28.02,0.896,0,0.0,4.0
2026-06-22 19:20:00,17.68,415.49,28.9,0.92,0,0.0,4.0
2026-06-22 19:25:00,18.31,415.45,29.93,0.885,0,0.0,4.0
2026-06-22 19:30:00,22.26,411.44,36.76,0.821,0,0.0,4.0
2026-06-22 19:35:00,23.06,411.38,38.07,0.901,0,0.0,4.0
2026-06-22 19:40:00,15.31,412.98,25.18,0.918,0,0.0,4.2
2026-06-22 19:45:00,15.53,417.53,25.26,0.853,0,0.0,4.0
2026-06-22 19:50:00,13.75,414.16,22.56,0.827,0,0.0,4.0
2026-06-22 19:55:00,22.81,413.68,37.45,0.882,0,0.0,4.82
2026-06-22 20:00:00,26.93,413.63,44.23,0.825,0,0.0,4.0
2026-06-22 20:05:00,18.5,414.66,30.31,0.87,0,0.0,4.0
2026-06-22 20:10:00,19.27,419.26,31.23,0.822,0,0.0,4.0
2026-06-22 20:15:00,28.23,414.62,46.25,0.847,0,0.0,4.0
2026-06-22 20:20:00,23.86,413.03,39.23,0.867,0,0.0,4.0
2026-06-22 20:25:00,23.96,415.06,39.2,0.833,0,0.0,4.12
2026-06-22 20:30:00,16.28,419.39,26.36,0.834,0,0.0,4.0
2026-06-22 20:35:00,26.1,413.74,42.85,0.919,0,0.0,4.0
2026-06-22 20:40:00,18.54,412.05,30.57,0.825,0,0.0,4.0
2026-06-22 20:45:00,18.02,413.75,29.58,0.903,0,0.0,4.0
2026-06-22 20:50:00,22.46,415.32,36.74,0.918,0,0.0,4.0
2026-06-22 20:55:00,21.79,416.72,35.51,0.836,0,0.0,4.0
2026-06-22 21:00:00,24.14,417.52,39.28,0.843,0,0.0,4.0
2026-06-22 21:05:00,18.59,412.39,30.62,0.897,0,0.0,6.42
2026-06-22 21:10:00,31.15,412.62,51.28,0.858,1,24.28,8.96
2026-06-22 21:15:00,32.56,414.19,53.4,0.877,1,14.36,4.1
2026-06-22 21:20:00,17.77,416.71,28.96,0.92,0,0.0,4.0
2026-06-22 21:25:00,32.98,411.85,54.4,0.837,1,12.31,4.0
2026-06-22 21:30:00,24.64,413.48,40.48,0.894,0,0.0,4.0
2026-06-22 21:35:00,33.59,413.52,55.17,0.933,1,6.47,4.0
2026-06-22 21:40:00,29.58,417.35,48.15,0.827,0,0.0,4.0
2026-06-22 21:45:00,30.7,416.32,50.09,0.827,1,18.77,7.02
2026-06-22 21:50:00,30.27,417.26,49.27,0.887,1,24.54,6.11
2026-06-22 21:55:00,37.9,418.35,61.54,0.935,1,15.43,4.95
2026-06-22 22:00:00,26.3,414.24,43.13,0.846,0,0.0,4.0
2026-06-22 22:05:00,36.2,412.03,59.69,0.86,1,22.92,8.92
2026-06-22 22:10:00,39.35,412.05,64.86,0.832,1,15.86,9.95
2026-06-22 22:15:00,38.1,410.4,63.06,0.863,1,8.34,6.65
2026-06-22 22:20:00,46.83,413.85,76.86,0.825,1,21.96,11.07
2026-06-22 22:25:00,33.26,414.04,54.56,0.867,1,16.48,10.23
2026-06-22 22:30:00,41.39,416.97,67.43,0.887,1,20.17,9.83
2026-06-22 22:35:00,36.78,415.04,60.2,0.937,1,18.17,5.09
2026-06-22 22:40:00,44.2,413.77,72.55,0.918,1,6.22,9.47
2026-06-22 22:45:00,38.71,414.71,63.41,0.919,1,8.38,9.13
2026-06-22 22:50:00,37.54,412.4,61.82,0.847,1,10.72,11.17
2026-06-22 22:55:00,46.74,417.56,76.03,0.83,1,10.69,10.3
2026-06-22 23:00:00,38.48,413.04,63.29,0.892,1,21.78,10.56
2026-06-22 23:05:00,34.62,412.15,57.05,0.883,1,16.96,8.5
2026-06-22 23:10:00,39.84,417.04,64.89,0.882,1,6.67,4.37
2026-06-22 23:15:00,46.27,416.44,75.47,0.833,1,12.74,10.88
2026-06-22 23:20:00,50.88,410.69,84.16,0.879,1,16.13,10.24
2026-06-22 23:25:00,45.23,417.14,73.65,0.838,1,10.03,13.26
2026-06-22 23:30:00,52.02,413.15,85.53,0.871,1,5.8,6.33
2026-06-22 23:35:00,39.4,414.06,64.63,0.827,1,12.61,5.11
2026-06-22 23:40:00,44.73,415.47,73.14,0.923,1,14.22,10.44
2026-06-22 23:45:00,46.27,416.47,75.46,0.822,1,23.1,12.97
2026-06-22 23:50:00,47.9,416.11,78.19,0.933,1,23.17,9.5
2026-06-22 23:55:00,49.66,414.88,81.3,0.924,1,15.01,9.42
2026-06-23 00:00:00,53.45,413.94,87.72,0.91,1,14.43,10.82
2026-06-23 00:05:00,48.54,416.03,79.25,0.938,1,17.81,8.51
2026-06-23 00:10:00,52.22,414.7,85.54,0.826,1,10.16,12.19
2026-06-23 00:15:00,52.06,419.51,84.3,0.897,1,10.71,8.79
2026-06-23 00:20:00,48.42,416.47,78.97,0.922,1,5.05,10.59
2026-06-23 00:25:00,53.24,412.69,87.63,0.835,1,6.56,6.86
2026-06-23 00:30:00,53.85,413.81,88.39,0.89,1,8.57,14.09
2026-06-23 00:35:00,54.5,415.12,89.18,0.867,1,17.81,5.8
2026-06-23 00:40:00,56.24,418.25,91.33,0.872,1,9.25,8.13
2026-06-23 00:45:00,57.21,418.53,92.84,0.93,1,7.48,15.88
2026-06-23 00:50:00,55.41,414.01,90.92,0.885,1,17.33,11.07
2026-06-23 00:55:00,64.68,412.67,106.47,0.831,1,18.04,11.02
2026-06-23 01:00:00,53.21,412.35,87.65,0.932,1,6.19,6.94
2026-06-23 01:05:00,56.19,415.63,91.83,0.842,1,20.46,10.13
2026-06-23 01:10:00,74.42,420.76,120.15,0.927,1,17.12,14.92
2026-06-23 01:15:00,56.06,416.35,91.46,0.937,1,12.94,11.86
2026-06-23 01:20:00,55.2,411.02,91.23,0.925,1,24.66,11.91
2026-06-23 01:25:00,66.36,413.18,109.09,0.901,1,5.2,8.08
2026-06-23 01:30:00,53.01,413.44,87.09,0.909,1,15.9,10.66
2026-06-23 01:35:00,62.92,412.94,103.5,0.904,1,8.19,12.52
2026-06-23 01:40:00,75.52,414.03,123.9,0.875,1,11.59,14.98
2026-06-23 01:45:00,57.76,415.92,94.32,0.853,1,7.66,10.85
2026-06-23 01:50:00,56.25,416.7,91.69,0.854,1,18.36,8.2
2026-06-23 01:55:00,59.34,417.73,96.49,0.908,1,13.03,9.2
2026-06-23 02:00:00,71.99,416.31,117.46,0.895,1,24.73,17.0
2026-06-23 02:05:00,73.78,410.11,122.2,0.89,1,18.08,12.39
2026-06-23 02:10:00,66.24,412.36,109.12,0.898,1,23.35,11.42
2026-06-23 02:15:00,72.86,414.6,119.37,0.913,1,9.82,12.92
2026-06-23 02:20:00,77.03,415.37,125.96,0.91,1,11.38,11.62
2026-06-23 02:25:00,79.63,417.15,129.67,0.833,1,12.25,16.41
2026-06-23 02:30:00,70.07,415.11,114.67,0.864,1,21.77,10.77
2026-06-23 02:35:00,60.4,415.13,98.83,0.852,1,9.23,13.84
2026-06-23 02:40:00,68.39,415.59,111.78,0.885,1,23.93,10.4
2026-06-23 02:45:00,70.94,414.36,116.3,0.827,1,5.87,12.42
2026-06-23 02:50:00,72.35,415.22,118.36,0.911,1,22.8,14.96
2026-06-23 02:55:00,73.26,417.81,119.11,0.833,1,14.03,15.72
2026-06-23 03:00:00,80.34,414.79,131.57,0.853,1,15.52,14.72
2026-06-23 03:05:00,81.65,414.92,133.67,0.914,1,24.95,14.32
2026-06-23 03:10:00,74.95,414.92,122.69,0.826,1,22.4,17.89
2026-06-23 03:15:00,81.81,418.24,132.86,0.899,1,23.08,16.3
2026-06-23 03:20:00,78.6,412.23,129.51,0.931,1,16.71,14.59
2026-06-23 03:25:00,77.62,419.44,125.7,0.894,1,24.13,10.98
2026-06-23 03:30:00,82.3,412.06,135.67,0.906,1,18.76,16.19
2026-06-23 03:35:00,78.59,413.36,129.14,0.915,1,21.39,15.2
2026-06-23 03:40:00,88.96,416.86,144.95,0.847,1,19.42,13.85
2026-06-23 03:45:00,71.91,417.58,116.97,0.89,1,20.62,12.17
2026-06-23 03:50:00,76.94,411.49,127.01,0.857,1,17.76,14.95
2026-06-23 03:55:00,79.29,412.27,130.64,0.85,1,19.53,16.33
2026-06-23 04:00:00,82.51,415.69,134.82,0.843,1,13.72,13.18
2026-06-23 04:05:00,87.03,420.86,140.46,0.89,1,19.14,14.29
2026-06-23 04:10:00,80.92,418.12,131.47,0.915,1,10.54,15.36
2026-06-23 04:15:00,74.28,414.38,121.76,0.925,1,17.7,12.31
2026-06-23 04:20:00,85.93,408.95,142.73,0.871,1,15.48,15.78
2026-06-23 04:25:00,85.81,415.2,140.38,0.865,1,22.97,20.7
2026-06-23 04:30:00,72.63,415.91,118.61,0.902,1,18.46,13.9
2026-06-23 04:35:00,82.6,414.04,135.51,0.914,1,16.93,18.08
2026-06-23 04:40:00,74.94,412.87,123.29,0.85,1,11.26,11.17
2026-06-23 04:45:00,79.82,415.4,130.52,0.856,1,22.26,13.71
2026-06-23 04:50:00,78.87,412.64,129.82,0.884,1,6.08,12.68
2026-06-23 04:55:00,87.65,419.68,141.86,0.873,1,23.0,14.38
2026-06-23 05:00:00,84.39,418.79,136.88,0.905,1,18.06,12.01
2026-06-23 05:05:00,77.57,416.64,126.46,0.881,1,8.79,14.85
2026-06-23 05:10:00,88.57,415.22,144.89,0.833,1,23.06,17.99
2026-06-23 05:15:00,77.16,413.35,126.79,0.84,1,11.53,12.28
2026-06-23 05:20:00,86.12,414.95,140.97,0.928,1,8.37,14.2
2026-06-23 05:25:00,80.52,419.1,130.51,0.847,1,11.38,15.24
2026-06-23 05:30:00,82.87,417.17,134.94,0.826,1,24.22,16.18
2026-06-23 05:35:00,87.31,415.51,142.74,0.908,1,20.06,19.11
2026-06-23 05:40:00,87.47,417.31,142.38,0.902,1,23.34,19.53
2026-06-23 05:45:00,91.61,416.36,149.45,0.892,1,10.98,15.49
2026-06-23 05:50:00,84.56,415.99,138.07,0.88,1,6.65,15.4
2026-06-23 05:55:00,86.52,417.45,140.79,0.936,1,16.26,14.08
2026-06-23 06:00:00,82.81,416.29,135.12,0.834,1,14.66,19.11
2026-06-23 06:05:00,85.9,417.15,139.88,0.881,1,19.41,17.05
2026-06-23 06:10:00,87.16,415.4,142.53,0.888,1,15.85,18.78
2026-06-23 06:15:00,84.43,414.36,138.41,0.823,1,12.93,15.01
2026-06-23 06:20:00,75.85,413.63,124.56,0.869,1,5.09,16.27
2026-06-23 06:25:00,86.45,413.33,142.07,0.914,1,14.35,18.0
2026-06-23 06:30:00,86.52,410.99,143.0,0.877,1,7.41,18.9
2026-06-23 06:35:00,81.19,412.72,133.63,0.925,1,23.44,12.68
2026-06-23 06:40:00,78.05,412.65,128.47,0.897,1,23.43,15.39
2026-06-23 06:45:00,91.71,413.73,150.56,0.912,1,21.07,20.1
2026-06-23 06:50:00,86.63,418.91,140.47,0.917,1,8.16,13.84
2026-06-23 06:55:00,82.85,414.61,135.74,0.903,1,7.95,16.52
2026-06-23 07:00:00,78.12,415.6,127.68,0.91,1,16.27,16.2
2026-06-23 07:05:00,79.49,415.68,129.9,0.903,1,19.55,16.91
2026-06-23 07:10:00,89.89,418.97,145.74,0.886,1,23.09,18.11
2026-06-23 07:15:00,83.83,413.56,137.69,0.888,1,22.88,17.66
2026-06-23 07:20:00,80.14,414.44,131.34,0.843,1,8.11,15.83
2026-06-23 07:25:00,85.17,414.73,139.49,0.919,1,24.91,19.31
2026-06-23 07:30:00,78.26,417.84,127.23,0.857,1,8.14,12.84
2026-06-23 07:35:00,89.54,418.36,145.38,0.884,1,21.8,17.99
2026-06-23 07:40:00,88.48,416.19,144.42,0.85,1,16.74,19.58
2026-06-23 07:45:00,79.06,418.08,128.44,0.904,1,18.57,13.35
2026-06-23 07:50:00,77.9,415.44,127.37,0.937,1,17.08,13.28
2026-06-23 07:55:00,67.59,414.57,110.75,0.916,1,22.39,14.5
2026-06-23 08:00:00,72.9,417.95,118.48,0.894,1,17.74,17.2
2026-06-23 08:05:00,73.22,416.22,119.5,0.888,1,21.97,13.97
2026-06-23 08:10:00,80.19,413.16,131.84,0.879,1,8.09,15.06
2026-06-23 08:15:00,77.47,417.49,126.04,0.845,1,22.33,15.9
2026-06-23 08:20:00,71.94,414.48,117.9,0.862,1,24.86,13.07
2026-06-23 08:25:00,76.82,414.17,125.99,0.869,1,18.23,19.81
2026-06-23 08:30:00,80.29,417.23,130.72,0.933,1,24.53,13.54
2026-06-23 08:35:00,79.94,414.78,130.9,0.871,1,9.4,15.07
2026-06-23 08:40:00,67.31,415.97,109.92,0.89,1,21.59,13.44
2026-06-23 08:45:00,75.67,416.65,123.37,0.931,1,8.38,8.99
2026-06-23 08:50:00,68.89,413.04,113.29,0.882,1,15.32,11.22
2026-06-23 08:55:00,79.79,415.96,130.3,0.85,1,18.28,12.15
2026-06-23 09:00:00,78.67,418.37,127.72,0.866,1,18.21,16.73
2026-06-23 09:05:00,69.71,412.61,114.76,0.865,1,18.42,9.56
2026-06-23 09:10:00,69.82,416.12,113.96,0.906,1,11.42,15.31
2026-06-23 09:15:00,70.77,412.93,116.42,0.856,1,24.47,11.24
2026-06-23 09:20:00,61.23,417.55,99.61,0.908,1,5.13,13.5
2026-06-23 09:25:00,73.59,417.53,119.71,0.927,1,17.42,10.89
2026-06-23 09:30:00,69.94,414.11,114.72,0.86,1,22.32,14.69
2026-06-23 09:35:00,75.55,420.52,122.03,0.836,1,22.82,16.9
2026-06-23 09:40:00,64.58,417.77,105.01,0.897,1,19.4,13.92
2026-06-23 09:45:00,66.35,416.77,108.14,0.863,1,16.5,9.95
2026-06-23 09:50:00,61.27,416.63,99.9,0.884,1,14.15,14.35
2026-06-23 09:55:00,63.14,417.46,102.73,0.896,1,13.99,13.32
2026-06-23 10:00:00,61.59,412.51,101.42,0.869,1,13.5,6.31
2026-06-23 10:05:00,71.81,415.49,117.41,0.931,1,19.0,14.13
2026-06-23 10:10:00,62.67,415.96,102.34,0.868,1,19.62,18.81
2026-06-23 10:15:00,66.1,414.0,108.45,0.857,1,15.3,15.24
2026-06-23 10:20:00,62.89,416.16,102.64,0.926,1,19.82,11.16
2026-06-23 10:25:00,57.75,418.08,93.82,0.836,1,15.57,12.43
2026-06-23 10:30:00,62.55,413.95,102.64,0.835,1,6.95,10.7
2026-06-23 10:35:00,65.68,414.86,107.54,0.932,1,22.03,15.27
2026-06-23 10:40:00,55.93,412.95,92.0,0.845,1,22.41,9.31
2026-06-23 10:45:00,65.3,410.53,108.04,0.838,1,10.33,15.06
2026-06-23 10:50:00,56.28,416.95,91.68,0.884,1,20.73,13.29
2026-06-23 10:55:00,57.38,414.94,93.93,0.826,1,15.22,12.57
2026-06-23 11:00:00,61.71,415.12,100.98,0.894,1,7.48,16.27
2026-06-23 11:05:00,55.0,412.53,90.56,0.874,1,12.96,12.87
2026-06-23 11:10:00,57.76,414.54,94.65,0.897,1,6.53,13.08
2026-06-23 11:15:00,55.25,417.74,89.85,0.854,1,20.73,13.58
2026-06-23 11:20:00,56.72,415.0,92.84,0.929,1,8.92,12.31
2026-06-23 11:25:00,43.42,415.07,71.06,0.852,1,8.29,9.3
2026-06-23 11:30:00,45.42,415.52,74.25,0.897,1,9.17,7.07
2026-06-23 11:35:00,56.89,411.91,93.81,0.933,1,9.52,9.18
2026-06-23 11:40:00,58.24,416.56,94.96,0.868,1,18.48,12.4
2026-06-23 11:45:00,47.74,411.86,78.73,0.839,1,17.77,10.89
2026-06-23 11:50:00,50.31,412.65,82.81,0.828,1,7.59,9.48
2026-06-23 11:55:00,52.24,412.38,86.04,0.936,1,19.49,9.26
2026-06-23 12:00:00,53.47,414.56,87.6,0.912,1,11.98,9.91
2026-06-23 12:05:00,39.1,414.12,64.13,0.93,1,14.15,7.62
2026-06-23 12:10:00,44.04,415.0,72.09,0.904,1,7.5,8.94
2026-06-23 12:15:00,46.05,412.74,75.78,0.861,1,19.17,8.73
2026-06-23 12:20:00,50.47,417.51,82.1,0.835,1,12.52,12.4
2026-06-23 12:25:00,58.68,417.09,95.57,0.932,1,17.64,11.19
2026-06-23 12:30:00,44.29,414.57,72.57,0.879,1,13.54,7.16
2026-06-23 12:35:00,37.64,413.8,61.79,0.868,1,5.98,6.89
2026-06-23 12:40:00,45.93,413.55,75.45,0.889,1,19.07,6.68
2026-06-23 12:45:00,49.78,414.22,81.63,0.833,1,16.05,14.41
2026-06-23 12:50:00,42.96,411.5,70.92,0.857,1,13.68,9.93
2026-06-23 12:55:00,37.15,412.6,61.16,0.897,1,9.03,7.11
2026-06-23 13:00:00,45.73,417.15,74.47,0.832,1,17.49,12.38
2026-06-23 13:05:00,43.52,415.75,71.11,0.836,1,10.5,7.89
2026-06-23 13:10:00,34.34,419.09,55.67,0.881,1,13.58,6.78
2026-06-23 13:15:00,40.66,414.25,66.67,0.895,1,6.13,6.0
2026-06-23 13:20:00,43.02,414.1,70.56,0.842,1,20.53,6.6
2026-06-23 13:25:00,43.22,413.98,70.92,0.824,1,6.8,8.61
2026-06-23 13:30:00,36.27,414.2,59.49,0.935,1,22.82,10.13
2026-06-23 13:35:00,34.11,413.35,56.06,0.823,1,22.35,5.23
2026-06-23 13:40:00,41.34,415.68,67.56,0.82,1,24.42,8.11
2026-06-23 13:45:00,28.47,415.07,46.59,0.859,0,0.0,4.0
2026-06-23 13:50:00,36.03,413.73,59.16,0.847,1,24.43,9.49
2026-06-23 13:55:00,26.32,418.13,42.75,0.889,0,0.0,4.0
2026-06-23 14:00:00,37.83,419.74,61.21,0.927,1,7.25,8.91
2026-06-23 14:05:00,30.55,417.92,49.66,0.878,1,13.75,7.84
2026-06-23 14:10:00,37.54,416.4,61.23,0.913,1,6.52,5.55
2026-06-23 14:15:00,33.01,416.9,53.79,0.929,1,15.91,6.06
2026-06-23 14:20:00,23.81,419.64,38.54,0.843,0,0.0,4.0
2026-06-23 14:25:00,36.43,416.9,59.35,0.879,1,23.44,6.72
2026-06-23 14:30:00,36.45,413.54,59.87,0.897,1,24.39,5.71
2026-06-23 14:35:00,32.5,415.98,53.08,0.86,1,10.19,9.78
2026-06-23 14:40:00,23.69,416.57,38.64,0.909,0,0.0,4.0
2026-06-23 14:45:00,25.39,412.51,41.81,0.905,0,0.0,4.0
2026-06-23 14:50:00,27.08,414.29,44.4,0.871,0,0.0,4.0
2026-06-23 14:55:00,22.28,417.75,36.22,0.831,0,0.0,4.0
2026-06-23 15:00:00,33.71,410.44,55.79,0.821,1,23.28,7.29
2026-06-23 15:05:00,25.44,411.87,41.95,0.864,0,0.0,4.0
2026-06-23 15:10:00,10.68,414.56,17.5,0.83,0,0.0,4.0
2026-06-23 15:15:00,25.38,415.88,41.46,0.914,0,0.0,4.0
2026-06-23 15:20:00,21.45,411.61,35.39,0.86,0,0.0,4.0
2026-06-23 15:25:00,22.33,414.68,36.58,0.9,0,0.0,4.0
2026-06-23 15:30:00,20.39,417.88,33.14,0.862,0,0.0,4.0
2026-06-23 15:35:00,25.81,415.17,42.23,0.916,0,0.0,4.12
2026-06-23 15:40:00,26.93,417.35,43.83,0.927,0,0.0,4.0
2026-06-23 15:45:00,22.31,413.52,36.65,0.921,0,0.0,4.0
2026-06-23 15:50:00,18.78,412.98,30.9,0.878,0,0.0,4.0
2026-06-23 15:55:00,19.87,417.12,32.36,0.83,0,0.0,4.0
2026-06-23 16:00:00,19.79,415.92,32.31,0.865,0,0.0,4.0
2026-06-23 16:05:00,15.3,412.04,25.23,0.871,0,0.0,4.0
2026-06-23 16:10:00,21.85,413.0,35.94,0.935,0,0.0,4.0
2026-06-23 16:15:00,20.91,418.91,33.9,0.888,0,0.0,4.0
2026-06-23 16:20:00,25.98,412.69,42.76,0.897,0,0.0,4.0
2026-06-23 16:25:00,24.24,417.34,39.45,0.914,0,0.0,4.0
2026-06-23 16:30:00,14.24,413.8,23.37,0.888,0,0.0,4.0
2026-06-23 16:35:00,21.48,414.99,35.16,0.892,0,0.0,4.0
2026-06-23 16:40:00,12.36,415.74,20.19,0.849,0,0.0,4.0
2026-06-23 16:45:00,20.34,409.75,33.71,0.827,0,0.0,4.0
2026-06-23 16:50:00,14.04,411.34,23.18,0.907,0,0.0,4.0
2026-06-23 16:55:00,11.28,415.22,18.46,0.922,0,0.0,4.0
2026-06-23 17:00:00,17.59,413.19,28.92,0.869,0,0.0,4.0
2026-06-23 17:05:00,10.0,417.49,16.27,0.886,0,0.0,4.0
2026-06-23 17:10:00,10.0,410.98,16.53,0.857,0,0.0,4.0
2026-06-23 17:15:00,14.79,416.41,24.12,0.874,0,0.0,4.0
2026-06-23 17:20:00,15.94,411.56,26.31,0.845,0,0.0,4.0
2026-06-23 17:25:00,13.56,414.12,22.24,0.911,0,0.0,4.0
2026-06-23 17:30:00,10.0,412.34,16.47,0.879,0,0.0,4.0
2026-06-23 17:35:00,11.12,419.76,17.99,0.886,0,0.0,4.0
2026-06-23 17:40:00,17.09,411.65,28.2,0.824,0,0.0,4.0
2026-06-23 17:45:00,17.98,414.69,29.46,0.895,0,0.0,4.0
2026-06-23 17:50:00,14.95,410.68,24.73,0.844,0,0.0,4.0
2026-06-23 17:55:00,20.79,419.0,33.71,0.866,0,0.0,4.0
2026-06-23 18:00:00,16.99,416.0,27.74,0.87,0,0.0,4.0
2026-06-23 18:05:00,11.27,415.34,18.43,0.874,0,0.0,4.0
2026-06-23 18:10:00,13.63,418.69,22.11,0.847,0,0.0,4.0
2026-06-23 18:15:00,10.0,415.37,16.35,0.922,0,0.0,4.0
2026-06-23 18:20:00,14.59,415.55,23.85,0.871,0,0.0,4.09
2026-06-23 18:25:00,20.77,415.33,33.97,0.893,0,0.0,4.0
2026-06-23 18:30:00,18.73,416.41,30.55,0.894,0,0.0,4.0
2026-06-23 18:35:00,22.42,413.77,36.8,0.893,0,0.0,4.0
2026-06-23 18:40:00,14.02,414.46,22.97,0.887,0,0.0,4.0
2026-06-23 18:45:00,22.4,417.03,36.49,0.919,0,0.0,4.0
2026-06-23 18:50:00,14.86,415.69,24.29,0.918,0,0.0,4.0
2026-06-23 18:55:00,23.36,414.71,38.26,0.87,0,0.0,4.0
2026-06-23 19:00:00,16.08,411.5,26.55,0.896,0,0.0,4.0
2026-06-23 19:05:00,19.93,418.75,32.34,0.832,0,0.0,4.0
2026-06-23 19:10:00,24.0,413.35,39.43,0.831,0,0.0,4.0
2026-06-23 19:15:00,15.89,417.47,25.85,0.878,0,0.0,4.0
2026-06-23 19:20:00,18.2,415.44,29.76,0.928,0,0.0,4.0
2026-06-23 19:25:00,23.82,411.77,39.3,0.898,0,0.0,4.0
2026-06-23 19:30:00,17.0,418.13,27.62,0.9,0,0.0,4.0
2026-06-23 19:35:00,11.36,415.64,18.56,0.839,0,0.0,4.0
2026-06-23 19:40:00,28.99,418.34,47.08,0.874,0,0.0,4.0
2026-06-23 19:45:00,16.26,414.54,26.64,0.868,0,0.0,4.0
2026-06-23 19:50:00,19.75,416.76,32.19,0.914,0,0.0,4.0
2026-06-23 19:55:00,25.09,410.59,41.51,0.837,0,0.0,4.0
2026-06-23 20:00:00,16.65,413.75,27.33,0.885,0,0.0,4.0
2026-06-23 20:05:00,15.04,411.82,24.81,0.929,0,0.0,4.0
2026-06-23 20:10:00,21.75,414.06,35.68,0.927,0,0.0,4.96
2026-06-23 20:15:00,11.93,416.18,19.48,0.922,0,0.0,4.0
2026-06-23 20:20:00,19.89,413.49,32.67,0.865,0,0.0,4.0
2026-06-23 20:25:00,23.0,417.16,37.45,0.933,0,0.0,4.0
2026-06-23 20:30:00,20.88,412.86,34.36,0.917,0,0.0,4.0
2026-06-23 20:35:00,14.99,417.21,24.4,0.922,0,0.0,4.0
2026-06-23 20:40:00,31.16,418.27,50.6,0.932,1,15.62,4.45
2026-06-23 20:45:00,24.2,417.53,39.37,0.932,0,0.0,4.0
2026-06-23 20:50:00,31.35,414.14,51.42,0.849,1,12.13,4.0
2026-06-23 20:55:00,23.42,409.69,38.83,0.835,0,0.0,4.0
2026-06-23 21:00:00,20.85,416.46,34.01,0.903,0,0.0,4.0
2026-06-23 21:05:00,27.14,414.69,44.46,0.888,0,0.0,4.0
2026-06-23 21:10:00,25.28,412.55,41.62,0.859,0,0.0,4.0
2026-06-23 21:15:00,21.03,413.61,34.54,0.902,0,0.0,4.0
2026-06-23 21:20:00,34.85,418.59,56.55,0.827,1,19.33,5.18
2026-06-23 21:25:00,24.98,412.16,41.17,0.826,0,0.0,4.0
2026-06-23 21:30:00,19.49,416.17,31.81,0.863,0,0.0,4.0
2026-06-23 21:35:00,35.94,415.54,58.76,0.843,1,7.15,13.11
2026-06-23 21:40:00,27.4,414.11,44.95,0.906,0,0.0,4.0
2026-06-23 21:45:00,27.52,416.61,44.86,0.934,0,0.0,4.0
2026-06-23 21:50:00,22.37,419.08,36.25,0.899,0,0.0,4.0
2026-06-23 21:55:00,40.55,414.26,66.49,0.899,1,8.57,9.01
2026-06-23 22:00:00,26.05,414.39,42.7,0.821,0,0.0,4.0
2026-06-23 22:05:00,33.46,416.56,54.56,0.881,1,11.95,9.75
2026-06-23 22:10:00,38.4,417.3,62.51,0.918,1,15.16,4.0
2026-06-23 22:15:00,36.63,414.68,60.0,0.898,1,24.17,4.76
2026-06-23 22:20:00,34.91,414.24,57.24,0.847,1,20.17,6.67
2026-06-23 22:25:00,27.4,409.46,45.45,0.922,0,0.0,4.0
2026-06-23 22:30:00,32.56,413.05,53.54,0.936,1,7.48,6.29
2026-06-23 22:35:00,38.25,412.15,63.04,0.853,1,11.5,5.88
2026-06-23 22:40:00,34.09,416.71,55.57,0.845,1,7.12,5.67
2026-06-23 22:45:00,39.77,414.39,65.18,0.861,1,24.37,7.95
2026-06-23 22:50:00,42.88,414.29,70.31,0.828,1,18.64,8.14
2026-06-23 22:55:00,45.02,414.98,73.69,0.925,1,5.38,8.72
2026-06-23 23:00:00,34.81,412.82,57.28,0.932,1,14.51,9.06
2026-06-23 23:05:00,52.66,418.88,85.4,0.896,1,10.27,8.25
2026-06-23 23:10:00,46.26,418.25,75.13,0.912,1,15.8,12.23
2026-06-23 23:15:00,43.16,419.05,69.97,0.9,1,8.57,8.31
2026-06-23 23:20:00,49.37,416.71,80.48,0.865,1,6.14,12.11
2026-06-23 23:25:00,56.5,414.93,92.5,0.896,1,11.46,9.95
2026-06-23 23:30:00,38.24,419.04,61.98,0.92,1,10.91,5.43
2026-06-23 23:35:00,45.06,413.3,74.06,0.917,1,19.34,9.26
2026-06-23 23:40:00,35.06,412.82,57.68,0.83,1,14.49,12.96
2026-06-23 23:45:00,48.67,413.5,79.96,0.876,1,10.83,6.15
2026-06-23 23:50:00,50.3,416.31,82.07,0.868,1,16.41,11.44
2026-06-23 23:55:00,49.04,413.09,80.64,0.91,1,6.43,9.56
2026-06-24 00:00:00,46.73,414.61,76.55,0.88,1,18.25,10.26
2026-06-24 00:05:00,40.52,411.0,66.96,0.862,1,7.95,4.9
2026-06-24 00:10:00,53.39,416.2,87.14,0.905,1,10.59,11.2
2026-06-24 00:15:00,59.57,411.21,98.39,0.877,1,10.64,11.94
2026-06-24 00:20:00,50.1,412.67,82.46,0.851,1,14.32,6.31
2026-06-24 00:25:00,56.01,418.04,91.01,0.927,1,24.06,11.59
2026-06-24 00:30:00,46.73,417.95,75.94,0.834,1,11.49,8.42
2026-06-24 00:35:00,57.61,415.94,94.08,0.822,1,10.63,10.08
2026-06-24 00:40:00,54.11,415.69,88.42,0.837,1,8.38,10.05
2026-06-24 00:45:00,53.02,413.67,87.05,0.84,1,12.84,12.7
2026-06-24 00:50:00,53.77,413.07,88.43,0.885,1,8.64,11.17
2026-06-24 00:55:00,56.35,414.09,92.43,0.895,1,7.76,8.12
2026-06-24 01:00:00,60.97,411.22,100.71,0.874,1,22.15,13.23
2026-06-24 01:05:00,53.23,415.63,87.0,0.845,1,6.05,9.78
2026-06-24 01:10:00,58.54,415.12,95.79,0.836,1,19.22,10.07
2026-06-24 01:15:00,61.04,412.67,100.48,0.879,1,9.05,8.58
2026-06-24 01:20:00,56.48,418.92,91.57,0.888,1,5.23,12.29
2026-06-24 01:25:00,71.67,416.52,116.88,0.856,1,20.9,12.63
2026-06-24 01:30:00,59.13,416.73,96.37,0.846,1,19.05,13.69
2026-06-24 01:35:00,60.75,413.78,99.72,0.83,1,11.69,9.03
2026-06-24 01:40:00,59.9,415.0,98.04,0.823,1,6.59,15.72
2026-06-24 01:45:00,74.47,416.57,121.43,0.833,1,12.21,20.1
2026-06-24 01:50:00,68.93,415.38,112.71,0.909,1,8.63,14.09
2026-06-24 01:55:00,62.15,419.0,100.76,0.861,1,23.65,15.36
2026-06-24 02:00:00,73.03,414.49,119.68,0.823,1,15.59,12.88
2026-06-24 02:05:00,69.16,413.74,113.54,0.881,1,24.28,12.39
2026-06-24 02:10:00,70.09,416.59,114.29,0.884,1,12.03,15.98
2026-06-24 02:15:00,67.72,411.84,111.7,0.871,1,16.13,13.35
2026-06-24 02:20:00,66.33,417.31,107.96,0.833,1,8.8,9.21
2026-06-24 02:25:00,72.38,411.75,119.41,0.911,1,21.17,14.27
2026-06-24 02:30:00,68.58,416.6,111.82,0.903,1,5.82,9.81
2026-06-24 02:35:00,80.99,413.38,133.08,0.867,1,18.91,15.1
2026-06-24 02:40:00,66.15,416.19,107.96,0.866,1,12.83,14.97
2026-06-24 02:45:00,80.76,417.27,131.46,0.839,1,16.57,18.74
2026-06-24 02:50:00,73.09,415.38,119.52,0.91,1,16.85,14.64
2026-06-24 02:55:00,75.7,412.0,124.8,0.892,1,19.22,17.68
2026-06-24 03:00:00,78.91,412.76,129.87,0.83,1,9.09,13.6
2026-06-24 03:05:00,72.13,413.18,118.58,0.865,1,15.63,17.69
2026-06-24 03:10:00,80.13,410.26,132.66,0.928,1,13.54,13.43
2026-06-24 03:15:00,62.78,417.82,102.06,0.874,1,10.64,9.96
2026-06-24 03:20:00,73.21,415.28,119.75,0.859,1,14.91,12.86
2026-06-24 03:25:00,72.68,412.16,119.77,0.897,1,24.04,12.56
2026-06-24 03:30:00,71.5,418.64,116.01,0.844,1,23.98,15.26
2026-06-24 03:35:00,77.15,413.25,126.81,0.883,1,10.58,17.31
2026-06-24 03:40:00,80.6,415.63,131.72,0.9,1,22.68,15.68
2026-06-24 03:45:00,82.61,412.94,135.9,0.923,1,22.54,16.72
2026-06-24 03:50:00,80.72,409.95,133.75,0.903,1,9.99,11.84
2026-06-24 03:55:00,76.59,411.59,126.4,0.866,1,16.98,14.86
2026-06-24 04:00:00,82.16,413.88,134.83,0.912,1,22.4,20.0
2026-06-24 04:05:00,81.31,417.25,132.36,0.928,1,15.3,18.66
2026-06-24 04:10:00,85.73,415.87,140.02,0.877,1,12.4,13.52
2026-06-24 04:15:00,85.28,415.35,139.46,0.821,1,18.02,15.24
2026-06-24 04:20:00,81.87,409.97,135.65,0.926,1,8.45,23.03
2026-06-24 04:25:00,77.55,418.18,125.97,0.84,1,8.23,15.34
2026-06-24 04:30:00,79.07,415.56,129.25,0.835,1,21.65,18.82
2026-06-24 04:35:00,79.87,414.7,130.82,0.857,1,5.84,18.35
2026-06-24 04:40:00,81.31,417.83,132.19,0.866,1,21.07,13.11
2026-06-24 04:45:00,84.48,418.12,137.25,0.916,1,10.81,17.42
2026-06-24 04:50:00,86.96,417.89,141.34,0.867,1,14.66,16.82
2026-06-24 04:55:00,83.35,414.38,136.62,0.826,1,15.87,19.82
2026-06-24 05:00:00,83.89,412.49,138.14,0.896,1,20.34,20.65
2026-06-24 05:05:00,84.71,417.47,137.83,0.901,1,22.68,14.46
2026-06-24 05:10:00,81.59,411.59,134.65,0.918,1,21.08,23.69
2026-06-24 05:15:00,79.7,419.87,128.94,0.868,1,16.45,15.56
2026-06-24 05:20:00,75.69,415.07,123.87,0.83,1,11.96,15.68
2026-06-24 05:25:00,81.12,412.35,133.62,0.886,1,15.53,9.25
2026-06-24 05:30:00,87.07,411.92,143.57,0.835,1,5.6,18.28
2026-06-24 05:35:00,81.28,411.81,134.06,0.822,1,9.9,10.15
2026-06-24 05:40:00,83.68,415.35,136.84,0.913,1,12.32,15.35
2026-06-24 05:45:00,87.26,414.98,142.82,0.868,1,11.4,15.0
2026-06-24 05:50:00,87.57,411.91,144.41,0.883,1,6.9,17.18
2026-06-24 05:55:00,79.59,414.11,130.56,0.9,1,6.02,15.04
2026-06-24 06:00:00,89.99,411.58,148.51,0.868,1,13.41,18.22
2026-06-24 06:05:00,90.63,416.47,147.81,0.826,1,6.5,19.52
2026-06-24 06:10:00,79.32,414.86,129.87,0.85,1,10.72,12.49
2026-06-24 06:15:00,80.81,414.05,132.56,0.843,1,14.5,14.8
2026-06-24 06:20:00,90.82,411.78,149.82,0.937,1,9.2,14.86
2026-06-24 06:25:00,84.06,414.25,137.83,0.909,1,6.59,13.33
2026-06-24 06:30:00,73.6,413.96,120.77,0.874,1,13.64,18.39
2026-06-24 06:35:00,77.59,415.79,126.76,0.828,1,13.97,11.73
2026-06-24 06:40:00,83.22,415.42,136.08,0.834,1,23.31,14.25
2026-06-24 06:45:00,78.51,416.98,127.9,0.918,1,7.56,19.58
2026-06-24 06:50:00,82.1,413.79,134.78,0.933,1,17.3,15.35
2026-06-24 06:55:00,84.16,410.35,139.31,0.824,1,11.39,15.57
2026-06-24 07:00:00,91.12,417.48,148.25,0.929,1,7.47,17.7
2026-06-24 07:05:00,82.15,412.66,135.22,0.866,1,12.86,12.65
2026-06-24 07:10:00,88.74,412.23,146.23,0.846,1,13.56,14.52
2026-06-24 07:15:00,90.29,414.89,147.82,0.832,1,12.27,15.44
2026-06-24 07:20:00,90.06,415.76,147.14,0.913,1,20.31,19.63
2026-06-24 07:25:00,84.04,413.67,138.0,0.876,1,21.78,17.77
2026-06-24 07:30:00,72.52,413.65,119.08,0.92,1,7.97,12.0
2026-06-24 07:35:00,84.34,414.02,138.37,0.847,1,8.36,15.29
2026-06-24 07:40:00,86.96,418.54,141.13,0.901,1,13.42,18.13
2026-06-24 07:45:00,80.99,414.99,132.56,0.834,1,11.4,9.64
2026-06-24 07:50:00,89.77,412.58,147.79,0.831,1,21.39,17.93
2026-06-24 07:55:00,84.98,412.61,139.91,0.836,1,24.94,18.29
2026-06-24 08:00:00,83.15,414.37,136.31,0.917,1,8.62,13.28
2026-06-24 08:05:00,85.35,415.59,139.5,0.899,1,20.25,17.88
2026-06-24 08:10:00,81.19,416.21,132.49,0.84,1,17.14,15.51
2026-06-24 08:15:00,66.64,415.31,108.99,0.866,1,17.89,17.07
2026-06-24 08:20:00,76.17,412.9,125.32,0.912,1,10.29,13.02
2026-06-24 08:25:00,84.21,413.94,138.19,0.854,1,6.94,16.87
2026-06-24 08:30:00,73.73,416.83,120.15,0.931,1,15.87,10.67
2026-06-24 08:35:00,76.18,412.13,125.55,0.93,1,17.27,14.75
2026-06-24 08:40:00,71.59,413.84,117.5,0.886,1,24.26,15.98
2026-06-24 08:45:00,85.23,416.49,139.01,0.896,1,18.5,15.05
2026-06-24 08:50:00,84.21,417.19,137.11,0.898,1,13.87,18.44
2026-06-24 08:55:00,70.86,414.52,116.12,0.851,1,24.88,16.13
2026-06-24 09:00:00,75.49,413.97,123.86,0.864,1,12.46,14.54
2026-06-24 09:05:00,70.8,411.69,116.81,0.836,1,8.25,12.53
2026-06-24 09:10:00,76.72,416.31,125.18,0.931,1,17.36,7.55
2026-06-24 09:15:00,75.63,418.3,122.81,0.907,1,10.33,12.63
2026-06-24 09:20:00,76.56,421.41,123.4,0.826,1,23.44,17.5
2026-06-24 09:25:00,73.57,415.97,120.13,0.886,1,13.56,13.29
2026-06-24 09:30:00,85.98,414.87,140.78,0.861,1,7.99,16.92
2026-06-24 09:35:00,65.56,412.7,107.9,0.918,1,7.83,11.12
2026-06-24 09:40:00,61.52,410.3,101.85,0.861,1,17.99,8.68
2026-06-24 09:45:00,67.48,415.44,110.33,0.897,1,12.32,14.49
2026-06-24 09:50:00,60.97,420.88,98.39,0.84,1,12.27,8.75
2026-06-24 09:55:00,60.69,418.18,98.59,0.887,1,17.25,11.18
2026-06-24 10:00:00,62.49,417.79,101.6,0.855,1,9.43,12.56
2026-06-24 10:05:00,62.22,415.61,101.69,0.84,1,7.91,10.03
2026-06-24 10:10:00,61.39,415.9,100.26,0.894,1,18.15,15.58
2026-06-24 10:15:00,68.07,408.94,113.07,0.897,1,5.1,17.06
2026-06-24 10:20:00,62.26,416.91,101.44,0.938,1,23.15,10.49
2026-06-24 10:25:00,63.2,413.55,103.8,0.9,1,8.66,10.03
2026-06-24 10:30:00,67.87,413.25,111.55,0.882,1,13.96,11.9
2026-06-24 10:35:00,58.85,414.19,96.52,0.93,1,9.23,13.72
2026-06-24 10:40:00,60.65,414.11,99.48,0.919,1,9.36,12.51
2026-06-24 10:45:00,63.08,413.21,103.69,0.886,1,21.7,14.17
2026-06-24 10:50:00,50.82,415.03,83.17,0.881,1,16.7,13.02
2026-06-24 10:55:00,47.87,413.6,78.62,0.933,1,11.23,7.09
2026-06-24 11:00:00,60.79,415.25,99.44,0.894,1,10.02,12.6
2026-06-24 11:05:00,60.78,411.28,100.38,0.906,1,9.26,11.52
2026-06-24 11:10:00,67.9,414.46,111.27,0.83,1,16.09,14.02
2026-06-24 11:15:00,57.62,412.26,94.93,0.906,1,19.62,14.01
2026-06-24 11:20:00,60.18,413.4,98.88,0.852,1,10.07,10.98
2026-06-24 11:25:00,54.35,415.36,88.88,0.834,1,11.65,8.76
2026-06-24 11:30:00,56.05,410.99,92.64,0.922,1,19.41,8.63
2026-06-24 11:35:00,62.15,412.94,102.23,0.903,1,19.75,16.23
2026-06-24 11:40:00,42.43,416.42,69.21,0.869,1,9.15,8.0
2026-06-24 11:45:00,54.36,411.47,89.73,0.872,1,12.64,7.26
2026-06-24 11:50:00,62.2,419.44,100.74,0.844,1,22.4,15.51
2026-06-24 11:55:00,52.17,418.01,84.78,0.821,1,19.8,6.43
2026-06-24 12:00:00,58.25,413.76,95.63,0.862,1,8.25,7.32
2026-06-24 12:05:00,46.09,413.03,75.8,0.838,1,12.72,8.2
2026-06-24 12:10:00,48.31,415.5,78.98,0.871,1,24.47,8.66
2026-06-24 12:15:00,47.88,411.38,79.05,0.92,1,15.51,10.11
2026-06-24 12:20:00,35.86,409.99,59.41,0.834,1,19.39,4.0
2026-06-24 12:25:00,40.35,413.85,66.22,0.831,1,6.84,8.36
2026-06-24 12:30:00,39.95,414.66,65.44,0.928,1,21.65,11.23
2026-06-24 12:35:00,48.79,415.24,79.81,0.909,1,17.1,7.37
2026-06-24 12:40:00,48.28,413.46,79.32,0.826,1,8.51,8.24
2026-06-24 12:45:00,44.79,418.18,72.76,0.83,1,12.6,6.84
2026-06-24 12:50:00,46.55,411.26,76.88,0.902,1,6.66,9.45
2026-06-24 12:55:00,40.86,412.15,67.34,0.864,1,20.54,5.9
2026-06-24 13:00:00,46.95,416.22,76.62,0.907,1,19.9,6.67
2026-06-24 13:05:00,40.25,412.1,66.34,0.869,1,14.8,7.64
2026-06-24 13:10:00,39.76,412.0,65.56,0.936,1,14.04,8.64
2026-06-24 13:15:00,37.42,415.31,61.2,0.903,1,14.27,7.8
2026-06-24 13:20:00,41.45,412.37,68.28,0.826,1,5.75,6.73
2026-06-24 13:25:00,35.21,414.67,57.67,0.86,1,12.36,8.5
2026-06-24 13:30:00,41.49,413.25,68.19,0.888,1,7.57,8.38
2026-06-24 13:35:00,30.24,412.85,49.76,0.837,1,8.7,4.0
2026-06-24 13:40:00,29.71,409.74,49.26,0.82,0,0.0,4.0
2026-06-24 13:45:00,37.96,415.35,62.07,0.83,1,10.24,8.55
2026-06-24 13:50:00,33.4,411.88,55.08,0.883,1,14.67,6.15
2026-06-24 13:55:00,30.9,414.58,50.62,0.896,1,22.76,4.14
2026-06-24 14:00:00,36.95,413.72,60.67,0.831,1,13.27,11.07
2026-06-24 14:05:00,28.81,414.48,47.21,0.9,0,0.0,4.0
2026-06-24 14:10:00,30.19,414.63,49.46,0.894,1,8.38,8.8
2026-06-24 14:15:00,37.55,415.48,61.39,0.933,1,10.7,7.82
2026-06-24 14:20:00,37.62,413.18,61.85,0.921,1,15.12,4.0
2026-06-24 14:25:00,37.17,418.11,60.38,0.933,1,12.3,10.02
2026-06-24 14:30:00,27.28,410.38,45.16,0.936,0,0.0,4.0
2026-06-24 14:35:00,34.25,414.43,56.13,0.873,1,13.02,5.52
2026-06-24 14:40:00,22.76,417.09,37.06,0.879,0,0.0,4.0
2026-06-24 14:45:00,22.39,416.19,36.54,0.854,0,0.0,4.69
2026-06-24 14:50:00,14.6,412.56,24.04,0.881,0,0.0,4.0
2026-06-24 14:55:00,34.16,412.98,56.19,0.838,1,7.37,6.92
2026-06-24 15:00:00,20.93,412.48,34.47,0.901,0,0.0,4.0
2026-06-24 15:05:00,24.08,416.5,39.28,0.823,0,0.0,4.0
2026-06-24 15:10:00,19.64,413.15,32.3,0.848,0,0.0,4.0
2026-06-24 15:15:00,27.16,415.64,44.39,0.845,0,0.0,4.0
2026-06-24 15:20:00,21.31,415.66,34.82,0.933,0,0.0,4.0
2026-06-24 15:25:00,16.18,420.92,26.11,0.837,0,0.0,4.0
2026-06-24 15:30:00,24.44,415.78,39.93,0.927,0,0.0,4.0
2026-06-24 15:35:00,14.61,412.97,24.02,0.835,0,0.0,4.0
2026-06-24 15:40:00,17.14,411.35,28.31,0.898,0,0.0,4.0
2026-06-24 15:45:00,10.36,414.31,16.99,0.858,0,0.0,4.0
2026-06-24 15:50:00,13.36,414.7,21.89,0.858,0,0.0,4.0
2026-06-24 15:55:00,20.97,409.47,34.79,0.94,0,0.0,4.0
2026-06-24 16:00:00,10.0,413.22,16.44,0.847,0,0.0,4.0
2026-06-24 16:05:00,11.91,415.74,19.46,0.844,0,0.0,4.0
2026-06-24 16:10:00,18.94,413.67,31.1,0.891,0,0.0,4.0
2026-06-24 16:15:00,15.89,417.42,25.86,0.909,0,0.0,4.0
2026-06-24 16:20:00,28.24,411.1,46.66,0.938,0,0.0,4.0
2026-06-24 16:25:00,27.13,416.69,44.23,0.904,0,0.0,4.0
2026-06-24 16:30:00,13.32,417.28,21.69,0.887,0,0.0,4.0
2026-06-24 16:35:00,20.17,417.39,32.82,0.869,0,0.0,4.0
2026-06-24 16:40:00,20.86,411.09,34.46,0.891,0,0.0,4.0
2026-06-24 16:45:00,13.87,415.79,22.66,0.892,0,0.0,4.0
2026-06-24 16:50:00,10.0,413.33,16.43,0.846,0,0.0,4.0
2026-06-24 16:55:00,16.34,411.48,26.97,0.901,0,0.0,4.0
2026-06-24 17:00:00,15.33,413.97,25.15,0.845,0,0.0,4.0
2026-06-24 17:05:00,13.82,412.74,22.75,0.879,0,0.0,4.0
2026-06-24 17:10:00,18.04,417.3,29.37,0.851,0,0.0,4.0
2026-06-24 17:15:00,11.92,416.28,19.45,0.858,0,0.0,4.0
2026-06-24 17:20:00,10.0,412.12,16.48,0.894,0,0.0,4.0
2026-06-24 17:25:00,15.95,413.19,26.23,0.828,0,0.0,4.0
2026-06-24 17:30:00,17.23,414.05,28.27,0.821,0,0.0,4.0
2026-06-24 17:35:00,10.0,414.82,16.37,0.836,0,0.0,4.0
2026-06-24 17:40:00,19.77,417.52,32.17,0.84,0,0.0,4.0
2026-06-24 17:45:00,10.0,416.73,16.3,0.844,0,0.0,4.0
2026-06-24 17:50:00,12.14,415.13,19.87,0.913,0,0.0,4.0
2026-06-24 17:55:00,13.72,414.35,22.49,0.874,0,0.0,4.0
2026-06-24 18:00:00,11.82,410.57,19.55,0.876,0,0.0,4.0
2026-06-24 18:05:00,12.18,418.23,19.79,0.897,0,0.0,4.0
2026-06-24 18:10:00,24.39,413.88,40.03,0.907,0,0.0,4.0
2026-06-24 18:15:00,10.82,418.89,17.55,0.82,0,0.0,4.0
2026-06-24 18:20:00,27.34,415.49,44.7,0.923,0,0.0,4.0
2026-06-24 18:25:00,17.39,420.06,28.13,0.939,0,0.0,4.0
2026-06-24 18:30:00,15.76,416.52,25.7,0.835,0,0.0,4.0
2026-06-24 18:35:00,17.79,411.42,29.37,0.898,0,0.0,4.0
2026-06-24 18:40:00,28.18,413.46,46.3,0.82,0,0.0,4.0
2026-06-24 18:45:00,10.7,414.58,17.54,0.826,0,0.0,4.0
2026-06-24 18:50:00,10.23,412.82,16.83,0.854,0,0.0,4.0
2026-06-24 18:55:00,12.23,414.06,20.06,0.922,0,0.0,4.0
2026-06-24 19:00:00,16.35,411.58,26.99,0.898,0,0.0,4.0
2026-06-24 19:05:00,10.0,415.01,16.37,0.873,0,0.0,4.0
2026-06-24 19:10:00,16.73,415.59,27.35,0.873,0,0.0,4.0
2026-06-24 19:15:00,25.33,412.49,41.7,0.876,0,0.0,4.0
2026-06-24 19:20:00,17.87,419.85,28.91,0.857,0,0.0,4.0
2026-06-24 19:25:00,15.92,415.16,26.04,0.925,0,0.0,4.0
2026-06-24 19:30:00,14.57,412.96,23.97,0.888,0,0.0,4.0
2026-06-24 19:35:00,22.46,410.93,37.12,0.878,0,0.0,4.0
2026-06-24 19:40:00,14.15,415.15,23.15,0.876,0,0.0,4.0
2026-06-24 19:45:00,27.84,414.35,45.64,0.932,0,0.0,4.0
2026-06-24 19:50:00,28.62,416.96,46.63,0.907,0,0.0,4.0
2026-06-24 19:55:00,20.6,414.64,33.74,0.837,0,0.0,4.48
2026-06-24 20:00:00,19.63,412.02,32.36,0.872,0,0.0,4.0
2026-06-24 20:05:00,25.23,419.18,40.89,0.855,0,0.0,4.0
2026-06-24 20:10:00,25.96,416.09,42.37,0.938,0,0.0,4.0
2026-06-24 20:15:00,16.87,414.36,27.65,0.87,0,0.0,4.0
2026-06-24 20:20:00,18.7,415.41,30.57,0.828,0,0.0,4.0
2026-06-24 20:25:00,15.16,416.19,24.75,0.869,0,0.0,4.0
2026-06-24 20:30:00,24.28,411.43,40.08,0.859,0,0.0,4.0
2026-06-24 20:35:00,26.04,415.39,42.58,0.892,0,0.0,4.0
2026-06-24 20:40:00,16.44,413.87,26.98,0.847,0,0.0,4.0
2026-06-24 20:45:00,21.41,416.27,34.94,0.824,0,0.0,4.0
2026-06-24 20:50:00,17.46,413.15,28.7,0.832,0,0.0,4.0
2026-06-24 20:55:00,20.22,413.49,33.22,0.854,0,0.0,4.0
2026-06-24 21:00:00,28.01,419.16,45.39,0.862,0,0.0,4.0
2026-06-24 21:05:00,22.13,418.08,35.95,0.92,0,0.0,4.0
2026-06-24 21:10:00,24.85,406.76,41.5,0.852,0,0.0,4.0
2026-06-24 21:15:00,18.79,417.89,30.54,0.824,0,0.0,4.0
2026-06-24 21:20:00,28.44,414.82,46.57,0.914,0,0.0,4.0
2026-06-24 21:25:00,27.87,413.23,45.81,0.924,0,0.0,4.0
2026-06-24 21:30:00,25.05,412.48,41.25,0.879,0,0.0,4.0
2026-06-24 21:35:00,28.36,412.63,46.68,0.854,0,0.0,4.0
2026-06-24 21:40:00,30.83,413.3,50.66,0.913,1,23.62,7.35
2026-06-24 21:45:00,26.48,412.18,43.64,0.821,0,0.0,4.0
2026-06-24 21:50:00,23.81,411.61,39.3,0.931,0,0.0,4.0
2026-06-24 21:55:00,40.87,412.4,67.32,0.924,1,24.49,9.43
2026-06-24 22:00:00,29.33,415.81,47.92,0.885,0,0.0,4.0
2026-06-24 22:05:00,32.68,415.13,53.48,0.853,1,10.05,5.85
2026-06-24 22:10:00,38.89,416.39,63.45,0.824,1,14.76,6.42
2026-06-24 22:15:00,52.17,414.83,85.42,0.94,1,15.47,8.93
2026-06-24 22:20:00,28.99,411.73,47.82,0.911,0,0.0,4.0
2026-06-24 22:25:00,38.15,416.24,62.26,0.861,1,9.24,8.83
2026-06-24 22:30:00,33.07,412.49,54.45,0.822,1,23.54,4.0
2026-06-24 22:35:00,34.62,416.62,56.45,0.897,1,19.07,5.49
2026-06-24 22:40:00,34.43,412.09,56.75,0.938,1,10.17,4.0
2026-06-24 22:45:00,33.12,413.28,54.44,0.905,1,10.88,5.35
2026-06-24 22:50:00,39.27,414.1,64.41,0.83,1,22.61,6.81
2026-06-24 22:55:00,32.83,416.69,53.52,0.868,1,12.61,6.88
2026-06-24 23:00:00,45.68,415.44,74.68,0.833,1,16.13,9.46
2026-06-24 23:05:00,41.96,415.05,68.66,0.929,1,7.41,12.84
2026-06-24 23:10:00,44.54,419.71,72.08,0.86,1,10.03,9.38
2026-06-24 23:15:00,40.84,410.41,67.59,0.908,1,13.33,9.49
2026-06-24 23:20:00,42.09,412.4,69.32,0.83,1,18.12,5.2
2026-06-24 23:25:00,46.11,412.3,75.97,0.835,1,10.6,8.06
2026-06-24 23:30:00,39.61,410.57,65.53,0.902,1,24.02,5.83
2026-06-24 23:35:00,44.4,413.2,72.99,0.921,1,9.4,9.84
2026-06-24 23:40:00,42.65,416.72,69.52,0.844,1,20.58,8.83
2026-06-24 23:45:00,43.26,413.52,71.06,0.87,1,12.29,7.61
2026-06-24 23:50:00,37.92,414.17,62.2,0.894,1,21.67,10.12
2026-06-24 23:55:00,55.93,410.69,92.51,0.916,1,23.46,10.62
2026-06-25 00:00:00,46.57,413.01,76.59,0.895,1,8.74,11.9
2026-06-25 00:05:00,56.58,413.85,92.87,0.831,1,14.83,13.98
2026-06-25 00:10:00,56.87,416.61,92.72,0.885,1,8.09,9.17
2026-06-25 00:15:00,45.86,410.81,75.83,0.926,1,19.12,11.78
2026-06-25 00:20:00,47.61,413.86,78.14,0.924,1,21.64,9.91
2026-06-25 00:25:00,66.61,417.72,108.32,0.89,1,12.79,11.72
2026-06-25 00:30:00,63.32,413.89,103.92,0.939,1,12.94,12.96
2026-06-25 00:35:00,55.17,409.71,91.46,0.833,1,9.08,6.72
2026-06-25 00:40:00,57.36,418.2,93.17,0.877,1,11.13,9.64
2026-06-25 00:45:00,53.67,416.84,87.46,0.913,1,11.48,11.2
2026-06-25 00:50:00,59.74,417.17,97.27,0.837,1,8.11,10.48
2026-06-25 00:55:00,54.73,410.64,90.54,0.937,1,11.2,12.9
2026-06-25 01:00:00,48.9,418.78,79.31,0.862,1,23.15,9.04
2026-06-25 01:05:00,53.19,413.07,87.46,0.862,1,11.51,10.43
2026-06-25 01:10:00,60.63,413.73,99.54,0.846,1,10.49,11.16
2026-06-25 01:15:00,55.6,413.24,91.38,0.855,1,12.69,7.11
2026-06-25 01:20:00,61.63,417.37,100.31,0.889,1,24.21,13.21
2026-06-25 01:25:00,57.31,414.55,93.91,0.872,1,20.29,12.06
2026-06-25 01:30:00,59.48,416.2,97.08,0.843,1,9.03,6.69
2026-06-25 01:35:00,68.36,415.19,111.84,0.917,1,20.05,7.6
2026-06-25 01:40:00,66.03,414.76,108.14,0.827,1,20.32,11.85
2026-06-25 01:45:00,65.43,412.63,107.71,0.92,1,24.0,15.82
2026-06-25 01:50:00,70.56,419.53,114.24,0.853,1,22.82,20.12
2026-06-25 01:55:00,69.24,411.34,114.33,0.88,1,6.9,8.6
2026-06-25 02:00:00,74.73,416.03,122.02,0.866,1,14.09,17.91
2026-06-25 02:05:00,65.86,415.94,107.55,0.888,1,19.06,15.49
2026-06-25 02:10:00,66.66,417.89,108.35,0.916,1,24.47,11.87
2026-06-25 02:15:00,62.94,418.47,102.16,0.939,1,6.7,16.01
2026-06-25 02:20:00,67.93,414.66,111.28,0.857,1,12.36,13.92
2026-06-25 02:25:00,75.52,416.33,123.21,0.886,1,14.84,13.81
2026-06-25 02:30:00,77.81,419.41,126.01,0.876,1,13.26,10.56
2026-06-25 02:35:00,76.71,414.84,125.6,0.94,1,14.12,14.75
2026-06-25 02:40:00,63.53,412.33,104.65,0.917,1,12.38,12.15
2026-06-25 02:45:00,78.49,414.04,128.77,0.868,1,24.41,20.52
2026-06-25 02:50:00,64.45,411.74,106.33,0.877,1,21.06,10.47
2026-06-25 02:55:00,78.69,415.93,128.51,0.85,1,19.73,13.1
2026-06-25 03:00:00,72.91,417.66,118.58,0.911,1,13.21,12.6
2026-06-25 03:05:00,78.8,414.7,129.06,0.921,1,22.63,21.45
2026-06-25 03:10:00,69.14,410.95,114.29,0.936,1,6.87,10.13
2026-06-25 03:15:00,82.17,417.55,133.67,0.888,1,7.87,18.21
2026-06-25 03:20:00,69.49,410.56,114.96,0.9,1,24.08,10.11
2026-06-25 03:25:00,73.95,411.14,122.18,0.874,1,16.34,15.13
2026-06-25 03:30:00,72.78,414.55,119.25,0.893,1,8.19,13.74
2026-06-25 03:35:00,69.45,415.63,113.51,0.862,1,23.98,12.08
2026-06-25 03:40:00,79.14,416.06,129.21,0.909,1,24.5,17.13
2026-06-25 03:45:00,88.13,414.83,144.31,0.823,1,22.63,15.15
2026-06-25 03:50:00,92.85,419.4,150.38,0.823,1,9.77,13.47
2026-06-25 03:55:00,80.41,415.16,131.56,0.906,1,10.57,14.28
2026-06-25 04:00:00,85.89,417.59,139.72,0.932,1,13.14,14.0
2026-06-25 04:05:00,81.85,416.97,133.33,0.896,1,16.59,16.16
2026-06-25 04:10:00,83.54,411.77,137.81,0.907,1,24.84,15.62
2026-06-25 04:15:00,79.68,414.58,130.55,0.919,1,24.12,19.16
2026-06-25 04:20:00,82.7,420.31,133.64,0.863,1,23.42,15.32
2026-06-25 04:25:00,84.72,413.74,139.09,0.833,1,6.79,16.23
2026-06-25 04:30:00,79.44,413.31,130.56,0.932,1,20.14,12.62
2026-06-25 04:35:00,82.23,415.43,134.46,0.933,1,22.54,14.94
2026-06-25 04:40:00,82.6,413.83,135.57,0.873,1,11.67,13.34
2026-06-25 04:45:00,87.27,413.02,143.53,0.846,1,9.39,18.92
2026-06-25 04:50:00,78.05,413.79,128.12,0.927,1,19.97,13.3
2026-06-25 04:55:00,83.34,418.58,135.25,0.905,1,6.82,13.84
2026-06-25 05:00:00,93.37,414.66,152.95,0.821,1,23.82,18.69
2026-06-25 05:05:00,89.82,411.68,148.19,0.833,1,8.12,14.92
2026-06-25 05:10:00,90.92,411.22,150.18,0.938,1,14.15,20.33
2026-06-25 05:15:00,84.45,420.52,136.41,0.825,1,24.66,20.96
2026-06-25 05:20:00,86.07,414.44,141.07,0.854,1,24.76,14.66
2026-06-25 05:25:00,89.6,416.09,146.28,0.886,1,20.52,19.11
2026-06-25 05:30:00,92.5,413.07,152.11,0.842,1,21.78,15.79
2026-06-25 05:35:00,75.03,415.8,122.58,0.848,1,24.34,13.9
2026-06-25 05:40:00,78.29,418.65,127.02,0.862,1,23.55,16.86
2026-06-25 05:45:00,91.47,413.37,150.31,0.852,1,17.44,17.66
2026-06-25 05:50:00,83.58,416.15,136.43,0.916,1,19.69,16.41
2026-06-25 05:55:00,81.63,411.49,134.75,0.88,1,16.88,18.07
2026-06-25 06:00:00,78.73,420.06,127.31,0.853,1,15.13,17.45
2026-06-25 06:05:00,82.22,415.67,134.35,0.858,1,22.62,16.05
2026-06-25 06:10:00,77.95,413.97,127.91,0.825,1,19.76,13.55
2026-06-25 06:15:00,95.38,414.26,156.4,0.826,1,22.2,18.28
2026-06-25 06:20:00,84.75,413.72,139.15,0.906,1,6.92,13.27
2026-06-25 06:25:00,84.5,413.85,138.69,0.834,1,16.53,17.85
2026-06-25 06:30:00,87.64,408.88,145.59,0.877,1,11.59,15.92
2026-06-25 06:35:00,89.4,414.76,146.42,0.921,1,15.27,14.3
2026-06-25 06:40:00,89.2,414.65,146.12,0.864,1,17.26,20.02
2026-06-25 06:45:00,89.7,416.22,146.38,0.861,1,21.92,17.21
2026-06-25 06:50:00,81.02,413.69,133.02,0.925,1,5.64,13.14
2026-06-25 06:55:00,82.51,413.07,135.68,0.924,1,8.28,17.91
2026-06-25 07:00:00,87.65,414.98,143.47,0.926,1,23.43,19.85
2026-06-25 07:05:00,80.96,410.97,133.82,0.889,1,24.35,11.43
2026-06-25 07:10:00,83.35,415.36,136.31,0.934,1,6.11,17.87
2026-06-25 07:15:00,85.14,410.35,140.93,0.918,1,11.64,16.27
2026-06-25 07:20:00,86.82,417.8,141.14,0.87,1,5.19,18.13
2026-06-25 07:25:00,73.73,416.71,120.19,0.896,1,20.15,14.12
2026-06-25 07:30:00,85.91,412.68,141.4,0.835,1,18.64,17.27
2026-06-25 07:35:00,80.87,416.65,131.84,0.886,1,16.3,14.67
2026-06-25 07:40:00,85.26,415.28,139.45,0.852,1,18.83,18.58
2026-06-25 07:45:00,85.28,412.48,140.43,0.854,1,15.76,14.59
2026-06-25 07:50:00,89.08,409.94,147.61,0.835,1,9.78,18.89
2026-06-25 07:55:00,87.45,415.79,142.87,0.863,1,20.09,17.16
2026-06-25 08:00:00,87.04,413.01,143.15,0.878,1,20.67,18.45
2026-06-25 08:05:00,87.14,417.74,141.69,0.892,1,22.08,14.46
2026-06-25 08:10:00,80.98,415.04,132.53,0.857,1,24.08,16.76
2026-06-25 08:15:00,79.26,413.25,130.28,0.915,1,19.95,16.5
2026-06-25 08:20:00,83.03,419.49,134.45,0.883,1,6.09,19.53
2026-06-25 08:25:00,81.89,416.44,133.56,0.897,1,5.42,16.62
2026-06-25 08:30:00,76.22,405.86,127.57,0.853,1,19.8,13.35
2026-06-25 08:35:00,79.32,413.78,130.21,0.918,1,6.12,13.13
2026-06-25 08:40:00,76.64,411.54,126.49,0.895,1,11.32,16.12
2026-06-25 08:45:00,72.04,413.0,118.49,0.923,1,7.72,12.11
2026-06-25 08:50:00,82.26,414.64,134.75,0.839,1,24.38,14.83
2026-06-25 08:55:00,75.56,415.89,123.41,0.866,1,11.33,12.18
2026-06-25 09:00:00,84.99,415.65,138.89,0.834,1,6.1,15.91
2026-06-25 09:05:00,66.08,417.69,107.45,0.846,1,23.99,13.6
2026-06-25 09:10:00,70.86,416.59,115.54,0.867,1,17.17,12.86
2026-06-25 09:15:00,73.24,416.44,119.46,0.927,1,5.72,17.38
2026-06-25 09:20:00,78.18,415.5,127.81,0.887,1,21.67,16.48
2026-06-25 09:25:00,73.9,418.22,120.03,0.86,1,8.05,17.77
2026-06-25 09:30:00,72.86,414.21,119.48,0.91,1,21.05,14.47
2026-06-25 09:35:00,65.06,414.27,106.67,0.822,1,17.06,10.87
2026-06-25 09:40:00,64.29,410.24,106.45,0.864,1,8.54,9.7
2026-06-25 09:45:00,71.06,417.64,115.57,0.892,1,20.05,13.51
2026-06-25 09:50:00,61.98,414.81,101.5,0.89,1,14.09,13.6
2026-06-25 09:55:00,65.5,422.33,105.34,0.893,1,17.76,11.99
2026-06-25 10:00:00,70.0,413.99,114.86,0.845,1,22.39,15.7
2026-06-25 10:05:00,61.92,415.22,101.3,0.86,1,10.21,14.9
2026-06-25 10:10:00,74.19,416.37,121.03,0.932,1,12.32,12.11
2026-06-25 10:15:00,71.6,412.25,117.97,0.937,1,24.95,11.6
2026-06-25 10:20:00,56.93,415.9,92.99,0.857,1,15.16,13.2
2026-06-25 10:25:00,59.43,415.09,97.26,0.897,1,16.17,12.13
2026-06-25 10:30:00,51.97,414.24,85.21,0.849,1,10.71,10.64
2026-06-25 10:35:00,58.77,417.93,95.52,0.864,1,13.32,12.86
2026-06-25 10:40:00,65.8,412.74,108.29,0.915,1,15.03,9.07
2026-06-25 10:45:00,59.18,415.69,96.7,0.88,1,10.17,12.18
2026-06-25 10:50:00,62.83,418.64,101.94,0.922,1,9.76,12.21
2026-06-25 10:55:00,52.18,413.23,85.78,0.895,1,17.01,11.31
2026-06-25 11:00:00,63.05,414.26,103.38,0.895,1,8.67,9.58
2026-06-25 11:05:00,55.54,420.86,89.64,0.824,1,16.07,10.99
2026-06-25 11:10:00,57.64,416.19,94.07,0.91,1,19.12,10.21
2026-06-25 11:15:00,56.36,413.73,92.54,0.937,1,8.97,13.0
2026-06-25 11:20:00,49.72,417.01,80.99,0.877,1,19.92,9.75
2026-06-25 11:25:00,49.56,413.58,81.39,0.839,1,12.19,8.14
2026-06-25 11:30:00,59.41,411.09,98.16,0.937,1,24.85,9.65
2026-06-25 11:35:00,55.81,418.43,90.59,0.855,1,24.58,13.29
2026-06-25 11:40:00,58.3,412.24,96.06,0.869,1,20.97,13.81
2026-06-25 11:45:00,53.91,421.13,86.96,0.829,1,11.85,14.74
2026-06-25 11:50:00,52.24,413.78,85.76,0.833,1,23.74,9.85
2026-06-25 11:55:00,42.13,420.33,68.09,0.846,1,24.98,6.49
2026-06-25 12:00:00,48.65,411.58,80.29,0.886,1,14.25,9.18
2026-06-25 12:05:00,49.1,417.56,79.87,0.887,1,17.29,8.09
2026-06-25 12:10:00,58.24,416.25,95.04,0.893,1,5.12,9.29
2026-06-25 12:15:00,51.15,417.09,83.29,0.89,1,5.87,10.6
2026-06-25 12:20:00,54.63,417.42,88.9,0.879,1,15.01,13.11
2026-06-25 12:25:00,49.18,413.76,80.73,0.916,1,17.19,10.67
2026-06-25 12:30:00,41.88,411.73,69.08,0.932,1,11.25,8.36
2026-06-25 12:35:00,45.26,414.87,74.1,0.852,1,6.98,10.39
2026-06-25 12:40:00,45.1,415.56,73.72,0.836,1,20.65,8.63
2026-06-25 12:45:00,38.48,413.82,63.16,0.871,1,13.38,10.94
2026-06-25 12:50:00,40.5,415.69,66.18,0.823,1,17.98,15.12
2026-06-25 12:55:00,40.65,415.82,66.41,0.926,1,18.0,6.76
2026-06-25 13:00:00,48.97,412.72,80.59,0.849,1,15.94,12.4
2026-06-25 13:05:00,29.8,415.99,48.66,0.886,0,0.0,4.0
2026-06-25 13:10:00,45.5,414.33,74.6,0.834,1,17.32,10.27
2026-06-25 13:15:00,34.07,413.25,55.99,0.886,1,11.44,9.68
2026-06-25 13:20:00,31.17,416.97,50.78,0.825,1,21.38,7.5
2026-06-25 13:25:00,43.21,413.06,71.06,0.912,1,8.86,9.72
2026-06-25 13:30:00,40.27,413.86,66.09,0.935,1,10.82,7.98
2026-06-25 13:35:00,42.18,415.18,69.0,0.857,1,13.81,8.61
2026-06-25 13:40:00,39.21,418.44,63.65,0.851,1,19.8,9.52
2026-06-25 13:45:00,44.82,415.48,73.27,0.874,1,19.42,10.01
2026-06-25 13:50:00,36.63,416.32,59.77,0.894,1,11.74,4.76
2026-06-25 13:55:00,32.38,414.26,53.1,0.843,1,15.22,7.77
2026-06-25 14:00:00,34.21,414.8,56.03,0.916,1,9.68,6.08
2026-06-25 14:05:00,38.06,414.88,62.31,0.844,1,20.41,6.59
2026-06-25 14:10:00,27.3,415.73,44.6,0.821,0,0.0,4.0
2026-06-25 14:15:00,27.3,414.26,44.76,0.883,0,0.0,4.0
2026-06-25 14:20:00,28.38,418.35,46.08,0.834,0,0.0,4.0
2026-06-25 14:25:00,18.78,414.07,30.81,0.904,0,0.0,4.0
2026-06-25 14:30:00,29.38,410.73,48.59,0.84,0,0.0,4.0
2026-06-25 14:35:00,18.66,421.86,30.05,0.918,0,0.0,5.53
2026-06-25 14:40:00,27.77,414.18,45.54,0.876,0,0.0,4.0
2026-06-25 14:45:00,31.25,418.28,50.75,0.888,1,6.78,5.61
2026-06-25 14:50:00,23.97,418.51,38.9,0.842,0,0.0,4.0
2026-06-25 14:55:00,34.18,417.36,55.63,0.838,1,5.99,7.47
2026-06-25 15:00:00,17.95,414.5,29.41,0.896,0,0.0,4.0
2026-06-25 15:05:00,30.67,415.72,50.12,0.851,1,15.66,4.7
2026-06-25 15:10:00,27.57,411.81,45.48,0.866,0,0.0,4.0
2026-06-25 15:15:00,15.11,419.98,24.43,0.878,0,0.0,4.0
2026-06-25 15:20:00,36.74,412.87,60.45,0.848,1,17.85,12.53
2026-06-25 15:25:00,22.39,414.37,36.7,0.915,0,0.0,4.0
2026-06-25 15:30:00,17.85,415.25,29.19,0.933,0,0.0,4.0
2026-06-25 15:35:00,14.74,414.73,24.14,0.872,0,0.0,4.0
2026-06-25 15:40:00,20.23,413.36,33.24,0.93,0,0.0,4.0
2026-06-25 15:45:00,20.26,418.49,32.89,0.926,0,0.0,4.0
2026-06-25 15:50:00,20.99,417.38,34.17,0.84,0,0.0,4.0
2026-06-25 15:55:00,18.59,415.81,30.37,0.841,0,0.0,4.0
2026-06-25 16:00:00,22.86,414.0,37.5,0.877,0,0.0,4.0
2026-06-25 16:05:00,17.38,417.66,28.26,0.883,0,0.0,4.0
2026-06-25 16:10:00,10.0,413.84,16.41,0.861,0,0.0,4.0
2026-06-25 16:15:00,17.86,418.93,28.96,0.858,0,0.0,4.0
2026-06-25 16:20:00,10.0,415.28,16.36,0.872,0,0.0,4.0
2026-06-25 16:25:00,19.73,418.07,32.06,0.903,0,0.0,4.0
2026-06-25 16:30:00,12.77,414.72,20.91,0.83,0,0.0,4.0
2026-06-25 16:35:00,18.2,415.18,29.77,0.905,0,0.0,4.0
2026-06-25 16:40:00,23.68,418.06,38.48,0.931,0,0.0,4.0
2026-06-25 16:45:00,12.11,420.48,19.57,0.912,0,0.0,4.0
2026-06-25 16:50:00,21.93,418.9,35.55,0.843,0,0.0,4.0
2026-06-25 16:55:00,14.23,417.19,23.17,0.83,0,0.0,4.0
2026-06-25 17:00:00,24.96,416.47,40.71,0.879,0,0.0,4.0
2026-06-25 17:05:00,14.18,413.73,23.28,0.935,0,0.0,4.0
2026-06-25 17:10:00,11.63,415.74,19.0,0.918,0,0.0,4.0
2026-06-25 17:15:00,19.11,412.72,31.45,0.888,0,0.0,4.0
2026-06-25 17:20:00,13.35,415.94,21.81,0.837,0,0.0,4.0
2026-06-25 17:25:00,11.2,416.1,18.28,0.906,0,0.0,4.0
2026-06-25 17:30:00,12.91,410.1,21.38,0.918,0,0.0,4.0
2026-06-25 17:35:00,14.98,415.1,24.52,0.932,0,0.0,4.0
2026-06-25 17:40:00,21.84,416.04,35.66,0.893,0,0.0,4.0
2026-06-25 17:45:00,10.0,414.79,16.38,0.882,0,0.0,4.0
2026-06-25 17:50:00,15.15,415.9,24.74,0.894,0,0.0,4.0
2026-06-25 17:55:00,18.13,411.65,29.92,0.933,0,0.0,4.0
2026-06-25 18:00:00,15.97,413.06,26.26,0.895,0,0.0,4.0
2026-06-25 18:05:00,21.56,417.59,35.07,0.851,0,0.0,4.0
2026-06-25 18:10:00,14.66,415.0,24.0,0.896,0,0.0,4.0
2026-06-25 18:15:00,14.15,415.85,23.12,0.926,0,0.0,4.0
2026-06-25 18:20:00,18.09,413.63,29.71,0.888,0,0.0,4.0
2026-06-25 18:25:00,15.7,415.05,25.7,0.88,0,0.0,4.0
2026-06-25 18:30:00,13.35,409.24,22.15,0.908,0,0.0,4.0
2026-06-25 18:35:00,17.99,417.12,29.29,0.899,0,0.0,4.0
2026-06-25 18:40:00,12.27,419.52,19.87,0.827,0,0.0,4.0
2026-06-25 18:45:00,12.62,412.34,20.78,0.907,0,0.0,4.0
2026-06-25 18:50:00,13.19,412.65,21.71,0.869,0,0.0,4.0
2026-06-25 18:55:00,22.77,416.1,37.17,0.933,0,0.0,4.0
2026-06-25 19:00:00,10.0,418.68,16.22,0.936,0,0.0,4.0
2026-06-25 19:05:00,18.38,414.99,30.08,0.874,0,0.0,4.0
2026-06-25 19:10:00,16.79,411.93,27.69,0.936,0,0.0,4.0
2026-06-25 19:15:00,10.0,414.48,16.39,0.857,0,0.0,4.0
2026-06-25 19:20:00,18.66,412.43,30.73,0.902,0,0.0,4.0
2026-06-25 19:25:00,19.76,413.33,32.47,0.829,0,0.0,4.0
2026-06-25 19:30:00,20.61,414.24,33.8,0.837,0,0.0,4.0
2026-06-25 19:35:00,10.0,412.68,16.46,0.924,0,0.0,4.0
2026-06-25 19:40:00,25.11,413.06,41.29,0.927,0,0.0,4.0
2026-06-25 19:45:00,14.92,415.19,24.41,0.884,0,0.0,4.0
2026-06-25 19:50:00,22.39,415.54,36.6,0.861,0,0.0,4.0
2026-06-25 19:55:00,23.02,411.44,38.0,0.874,0,0.0,4.0
2026-06-25 20:00:00,15.31,415.99,24.99,0.924,0,0.0,4.0
2026-06-25 20:05:00,23.38,414.05,38.36,0.845,0,0.0,4.0
2026-06-25 20:10:00,18.55,416.8,30.24,0.855,0,0.0,4.0
2026-06-25 20:15:00,10.54,416.95,17.17,0.914,0,0.0,4.04
2026-06-25 20:20:00,27.17,413.64,44.61,0.932,0,0.0,4.0
2026-06-25 20:25:00,17.9,416.54,29.19,0.831,0,0.0,4.0
2026-06-25 20:30:00,17.96,412.91,29.55,0.916,0,0.0,4.0
2026-06-25 20:35:00,20.69,418.31,33.59,0.897,0,0.0,4.0
2026-06-25 20:40:00,24.55,413.0,40.38,0.848,0,0.0,4.0
2026-06-25 20:45:00,23.4,415.88,38.22,0.911,0,0.0,4.0
2026-06-25 20:50:00,26.94,414.53,44.14,0.907,0,0.0,4.0
2026-06-25 20:55:00,18.02,412.46,29.68,0.837,0,0.0,4.0
2026-06-25 21:00:00,21.54,417.25,35.06,0.88,0,0.0,4.0
2026-06-25 21:05:00,25.22,413.46,41.43,0.911,0,0.0,4.0
2026-06-25 21:10:00,35.84,410.75,59.27,0.843,1,14.55,6.75
2026-06-25 21:15:00,26.35,407.79,43.9,0.876,0,0.0,5.02
2026-06-25 21:20:00,32.93,412.81,54.18,0.834,1,6.05,5.75
2026-06-25 21:25:00,28.29,418.44,45.92,0.857,0,0.0,4.0
2026-06-25 21:30:00,26.28,418.14,42.68,0.846,0,0.0,4.0
2026-06-25 21:35:00,28.07,413.2,46.14,0.881,0,0.0,4.65
2026-06-25 21:40:00,29.08,414.06,47.71,0.837,0,0.0,4.0
2026-06-25 21:45:00,33.57,413.84,55.11,0.866,1,17.65,4.43
2026-06-25 21:50:00,38.07,411.67,62.81,0.853,1,14.79,6.93
2026-06-25 21:55:00,33.64,412.63,55.38,0.91,1,9.48,10.23
2026-06-25 22:00:00,38.44,417.45,62.54,0.904,1,5.3,6.63
2026-06-25 22:05:00,28.34,416.26,46.25,0.831,0,0.0,4.0
2026-06-25 22:10:00,31.77,415.68,51.91,0.934,1,17.01,7.97
2026-06-25 22:15:00,30.9,411.66,50.98,0.909,1,18.18,8.56
2026-06-25 22:20:00,36.78,415.25,60.16,0.894,1,17.94,5.75
2026-06-25 22:25:00,34.11,409.24,56.61,0.877,1,8.06,4.95
2026-06-25 22:30:00,40.25,417.11,65.55,0.841,1,23.22,12.32
2026-06-25 22:35:00,32.66,415.65,53.37,0.935,1,13.22,9.42
2026-06-25 22:40:00,38.24,411.64,63.11,0.821,1,20.36,11.4
2026-06-25 22:45:00,42.18,419.04,68.38,0.903,1,8.33,10.18
2026-06-25 22:50:00,29.15,410.51,48.23,0.881,0,0.0,4.0
2026-06-25 22:55:00,50.81,416.33,82.91,0.928,1,15.43,9.84
2026-06-25 23:00:00,39.53,416.39,64.48,0.866,1,20.41,5.68
2026-06-25 23:05:00,31.56,411.9,52.04,0.882,1,17.43,8.81
2026-06-25 23:10:00,43.22,414.91,70.75,0.909,1,12.99,7.17
2026-06-25 23:15:00,43.34,410.91,71.64,0.826,1,10.65,4.38
2026-06-25 23:20:00,43.51,407.88,72.46,0.827,1,24.46,9.32
2026-06-25 23:25:00,49.63,412.33,81.76,0.845,1,10.69,12.07
2026-06-25 23:30:00,49.17,413.46,80.78,0.838,1,7.59,6.05
2026-06-25 23:35:00,47.68,416.61,77.74,0.821,1,11.01,8.84
2026-06-25 23:40:00,49.2,415.17,80.5,0.895,1,11.54,8.15
2026-06-25 23:45:00,47.19,415.23,77.19,0.916,1,7.56,11.16
2026-06-25 23:50:00,57.35,412.46,94.45,0.935,1,19.16,6.55
2026-06-25 23:55:00,41.84,413.67,68.7,0.873,1,17.38,11.02
2026-06-26 00:00:00,50.7,412.68,83.45,0.854,1,11.33,8.06
2026-06-26 00:05:00,51.09,411.94,84.24,0.924,1,24.86,10.07
2026-06-26 00:10:00,55.59,413.52,91.32,0.921,1,18.1,12.9
2026-06-26 00:15:00,48.07,415.19,78.64,0.895,1,19.06,13.02
2026-06-26 00:20:00,44.33,413.57,72.81,0.853,1,16.14,8.91
2026-06-26 00:25:00,54.59,414.19,89.53,0.929,1,16.03,8.95
2026-06-26 00:30:00,55.97,416.74,91.24,0.841,1,5.4,9.12
2026-06-26 00:35:00,62.77,413.75,103.05,0.825,1,20.42,15.01
2026-06-26 00:40:00,49.73,411.67,82.05,0.916,1,23.21,8.07
2026-06-26 00:45:00,62.6,416.41,102.12,0.888,1,7.45,12.4
2026-06-26 00:50:00,69.41,415.66,113.43,0.85,1,20.91,13.56
2026-06-26 00:55:00,56.43,415.82,92.18,0.901,1,15.69,12.7
2026-06-26 01:00:00,52.6,416.56,85.78,0.912,1,10.71,10.08
2026-06-26 01:05:00,57.76,416.14,94.28,0.921,1,23.42,10.57
2026-06-26 01:10:00,60.59,415.07,99.16,0.854,1,5.35,10.01
2026-06-26 01:15:00,64.07,420.98,103.38,0.823,1,10.48,10.85
2026-06-26 01:20:00,59.01,411.79,97.34,0.881,1,22.72,8.57
2026-06-26 01:25:00,70.46,413.53,115.74,0.923,1,14.62,14.58
2026-06-26 01:30:00,57.82,417.42,94.09,0.845,1,16.98,11.74
2026-06-26 01:35:00,55.4,415.36,90.6,0.871,1,20.0,7.59
2026-06-26 01:40:00,70.33,416.89,114.58,0.851,1,7.96,12.12
2026-06-26 01:45:00,54.11,415.42,88.47,0.822,1,9.3,9.57
2026-06-26 01:50:00,65.14,418.44,105.74,0.928,1,24.97,11.62
2026-06-26 01:55:00,82.42,412.48,135.73,0.836,1,9.75,15.05
2026-06-26 02:00:00,67.44,418.36,109.5,0.912,1,15.78,12.68
2026-06-26 02:05:00,62.55,417.93,101.67,0.862,1,10.97,13.87
2026-06-26 02:10:00,68.52,411.97,112.97,0.853,1,22.03,13.42
2026-06-26 02:15:00,69.19,416.58,112.82,0.933,1,24.24,15.04
2026-06-26 02:20:00,70.88,414.89,116.04,0.899,1,7.83,9.94
2026-06-26 02:25:00,74.01,413.48,121.58,0.902,1,17.01,11.72
2026-06-26 02:30:00,66.11,410.28,109.45,0.911,1,21.23,9.79
2026-06-26 02:35:00,80.35,412.47,132.31,0.861,1,21.46,14.62
2026-06-26 02:40:00,73.72,416.77,120.15,0.888,1,13.81,14.09
2026-06-26 02:45:00,76.71,417.03,124.95,0.852,1,9.51,18.14
2026-06-26 02:50:00,70.5,414.47,115.55,0.92,1,12.74,11.41
2026-06-26 02:55:00,80.63,417.04,131.33,0.892,1,20.02,17.48
2026-06-26 03:00:00,73.46,417.36,119.56,0.849,1,24.88,12.54
2026-06-26 03:05:00,76.67,415.39,125.37,0.928,1,16.09,14.66
2026-06-26 03:10:00,71.14,413.19,116.95,0.89,1,8.9,12.9
2026-06-26 03:15:00,71.33,416.1,116.44,0.879,1,5.84,11.0
2026-06-26 03:20:00,80.25,416.22,130.97,0.824,1,23.87,13.69
2026-06-26 03:25:00,75.08,416.68,122.39,0.929,1,14.66,17.94
2026-06-26 03:30:00,73.5,417.16,119.68,0.934,1,19.33,12.96
2026-06-26 03:35:00,75.01,411.59,123.79,0.888,1,18.2,16.72
2026-06-26 03:40:00,82.17,413.73,134.9,0.873,1,22.82,17.5
2026-06-26 03:45:00,75.96,410.25,125.76,0.863,1,10.32,12.78
2026-06-26 03:50:00,78.93,416.87,128.61,0.852,1,13.83,14.89
2026-06-26 03:55:00,80.0,414.47,131.1,0.889,1,23.27,15.84
2026-06-26 04:00:00,70.72,416.08,115.46,0.835,1,16.71,14.69
2026-06-26 04:05:00,73.33,411.31,121.1,0.93,1,6.43,12.59
2026-06-26 04:10:00,82.73,418.5,134.27,0.841,1,8.89,11.85
2026-06-26 04:15:00,77.71,412.01,128.11,0.909,1,9.74,12.86
2026-06-26 04:20:00,87.0,416.94,141.74,0.857,1,24.88,19.6
2026-06-26 04:25:00,86.87,415.29,142.08,0.847,1,9.48,16.04
2026-06-26 04:30:00,85.93,414.53,140.81,0.887,1,22.39,15.62
2026-06-26 04:35:00,91.72,414.32,150.37,0.912,1,6.56,13.43
2026-06-26 04:40:00,82.47,413.4,135.51,0.907,1,8.63,18.13
2026-06-26 04:45:00,86.39,418.24,140.3,0.848,1,22.44,16.19
2026-06-26 04:50:00,80.46,415.03,131.68,0.86,1,22.98,18.14
2026-06-26 04:55:00,95.86,411.83,158.11,0.924,1,8.52,19.26
2026-06-26 05:00:00,93.73,414.04,153.76,0.907,1,9.6,19.19
2026-06-26 05:05:00,84.06,415.32,137.47,0.906,1,15.61,19.74
2026-06-26 05:10:00,86.1,417.24,140.17,0.852,1,6.05,16.08
2026-06-26 05:15:00,91.12,413.49,149.69,0.915,1,23.91,17.29
2026-06-26 05:20:00,83.73,413.66,137.5,0.863,1,12.24,19.3
2026-06-26 05:25:00,81.31,415.06,133.07,0.868,1,14.79,17.3
2026-06-26 05:30:00,89.07,417.18,145.02,0.855,1,7.1,14.76
2026-06-26 05:35:00,85.18,411.58,140.59,0.835,1,5.65,18.03
2026-06-26 05:40:00,85.78,416.26,139.98,0.87,1,14.36,19.66
2026-06-26 05:45:00,80.75,413.84,132.54,0.822,1,7.43,9.59
2026-06-26 05:50:00,76.38,414.19,125.26,0.875,1,17.61,11.75
2026-06-26 05:55:00,86.17,420.0,139.36,0.907,1,20.89,14.68
2026-06-26 06:00:00,89.52,414.51,146.7,0.935,1,5.63,18.07
2026-06-26 06:05:00,83.86,416.89,136.64,0.829,1,17.24,17.78
2026-06-26 06:10:00,92.15,416.8,150.18,0.854,1,21.31,18.85
2026-06-26 06:15:00,81.41,412.05,134.2,0.879,1,13.79,17.37
2026-06-26 06:20:00,79.59,410.39,131.74,0.84,1,24.19,12.98
2026-06-26 06:25:00,84.46,417.05,137.55,0.834,1,7.22,12.78
2026-06-26 06:30:00,84.29,412.29,138.87,0.874,1,11.46,18.64
2026-06-26 06:35:00,88.44,410.84,146.23,0.89,1,9.6,16.64
2026-06-26 06:40:00,80.59,417.57,131.1,0.918,1,24.92,18.55
2026-06-26 06:45:00,91.17,412.45,150.14,0.94,1,10.88,15.34
2026-06-26 06:50:00,94.0,413.07,154.58,0.913,1,12.76,15.12
2026-06-26 06:55:00,83.8,419.94,135.55,0.847,1,21.95,13.25
2026-06-26 07:00:00,90.06,410.85,148.89,0.91,1,23.6,19.24
2026-06-26 07:05:00,78.32,411.86,129.17,0.884,1,23.75,17.9
2026-06-26 07:10:00,88.76,413.85,145.68,0.874,1,16.16,18.04
2026-06-26 07:15:00,88.38,414.4,144.86,0.932,1,18.27,15.7
2026-06-26 07:20:00,87.21,412.77,143.51,0.904,1,11.98,17.77
2026-06-26 07:25:00,82.54,412.1,136.05,0.902,1,17.14,17.12
2026-06-26 07:30:00,67.56,418.77,109.59,0.821,1,11.05,8.04
2026-06-26 07:35:00,78.83,415.66,128.82,0.924,1,19.92,14.38
2026-06-26 07:40:00,78.59,416.46,128.18,0.915,1,11.14,15.35
2026-06-26 07:45:00,76.5,414.66,125.31,0.856,1,22.59,17.46
2026-06-26 07:50:00,81.66,415.72,133.42,0.855,1,7.87,14.9
2026-06-26 07:55:00,78.59,417.33,127.92,0.826,1,16.44,15.31
2026-06-26 08:00:00,76.19,412.51,125.45,0.826,1,15.41,14.33
2026-06-26 08:05:00,74.63,415.66,121.95,0.9,1,10.27,14.56
2026-06-26 08:10:00,75.94,416.74,123.78,0.842,1,5.56,10.79
2026-06-26 08:15:00,84.71,418.86,137.37,0.931,1,7.97,14.25
2026-06-26 08:20:00,75.37,419.87,121.92,0.921,1,24.36,9.63
2026-06-26 08:25:00,75.65,415.17,123.77,0.862,1,23.83,13.79
2026-06-26 08:30:00,75.48,417.85,122.71,0.866,1,7.39,15.1
2026-06-26 08:35:00,78.99,408.32,131.4,0.859,1,12.5,13.01
2026-06-26 08:40:00,79.09,418.88,128.26,0.831,1,14.3,14.37
2026-06-26 08:45:00,61.09,413.19,100.43,0.824,1,14.56,12.63
2026-06-26 08:50:00,80.91,414.4,132.63,0.874,1,10.98,21.4
2026-06-26 08:55:00,82.46,416.1,134.62,0.933,1,23.26,15.82
2026-06-26 09:00:00,69.5,414.62,113.86,0.93,1,23.17,15.33
2026-06-26 09:05:00,69.34,415.49,113.36,0.917,1,5.38,12.32
2026-06-26 09:10:00,71.39,418.97,115.75,0.895,1,18.0,14.57
2026-06-26 09:15:00,69.3,414.04,113.69,0.923,1,6.49,12.73
2026-06-26 09:20:00,73.62,412.28,121.29,0.882,1,16.95,13.12
2026-06-26 09:25:00,62.17,419.53,100.67,0.842,1,22.34,11.84
2026-06-26 09:30:00,65.72,416.32,107.22,0.902,1,17.99,15.61
2026-06-26 09:35:00,78.39,419.81,126.84,0.93,1,14.38,15.5
2026-06-26 09:40:00,65.43,417.16,106.55,0.822,1,24.16,10.22
2026-06-26 09:45:00,75.66,411.69,124.84,0.85,1,19.93,13.64
2026-06-26 09:50:00,70.58,416.61,115.08,0.852,1,9.99,11.14
2026-06-26 09:55:00,59.11,412.54,97.33,0.832,1,12.74,13.42
2026-06-26 10:00:00,70.68,415.02,115.68,0.847,1,20.2,11.98
2026-06-26 10:05:00,66.25,414.81,108.48,0.866,1,5.39,14.18
2026-06-26 10:10:00,63.88,410.96,105.59,0.933,1,6.28,14.07
2026-06-26 10:15:00,66.7,412.97,109.72,0.923,1,22.19,13.45
2026-06-26 10:20:00,67.16,420.51,108.49,0.934,1,5.86,13.64
2026-06-26 10:25:00,67.63,415.6,110.54,0.834,1,18.57,11.94
2026-06-26 10:30:00,69.29,414.56,113.52,0.823,1,11.38,15.0
2026-06-26 10:35:00,64.73,419.53,104.8,0.833,1,21.52,9.86
2026-06-26 10:40:00,55.09,414.01,90.39,0.93,1,21.95,9.95
2026-06-26 10:45:00,58.88,414.77,96.43,0.839,1,24.07,11.09
2026-06-26 10:50:00,75.24,417.48,122.42,0.889,1,6.91,16.17
2026-06-26 10:55:00,63.42,414.0,104.05,0.847,1,13.46,16.03
2026-06-26 11:00:00,70.91,413.13,116.58,0.822,1,16.48,12.54
2026-06-26 11:05:00,65.3,409.37,108.35,0.83,1,23.32,12.7
2026-06-26 11:10:00,58.78,412.66,96.76,0.905,1,10.33,8.37
2026-06-26 11:15:00,58.34,412.63,96.03,0.842,1,6.43,10.63
2026-06-26 11:20:00,55.89,415.4,91.4,0.847,1,9.04,13.06
2026-06-26 11:25:00,46.64,413.47,76.61,0.865,1,14.91,4.99
2026-06-26 11:30:00,54.66,420.4,88.32,0.899,1,18.62,10.81
2026-06-26 11:35:00,59.86,412.36,98.61,0.876,1,18.81,13.37
2026-06-26 11:40:00,50.05,418.5,81.24,0.933,1,6.49,9.47
2026-06-26 11:45:00,54.35,415.55,88.84,0.872,1,20.23,10.36
2026-06-26 11:50:00,55.78,417.02,90.86,0.844,1,18.2,12.98
2026-06-26 11:55:00,46.22,416.87,75.3,0.884,1,13.15,7.11
2026-06-26 12:00:00,47.74,409.45,79.2,0.874,1,16.42,7.61
2026-06-26 12:05:00,44.15,414.97,72.26,0.914,1,20.35,4.7
2026-06-26 12:10:00,44.36,414.34,72.73,0.932,1,10.24,9.25
2026-06-26 12:15:00,41.27,412.17,68.02,0.92,1,23.8,9.13
2026-06-26 12:20:00,42.45,416.15,69.28,0.867,1,7.76,6.7
2026-06-26 12:25:00,53.29,419.29,86.33,0.846,1,23.04,8.68
2026-06-26 12:30:00,40.85,408.32,67.96,0.93,1,19.82,8.24
2026-06-26 12:35:00,45.31,413.66,74.4,0.866,1,18.21,9.29
2026-06-26 12:40:00,41.41,411.89,68.29,0.912,1,6.66,5.02
2026-06-26 12:45:00,49.07,415.18,80.27,0.939,1,23.38,5.51
2026-06-26 12:50:00,48.98,414.19,80.33,0.889,1,10.91,5.38
2026-06-26 12:55:00,46.0,413.49,75.57,0.878,1,19.91,5.92
2026-06-26 13:00:00,42.47,416.72,69.23,0.904,1,22.7,5.99
2026-06-26 13:05:00,39.05,419.09,63.29,0.843,1,9.89,7.33
2026-06-26 13:10:00,33.52,421.65,53.99,0.879,1,23.29,7.39
2026-06-26 13:15:00,48.47,413.15,79.68,0.857,1,17.24,9.2
2026-06-26 13:20:00,34.23,410.45,56.65,0.84,1,18.18,7.9
2026-06-26 13:25:00,40.63,416.4,66.28,0.893,1,23.29,9.4
2026-06-26 13:30:00,41.9,419.03,67.93,0.889,1,15.53,9.08
2026-06-26 13:35:00,33.13,417.03,53.96,0.911,1,13.81,6.86
2026-06-26 13:40:00,40.4,419.02,65.49,0.925,1,17.66,5.71
2026-06-26 13:45:00,38.34,414.44,62.84,0.846,1,16.08,4.62
2026-06-26 13:50:00,42.48,413.48,69.78,0.914,1,6.23,6.66
2026-06-26 13:55:00,30.82,415.29,50.41,0.864,1,8.61,8.6
2026-06-26 14:00:00,26.07,414.17,42.76,0.895,0,0.0,5.42
2026-06-26 14:05:00,29.32,416.66,47.79,0.922,0,0.0,4.0
2026-06-26 14:10:00,32.24,417.42,52.46,0.851,1,19.6,7.61
2026-06-26 14:15:00,30.85,417.62,50.17,0.892,1,5.09,8.27
2026-06-26 14:20:00,27.96,416.28,45.62,0.878,0,0.0,4.0
2026-06-26 14:25:00,19.76,415.61,32.29,0.915,0,0.0,4.0
2026-06-26 14:30:00,31.05,416.99,50.57,0.904,1,23.76,13.48
2026-06-26 14:35:00,37.95,410.09,62.87,0.912,1,11.54,11.08
2026-06-26 14:40:00,29.82,415.53,48.75,0.855,0,0.0,4.0
2026-06-26 14:45:00,29.97,415.13,49.04,0.905,0,0.0,4.0
2026-06-26 14:50:00,29.22,415.53,47.76,0.893,0,0.0,6.51
2026-06-26 14:55:00,27.78,414.78,45.5,0.875,0,0.0,4.0
2026-06-26 15:00:00,29.91,416.08,48.83,0.865,0,0.0,4.0
2026-06-26 15:05:00,26.69,413.56,43.84,0.86,0,0.0,4.0
2026-06-26 15:10:00,22.63,417.82,36.79,0.821,0,0.0,4.0
2026-06-26 15:15:00,19.71,416.18,32.16,0.84,0,0.0,4.0
2026-06-26 15:20:00,21.94,415.38,35.88,0.827,0,0.0,4.0
2026-06-26 15:25:00,24.27,413.26,39.9,0.922,0,0.0,4.0
2026-06-26 15:30:00,20.65,417.04,33.64,0.923,0,0.0,4.0
2026-06-26 15:35:00,23.35,415.52,38.16,0.922,0,0.0,4.0
2026-06-26 15:40:00,23.53,413.11,38.68,0.918,0,0.0,4.0
2026-06-26 15:45:00,25.06,414.86,41.04,0.847,0,0.0,4.0
2026-06-26 15:50:00,26.9,416.57,43.85,0.879,0,0.0,4.0
2026-06-26 15:55:00,20.47,416.38,33.39,0.929,0,0.0,4.0
2026-06-26 16:00:00,13.15,416.22,21.46,0.911,0,0.0,4.0
2026-06-26 16:05:00,17.59,415.23,28.77,0.82,0,0.0,4.73
2026-06-26 16:10:00,19.17,417.56,31.19,0.875,0,0.0,4.0
2026-06-26 16:15:00,10.0,418.09,16.25,0.821,0,0.0,4.0
2026-06-26 16:20:00,25.22,416.84,41.1,0.854,0,0.0,4.0
2026-06-26 16:25:00,18.68,413.53,30.68,0.872,0,0.0,4.0
2026-06-26 16:30:00,19.57,412.35,32.24,0.927,0,0.0,4.0
2026-06-26 16:35:00,24.21,413.64,39.75,0.899,0,0.0,4.0
2026-06-26 16:40:00,13.96,419.88,22.58,0.863,0,0.0,4.0
2026-06-26 16:45:00,19.73,415.7,32.23,0.879,0,0.0,4.0
2026-06-26 16:50:00,16.07,420.32,25.97,0.918,0,0.0,4.0
2026-06-26 16:55:00,15.48,414.7,25.35,0.856,0,0.0,4.49
2026-06-26 17:00:00,12.33,414.35,20.22,0.894,0,0.0,4.0
2026-06-26 17:05:00,24.33,414.81,39.84,0.851,0,0.0,4.0
2026-06-26 17:10:00,13.95,414.77,22.85,0.878,0,0.0,4.0
2026-06-26 17:15:00,19.17,413.07,31.52,0.823,0,0.0,4.0
2026-06-26 17:20:00,10.0,412.13,16.48,0.922,0,0.0,4.0
2026-06-26 17:25:00,21.31,416.25,34.77,0.826,0,0.0,4.0
2026-06-26 17:30:00,20.56,417.64,33.44,0.847,0,0.0,4.0
2026-06-26 17:35:00,15.7,421.11,25.32,0.86,0,0.0,4.0
2026-06-26 17:40:00,14.0,413.92,22.97,0.895,0,0.0,4.0
2026-06-26 17:45:00,17.07,414.12,28.01,0.906,0,0.0,4.0
2026-06-26 17:50:00,26.48,413.07,43.54,0.83,0,0.0,4.0
2026-06-26 17:55:00,10.0,417.81,16.26,0.825,0,0.0,4.0
2026-06-26 18:00:00,18.91,417.04,30.8,0.916,0,0.0,4.0
2026-06-26 18:05:00,10.45,412.81,17.2,0.905,0,0.0,4.0
2026-06-26 18:10:00,14.93,412.74,24.58,0.92,0,0.0,4.0
2026-06-26 18:15:00,13.84,417.38,22.52,0.901,0,0.0,4.0
2026-06-26 18:20:00,12.99,415.96,21.22,0.91,0,0.0,4.0
2026-06-26 18:25:00,15.16,416.9,24.69,0.865,0,0.0,4.0
2026-06-26 18:30:00,10.0,412.79,16.46,0.891,0,0.0,4.0
2026-06-26 18:35:00,20.55,410.31,34.03,0.917,0,0.0,4.0
2026-06-26 18:40:00,10.0,412.81,16.45,0.841,0,0.0,4.0
2026-06-26 18:45:00,18.37,416.72,29.95,0.871,0,0.0,4.0
2026-06-26 18:50:00,14.2,420.28,22.95,0.909,0,0.0,4.0
2026-06-26 18:55:00,10.15,413.93,16.65,0.884,0,0.0,4.0
2026-06-26 19:00:00,17.2,420.69,27.78,0.902,0,0.0,4.0
2026-06-26 19:05:00,10.0,417.07,16.29,0.855,0,0.0,4.0
2026-06-26 19:10:00,16.82,411.52,27.76,0.824,0,0.0,4.0
2026-06-26 19:15:00,10.0,415.54,16.35,0.823,0,0.0,4.0
2026-06-26 19:20:00,19.42,417.16,31.62,0.933,0,0.0,4.0
2026-06-26 19:25:00,12.76,408.94,21.19,0.933,0,0.0,4.9
2026-06-26 19:30:00,15.41,416.61,25.12,0.845,0,0.0,4.0
2026-06-26 19:35:00,19.43,417.93,31.59,0.838,0,0.0,4.0
2026-06-26 19:40:00,14.42,416.0,23.54,0.822,0,0.0,4.0
2026-06-26 19:45:00,18.32,414.85,30.0,0.848,0,0.0,4.0
2026-06-26 19:50:00,11.39,414.57,18.65,0.86,0,0.0,4.0
2026-06-26 19:55:00,22.47,414.42,36.83,0.849,0,0.0,4.0
2026-06-26 20:00:00,28.51,412.06,47.0,0.916,0,0.0,4.0
2026-06-26 20:05:00,34.04,413.28,55.95,0.91,1,7.07,5.39
2026-06-26 20:10:00,20.94,413.96,34.36,0.83,0,0.0,4.0
2026-06-26 20:15:00,24.84,415.28,40.63,0.904,0,0.0,4.0
2026-06-26 20:20:00,12.43,413.61,20.41,0.882,0,0.0,4.0
2026-06-26 20:25:00,29.29,412.83,48.19,0.836,0,0.0,4.0
2026-06-26 20:30:00,26.11,416.9,42.55,0.909,0,0.0,4.0
2026-06-26 20:35:00,20.28,415.93,33.13,0.83,0,0.0,4.0
2026-06-26 20:40:00,29.37,413.65,48.24,0.841,0,0.0,4.0
2026-06-26 20:45:00,22.41,416.27,36.57,0.838,0,0.0,4.0
2026-06-26 20:50:00,21.91,413.87,35.95,0.933,0,0.0,4.0
2026-06-26 20:55:00,27.09,415.16,44.33,0.904,0,0.0,4.0
2026-06-26 21:00:00,19.93,417.44,32.44,0.869,0,0.0,4.0
2026-06-26 21:05:00,30.91,413.49,50.77,0.919,1,5.08,7.09
2026-06-26 21:10:00,21.07,412.07,34.74,0.846,0,0.0,4.0
2026-06-26 21:15:00,21.67,414.64,35.5,0.932,0,0.0,4.0
2026-06-26 21:20:00,22.95,411.59,37.88,0.904,0,0.0,4.0
2026-06-26 21:25:00,31.89,414.31,52.28,0.887,1,17.25,5.29
2026-06-26 21:30:00,25.61,414.3,41.99,0.915,0,0.0,4.0
2026-06-26 21:35:00,22.56,408.84,37.49,0.897,0,0.0,4.0
2026-06-26 21:40:00,26.9,416.33,43.88,0.926,0,0.0,4.0
2026-06-26 21:45:00,30.39,414.54,49.8,0.919,1,11.33,6.49
2026-06-26 21:50:00,25.29,417.95,41.1,0.844,0,0.0,4.0
2026-06-26 21:55:00,26.08,415.54,42.64,0.849,0,0.0,4.0
2026-06-26 22:00:00,43.06,416.84,70.16,0.828,1,8.61,7.41
2026-06-26 22:05:00,28.86,417.98,46.9,0.846,0,0.0,4.0
2026-06-26 22:10:00,32.22,414.67,52.78,0.861,1,15.56,4.0
2026-06-26 22:15:00,32.68,415.0,53.5,0.823,1,20.47,5.35
2026-06-26 22:20:00,33.1,411.07,54.7,0.858,1,6.88,4.0
2026-06-26 22:25:00,39.01,418.1,63.38,0.913,1,13.0,7.8
2026-06-26 22:30:00,41.35,414.64,67.73,0.921,1,9.8,11.79
2026-06-26 22:35:00,35.78,412.49,58.93,0.821,1,15.7,6.31
2026-06-26 22:40:00,31.85,416.85,51.89,0.821,1,14.36,4.0
2026-06-26 22:45:00,45.12,409.55,74.84,0.838,1,13.99,8.37
2026-06-26 22:50:00,39.0,413.93,64.0,0.925,1,11.31,6.57
2026-06-26 22:55:00,48.86,417.27,79.53,0.876,1,19.54,12.68
2026-06-26 23:00:00,29.71,413.91,48.76,0.938,0,0.0,4.0
2026-06-26 23:05:00,42.66,413.21,70.12,0.926,1,9.04,5.84
2026-06-26 23:10:00,52.02,413.96,85.35,0.927,1,15.95,11.92
2026-06-26 23:15:00,41.41,409.98,68.6,0.835,1,16.93,4.67
2026-06-26 23:20:00,42.79,416.79,69.74,0.877,1,5.43,9.3
2026-06-26 23:25:00,46.15,414.69,75.6,0.939,1,9.08,7.22
2026-06-26 23:30:00,42.64,414.32,69.9,0.838,1,9.85,10.54
2026-06-26 23:35:00,44.63,414.33,73.17,0.889,1,9.96,8.42
2026-06-26 23:40:00,45.26,415.04,74.07,0.861,1,9.78,8.27
2026-06-26 23:45:00,44.57,416.63,72.67,0.867,1,10.43,9.93
2026-06-26 23:50:00,54.62,414.87,89.42,0.927,1,10.25,10.39
2026-06-26 23:55:00,51.54,411.6,85.06,0.891,1,22.68,7.56
2026-06-27 00:00:00,51.25,416.44,83.6,0.911,1,11.39,8.59
2026-06-27 00:05:00,54.81,416.25,89.44,0.901,1,12.0,6.71
2026-06-27 00:10:00,50.2,415.51,82.07,0.883,1,10.32,7.56
2026-06-27 00:15:00,48.42,417.69,78.74,0.915,1,24.35,4.99
2026-06-27 00:20:00,50.04,415.08,81.88,0.936,1,15.71,15.19
2026-06-27 00:25:00,53.82,417.78,87.5,0.936,1,17.21,10.49
2026-06-27 00:30:00,49.27,418.52,79.97,0.915,1,19.71,11.09
2026-06-27 00:35:00,52.82,416.46,86.16,0.878,1,11.67,8.16
2026-06-27 00:40:00,53.5,413.13,87.96,0.84,1,24.38,12.06
2026-06-27 00:45:00,67.45,414.67,110.49,0.825,1,8.05,14.33
2026-06-27 00:50:00,43.71,418.1,71.01,0.848,1,14.16,10.74
2026-06-27 00:55:00,57.42,411.26,94.84,0.861,1,7.91,10.54
2026-06-27 01:00:00,67.69,414.02,111.05,0.836,1,20.81,15.57
2026-06-27 01:05:00,60.4,414.14,99.07,0.847,1,7.15,9.83
2026-06-27 01:10:00,64.29,412.84,105.78,0.83,1,16.08,13.24
2026-06-27 01:15:00,61.75,417.18,100.54,0.883,1,7.1,11.58
2026-06-27 01:20:00,58.63,415.94,95.75,0.835,1,14.05,8.54
2026-06-27 01:25:00,51.48,413.22,84.62,0.909,1,10.61,5.57
2026-06-27 01:30:00,64.42,416.51,105.06,0.86,1,23.07,12.06
2026-06-27 01:35:00,60.22,414.6,98.66,0.901,1,6.06,10.46
2026-06-27 01:40:00,60.79,412.77,100.04,0.926,1,18.0,11.22
2026-06-27 01:45:00,62.99,413.22,103.54,0.83,1,18.91,14.71
2026-06-27 01:50:00,74.89,416.09,122.25,0.939,1,22.78,17.8
2026-06-27 01:55:00,78.86,417.35,128.35,0.897,1,22.55,16.84
2026-06-27 02:00:00,68.59,413.78,112.59,0.826,1,24.54,14.93
2026-06-27 02:05:00,65.83,416.36,107.4,0.858,1,10.08,12.17
2026-06-27 02:10:00,62.92,418.95,102.01,0.926,1,10.5,12.26
2026-06-27 02:15:00,71.79,411.85,118.4,0.892,1,12.95,14.56
2026-06-27 02:20:00,78.99,415.89,129.01,0.854,1,15.75,15.33
2026-06-27 02:25:00,69.46,417.08,113.12,0.933,1,12.34,14.49
2026-06-27 02:30:00,59.41,414.76,97.3,0.914,1,19.81,11.79
2026-06-27 02:35:00,75.26,418.1,122.27,0.908,1,5.17,12.66
2026-06-27 02:40:00,77.42,420.5,125.07,0.927,1,5.35,14.81
2026-06-27 02:45:00,65.15,415.86,106.41,0.912,1,19.32,12.15
2026-06-27 02:50:00,74.53,414.42,122.16,0.854,1,22.66,17.9
2026-06-27 02:55:00,76.46,417.44,124.41,0.89,1,20.53,13.8
2026-06-27 03:00:00,74.38,417.11,121.13,0.921,1,7.34,20.36
2026-06-27 03:05:00,71.33,408.7,118.55,0.842,1,23.7,17.81
2026-06-27 03:10:00,80.88,414.99,132.39,0.84,1,15.44,12.71
2026-06-27 03:15:00,74.3,414.01,121.9,0.839,1,19.85,17.26
2026-06-27 03:20:00,69.39,415.99,113.3,0.843,1,9.02,12.65
2026-06-27 03:25:00,67.05,414.52,109.87,0.832,1,15.98,14.17
2026-06-27 03:30:00,84.07,414.79,137.68,0.921,1,11.6,19.36
2026-06-27 03:35:00,81.31,412.84,133.78,0.918,1,24.5,14.07
2026-06-27 03:40:00,79.11,416.84,128.91,0.838,1,14.48,13.89
2026-06-27 03:45:00,76.9,419.14,124.62,0.905,1,20.11,16.59
2026-06-27 03:50:00,76.87,412.88,126.47,0.895,1,17.06,13.84
2026-06-27 03:55:00,74.54,411.51,123.04,0.853,1,6.89,8.62
2026-06-27 04:00:00,78.15,415.05,127.9,0.847,1,15.86,17.09
2026-06-27 04:05:00,70.09,414.93,114.73,0.85,1,15.8,14.26
2026-06-27 04:10:00,77.37,417.93,125.74,0.908,1,19.31,14.84
2026-06-27 04:15:00,79.84,411.93,131.65,0.858,1,11.44,15.23
2026-06-27 04:20:00,84.77,413.66,139.2,0.853,1,22.21,21.54
2026-06-27 04:25:00,81.84,409.63,135.7,0.823,1,17.45,17.94
2026-06-27 04:30:00,86.31,418.44,140.11,0.929,1,5.79,13.84
2026-06-27 04:35:00,89.37,415.63,146.05,0.91,1,19.14,17.33
2026-06-27 04:40:00,88.18,413.84,144.73,0.877,1,23.14,19.77
2026-06-27 04:45:00,85.5,411.69,141.06,0.933,1,18.66,19.01
2026-06-27 04:50:00,83.44,411.92,137.59,0.855,1,12.6,12.18
2026-06-27 04:55:00,78.7,416.04,128.49,0.901,1,16.81,13.85
2026-06-27 05:00:00,87.51,412.23,144.19,0.857,1,8.43,13.55
2026-06-27 05:05:00,92.4,415.26,151.13,0.858,1,17.03,18.96
2026-06-27 05:10:00,85.88,420.11,138.86,0.921,1,15.02,14.11
2026-06-27 05:15:00,93.91,414.13,154.04,0.914,1,5.52,20.77
2026-06-27 05:20:00,76.84,412.6,126.5,0.855,1,11.44,17.4
2026-06-27 05:25:00,78.82,415.96,128.72,0.83,1,8.82,14.06
2026-06-27 05:30:00,88.98,411.94,146.72,0.863,1,12.81,13.73
2026-06-27 05:35:00,86.11,419.3,139.5,0.911,1,9.84,14.17
2026-06-27 05:40:00,91.44,418.51,148.4,0.832,1,21.68,18.58
2026-06-27 05:45:00,84.85,414.59,139.01,0.901,1,18.95,18.19
2026-06-27 05:50:00,80.63,412.76,132.68,0.927,1,19.8,15.41
2026-06-27 05:55:00,83.92,413.94,137.72,0.842,1,12.22,9.78
2026-06-27 06:00:00,77.34,414.26,126.81,0.923,1,5.07,15.74
2026-06-27 06:05:00,79.35,415.96,129.58,0.826,1,9.38,10.08
2026-06-27 06:10:00,89.83,417.6,146.11,0.9,1,20.11,12.28
2026-06-27 06:15:00,89.29,412.41,147.06,0.915,1,17.06,19.23
2026-06-27 06:20:00,86.68,417.53,141.02,0.873,1,15.77,13.65
2026-06-27 06:25:00,76.19,416.54,124.24,0.844,1,10.61,14.82
2026-06-27 06:30:00,82.91,413.73,136.12,0.931,1,6.51,15.46
2026-06-27 06:35:00,78.47,412.28,129.28,0.822,1,20.7,13.3
2026-06-27 06:40:00,90.35,415.29,147.78,0.887,1,5.77,17.03
2026-06-27 06:45:00,81.41,412.35,134.1,0.865,1,6.18,13.69
2026-06-27 06:50:00,78.74,417.56,128.09,0.875,1,10.9,14.83
2026-06-27 06:55:00,84.15,412.19,138.67,0.884,1,16.46,15.08
2026-06-27 07:00:00,80.61,416.37,131.5,0.884,1,24.84,14.59
2026-06-27 07:05:00,91.02,414.8,149.05,0.844,1,6.81,15.2
2026-06-27 07:10:00,79.71,413.6,130.9,0.902,1,14.46,12.99
2026-06-27 07:15:00,76.15,414.74,124.71,0.822,1,17.04,16.53
2026-06-27 07:20:00,72.12,417.7,117.29,0.823,1,21.46,13.01
2026-06-27 07:25:00,82.47,412.02,135.95,0.877,1,18.79,13.17
2026-06-27 07:30:00,79.53,413.97,130.49,0.885,1,21.15,14.43
2026-06-27 07:35:00,74.89,413.12,123.14,0.853,1,15.45,13.03
2026-06-27 07:40:00,87.67,414.9,143.52,0.886,1,13.68,15.55
2026-06-27 07:45:00,84.73,413.29,139.25,0.882,1,17.37,17.77
2026-06-27 07:50:00,80.9,410.58,133.85,0.862,1,23.02,14.26
2026-06-27 07:55:00,87.51,412.36,144.14,0.898,1,16.02,15.68
2026-06-27 08:00:00,83.62,419.09,135.53,0.935,1,17.11,17.39
2026-06-27 08:05:00,75.81,415.62,123.89,0.879,1,11.76,15.26
2026-06-27 08:10:00,74.32,415.53,121.49,0.914,1,16.92,12.64
2026-06-27 08:15:00,83.19,414.29,136.4,0.85,1,17.56,18.08
2026-06-27 08:20:00,80.65,414.87,132.05,0.911,1,20.07,17.62
2026-06-27 08:25:00,79.07,413.93,129.76,0.898,1,16.44,16.99
2026-06-27 08:30:00,73.53,416.32,119.98,0.897,1,8.95,14.38
2026-06-27 08:35:00,80.34,415.25,131.41,0.927,1,16.64,14.89
2026-06-27 08:40:00,73.03,412.07,120.39,0.848,1,10.96,11.21
2026-06-27 08:45:00,75.8,415.63,123.88,0.864,1,6.75,10.79
2026-06-27 08:50:00,83.04,408.85,137.96,0.83,1,21.51,15.83
2026-06-27 08:55:00,71.98,416.03,117.52,0.907,1,6.32,13.31
2026-06-27 09:00:00,66.88,411.48,110.41,0.921,1,17.63,12.32
2026-06-27 09:05:00,68.94,414.76,112.9,0.869,1,24.77,13.39
2026-06-27 09:10:00,78.62,412.01,129.61,0.863,1,6.75,17.64
2026-06-27 09:15:00,74.35,415.01,121.69,0.899,1,9.4,17.61
2026-06-27 09:20:00,71.85,416.45,117.2,0.829,1,20.22,11.39
2026-06-27 09:25:00,69.36,418.76,112.51,0.855,1,6.94,13.5
2026-06-27 09:30:00,73.73,411.15,121.82,0.864,1,21.65,14.47
2026-06-27 09:35:00,66.45,417.44,108.13,0.882,1,5.01,13.77
2026-06-27 09:40:00,71.6,415.33,117.11,0.877,1,22.8,18.03
2026-06-27 09:45:00,65.79,413.87,107.97,0.845,1,6.34,17.21
2026-06-27 09:50:00,64.32,416.9,104.79,0.885,1,23.44,14.41
2026-06-27 09:55:00,64.97,414.41,106.49,0.931,1,22.29,12.9
2026-06-27 10:00:00,65.62,416.79,106.95,0.823,1,15.79,11.76
2026-06-27 10:05:00,66.59,412.52,109.65,0.902,1,20.56,18.76
2026-06-27 10:10:00,67.34,413.42,110.64,0.895,1,6.5,10.67
2026-06-27 10:15:00,47.04,417.36,76.56,0.931,1,7.7,10.75
2026-06-27 10:20:00,60.75,418.71,98.56,0.897,1,12.39,10.94
2026-06-27 10:25:00,62.14,414.91,101.73,0.895,1,15.75,8.88
2026-06-27 10:30:00,70.92,408.03,118.06,0.912,1,22.36,17.85
2026-06-27 10:35:00,57.29,414.5,93.87,0.852,1,15.85,7.08
2026-06-27 10:40:00,62.78,415.08,102.74,0.891,1,18.3,7.25
2026-06-27 10:45:00,68.73,414.42,112.65,0.882,1,18.6,14.92
2026-06-27 10:50:00,53.96,415.84,88.14,0.873,1,22.55,10.14
2026-06-27 10:55:00,61.76,413.81,101.38,0.83,1,20.54,13.14
2026-06-27 11:00:00,55.05,417.1,89.65,0.855,1,24.54,11.12
2026-06-27 11:05:00,55.8,412.08,91.97,0.854,1,5.4,11.7
2026-06-27 11:10:00,53.56,418.09,87.02,0.907,1,9.16,9.42
2026-06-27 11:15:00,53.17,418.88,86.22,0.93,1,23.61,12.84
2026-06-27 11:20:00,69.69,412.72,114.69,0.848,1,20.84,15.74
2026-06-27 11:25:00,59.55,412.72,98.0,0.829,1,10.35,14.81
2026-06-27 11:30:00,60.08,416.03,98.09,0.94,1,24.48,14.96
2026-06-27 11:35:00,56.27,412.03,92.76,0.903,1,22.4,11.0
2026-06-27 11:40:00,45.02,413.77,73.9,0.926,1,6.29,10.03
2026-06-27 11:45:00,54.26,417.76,88.23,0.837,1,21.23,11.79
2026-06-27 11:50:00,56.89,416.84,92.71,0.916,1,20.69,12.25
2026-06-27 11:55:00,46.5,419.95,75.21,0.918,1,9.42,5.78
2026-06-27 12:00:00,54.83,415.43,89.65,0.838,1,18.38,12.53
2026-06-27 12:05:00,52.76,413.47,86.67,0.839,1,24.4,12.12
2026-06-27 12:10:00,57.73,415.13,94.47,0.855,1,18.52,15.52
2026-06-27 12:15:00,45.62,414.62,74.74,0.846,1,21.28,11.97
2026-06-27 12:20:00,41.46,414.66,67.92,0.937,1,6.99,8.16
2026-06-27 12:25:00,44.38,414.94,72.65,0.864,1,19.55,8.73
2026-06-27 12:30:00,52.61,412.67,86.6,0.911,1,9.1,7.61
2026-06-27 12:35:00,35.53,415.71,58.06,0.917,1,6.44,10.92
2026-06-27 12:40:00,33.58,411.48,55.43,0.866,1,16.04,4.39
2026-06-27 12:45:00,43.62,413.21,71.7,0.902,1,20.01,4.53
2026-06-27 12:50:00,40.21,414.7,65.86,0.833,1,15.93,10.11
2026-06-27 12:55:00,41.72,409.35,69.23,0.868,1,23.63,8.89
2026-06-27 13:00:00,45.67,416.92,74.4,0.936,1,18.91,9.78
2026-06-27 13:05:00,37.44,409.87,62.05,0.84,1,7.35,7.54
2026-06-27 13:10:00,30.11,416.67,49.09,0.866,1,23.69,4.16
2026-06-27 13:15:00,48.97,411.77,80.78,0.915,1,8.06,10.07
2026-06-27 13:20:00,33.04,413.99,54.22,0.9,1,20.17,6.21
2026-06-27 13:25:00,32.02,416.3,52.24,0.896,1,7.97,5.09
2026-06-27 13:30:00,42.12,420.5,68.05,0.922,1,24.97,12.12
2026-06-27 13:35:00,33.98,415.29,55.58,0.823,1,11.64,8.53
2026-06-27 13:40:00,34.89,410.04,57.8,0.913,1,14.92,4.0
2026-06-27 13:45:00,36.93,417.38,60.11,0.926,1,14.34,7.86
2026-06-27 13:50:00,39.26,414.42,64.34,0.822,1,7.04,9.88
2026-06-27 13:55:00,31.5,415.17,51.53,0.887,1,14.88,4.0
2026-06-27 14:00:00,40.1,416.39,65.41,0.862,1,7.99,5.62
2026-06-27 14:05:00,21.16,409.44,35.11,0.826,0,0.0,4.0
2026-06-27 14:10:00,34.99,415.02,57.27,0.87,1,24.17,6.46
2026-06-27 14:15:00,26.36,413.98,43.25,0.897,0,0.0,4.0
2026-06-27 14:20:00,36.79,418.05,59.77,0.93,1,13.62,10.07
2026-06-27 14:25:00,30.01,416.82,48.91,0.894,1,5.05,5.25
2026-06-27 14:30:00,25.33,410.93,41.87,0.923,0,0.0,4.0
2026-06-27 14:35:00,31.41,418.16,51.02,0.835,1,14.9,6.28
2026-06-27 14:40:00,31.97,416.12,52.18,0.845,1,18.59,9.27
2026-06-27 14:45:00,30.13,411.13,49.78,0.936,1,21.39,4.0
2026-06-27 14:50:00,21.21,415.14,34.7,0.926,0,0.0,4.0
2026-06-27 14:55:00,23.38,417.59,38.03,0.848,0,0.0,4.0
2026-06-27 15:00:00,25.23,411.96,41.6,0.895,0,0.0,4.0
2026-06-27 15:05:00,24.51,418.44,39.79,0.864,0,0.0,4.0
2026-06-27 15:10:00,27.94,411.22,46.16,0.876,0,0.0,4.0
2026-06-27 15:15:00,13.61,413.02,22.38,0.923,0,0.0,4.0
2026-06-27 15:20:00,24.86,412.64,40.92,0.908,0,0.0,4.0
2026-06-27 15:25:00,21.25,418.44,34.5,0.849,0,0.0,4.0
2026-06-27 15:30:00,18.04,413.77,29.61,0.858,0,0.0,4.0
2026-06-27 15:35:00,18.06,412.09,29.77,0.855,0,0.0,4.0
2026-06-27 15:40:00,20.26,416.11,33.07,0.914,0,0.0,4.0
2026-06-27 15:45:00,10.0,416.65,16.3,0.879,0,0.0,5.39
2026-06-27 15:50:00,16.97,416.67,27.67,0.934,0,0.0,4.0
2026-06-27 15:55:00,15.7,414.32,25.74,0.918,0,0.0,4.0
2026-06-27 16:00:00,22.35,415.64,36.53,0.845,0,0.0,4.0
2026-06-27 16:05:00,15.29,413.37,25.12,0.914,0,0.0,4.0
2026-06-27 16:10:00,17.88,419.19,28.97,0.881,0,0.0,4.0
2026-06-27 16:15:00,26.32,417.86,42.79,0.85,0,0.0,4.0
2026-06-27 16:20:00,23.25,417.71,37.81,0.864,0,0.0,4.0
2026-06-27 16:25:00,22.48,416.99,36.61,0.937,0,0.0,4.0
2026-06-27 16:30:00,15.16,416.3,24.74,0.878,0,0.0,4.0
2026-06-27 16:35:00,20.09,411.89,33.14,0.906,0,0.0,4.0
2026-06-27 16:40:00,15.94,416.58,25.99,0.877,0,0.0,4.0
2026-06-27 16:45:00,15.88,415.29,25.97,0.865,0,0.0,4.0
2026-06-27 16:50:00,18.67,418.16,30.32,0.916,0,0.0,4.0
2026-06-27 16:55:00,13.41,417.02,21.85,0.922,0,0.0,4.0
2026-06-27 17:00:00,23.66,416.38,38.59,0.829,0,0.0,4.0
2026-06-27 17:05:00,15.2,410.79,25.14,0.853,0,0.0,4.0
2026-06-27 17:10:00,18.92,414.78,30.99,0.881,0,0.0,4.0
2026-06-27 17:15:00,22.95,413.61,37.69,0.858,0,0.0,4.0
2026-06-27 17:20:00,20.69,415.63,33.81,0.914,0,0.0,4.0
2026-06-27 17:25:00,10.0,413.96,16.41,0.834,0,0.0,4.08
2026-06-27 17:30:00,17.52,414.31,28.73,0.916,0,0.0,4.0
2026-06-27 17:35:00,19.46,416.15,31.77,0.894,0,0.0,4.0
2026-06-27 17:40:00,19.59,413.92,32.15,0.855,0,0.0,4.0
2026-06-27 17:45:00,10.0,415.3,16.36,0.861,0,0.0,4.15
2026-06-27 17:50:00,11.75,411.2,19.41,0.842,0,0.0,4.0
2026-06-27 17:55:00,19.98,412.92,32.87,0.85,0,0.0,4.0
2026-06-27 18:00:00,11.19,416.64,18.25,0.906,0,0.0,4.0
2026-06-27 18:05:00,13.51,411.92,22.28,0.865,0,0.0,4.0
2026-06-27 18:10:00,22.91,418.11,37.22,0.902,0,0.0,4.0
2026-06-27 18:15:00,14.84,417.44,24.14,0.882,0,0.0,4.0
2026-06-27 18:20:00,11.5,414.33,18.85,0.837,0,0.0,4.0
2026-06-27 18:25:00,10.82,422.5,17.4,0.88,0,0.0,6.01
2026-06-27 18:30:00,16.96,418.11,27.56,0.911,0,0.0,4.0
2026-06-27 18:35:00,10.0,412.63,16.46,0.856,0,0.0,4.0
2026-06-27 18:40:00,14.3,416.87,23.29,0.898,0,0.0,4.0
2026-06-27 18:45:00,17.34,415.16,28.37,0.844,0,0.0,4.0
2026-06-27 18:50:00,22.33,413.06,36.71,0.836,0,0.0,4.0
2026-06-27 18:55:00,19.34,412.33,31.86,0.863,0,0.0,4.0
2026-06-27 19:00:00,12.62,417.49,20.54,0.867,0,0.0,4.47
2026-06-27 19:05:00,22.29,413.51,36.62,0.911,0,0.0,4.0
2026-06-27 19:10:00,15.12,414.75,24.77,0.875,0,0.0,4.0
2026-06-27 19:15:00,10.68,412.7,17.58,0.83,0,0.0,4.0
2026-06-27 19:20:00,16.25,413.13,26.72,0.896,0,0.0,4.0
2026-06-27 19:25:00,24.57,414.68,40.25,0.876,0,0.0,4.0
2026-06-27 19:30:00,18.49,415.97,30.19,0.86,0,0.0,4.88
2026-06-27 19:35:00,18.03,408.53,29.97,0.916,0,0.0,4.0
2026-06-27 19:40:00,26.47,415.04,43.31,0.839,0,0.0,4.0
2026-06-27 19:45:00,11.45,413.13,18.83,0.93,0,0.0,4.0
2026-06-27 19:50:00,12.53,418.51,20.33,0.86,0,0.0,4.0
2026-06-27 19:55:00,11.24,422.36,18.07,0.875,0,0.0,4.0
2026-06-27 20:00:00,21.55,414.1,35.35,0.932,0,0.0,4.33
2026-06-27 20:05:00,20.91,410.69,34.58,0.911,0,0.0,4.0
2026-06-27 20:10:00,28.19,415.29,46.12,0.829,0,0.0,4.0
2026-06-27 20:15:00,22.12,414.49,36.24,0.889,0,0.0,4.0
2026-06-27 20:20:00,19.31,419.93,31.23,0.857,0,0.0,4.0
2026-06-27 20:25:00,21.78,419.17,35.3,0.881,0,0.0,4.0
2026-06-27 20:30:00,22.82,417.16,37.16,0.909,0,0.0,4.0
2026-06-27 20:35:00,14.35,413.53,23.56,0.88,0,0.0,4.0
2026-06-27 20:40:00,36.74,416.69,59.89,0.829,1,12.56,6.23
2026-06-27 20:45:00,26.28,415.66,42.95,0.884,0,0.0,4.0
2026-06-27 20:50:00,25.25,415.6,41.26,0.823,0,0.0,4.0
2026-06-27 20:55:00,27.79,411.1,45.92,0.862,0,0.0,4.0
2026-06-27 21:00:00,28.8,417.65,46.84,0.877,0,0.0,4.0
2026-06-27 21:05:00,25.09,415.27,41.05,0.897,0,0.0,4.0
2026-06-27 21:10:00,23.2,414.75,37.99,0.881,0,0.0,4.0
2026-06-27 21:15:00,29.92,413.5,49.15,0.838,0,0.0,4.0
2026-06-27 21:20:00,29.43,413.02,48.4,0.932,0,0.0,4.0
2026-06-27 21:25:00,24.04,415.79,39.28,0.898,0,0.0,4.0
2026-06-27 21:30:00,35.79,410.63,59.2,0.858,1,12.38,6.04
2026-06-27 21:35:00,30.77,416.97,50.13,0.936,1,12.55,9.59
2026-06-27 21:40:00,33.57,412.36,55.3,0.926,1,17.8,9.18
2026-06-27 21:45:00,37.51,409.85,62.17,0.837,1,6.79,7.86
2026-06-27 21:50:00,31.3,419.55,50.68,0.899,1,7.9,5.16
2026-06-27 21:55:00,33.43,412.85,55.0,0.887,1,21.94,4.95
2026-06-27 22:00:00,36.55,413.19,60.09,0.843,1,9.05,5.81
2026-06-27 22:05:00,29.54,417.84,48.02,0.848,0,0.0,4.0
2026-06-27 22:10:00,34.11,419.64,55.21,0.888,1,9.52,4.0
2026-06-27 22:15:00,35.15,411.17,58.06,0.859,1,6.76,10.81
2026-06-27 22:20:00,30.43,412.61,50.09,0.92,1,23.0,9.49
2026-06-27 22:25:00,47.49,412.79,78.15,0.832,1,23.03,12.51
2026-06-27 22:30:00,29.57,417.34,48.13,0.93,0,0.0,4.0
2026-06-27 22:35:00,30.82,419.1,49.96,0.921,1,14.24,6.51
2026-06-27 22:40:00,44.6,412.3,73.48,0.909,1,16.06,9.7
2026-06-27 22:45:00,42.32,418.54,68.68,0.852,1,13.16,7.43
2026-06-27 22:50:00,34.35,413.23,56.46,0.906,1,20.14,12.08
2026-06-27 22:55:00,43.24,415.84,70.63,0.873,1,20.09,8.47
2026-06-27 23:00:00,48.28,411.82,79.63,0.896,1,21.38,8.66
2026-06-27 23:05:00,41.53,414.7,68.02,0.858,1,15.46,7.64
2026-06-27 23:10:00,55.42,414.72,90.77,0.92,1,21.03,9.36
2026-06-27 23:15:00,34.55,414.21,56.66,0.825,1,8.11,8.49
2026-06-27 23:20:00,47.39,415.96,77.39,0.903,1,5.6,7.61
2026-06-27 23:25:00,50.51,412.48,83.17,0.919,1,17.96,9.7
2026-06-27 23:30:00,49.89,412.79,82.09,0.898,1,7.11,12.42
2026-06-27 23:35:00,45.17,416.09,73.73,0.843,1,16.01,11.4
2026-06-27 23:40:00,45.5,418.36,73.87,0.854,1,19.42,6.8
2026-06-27 23:45:00,49.93,414.94,81.74,0.882,1,13.14,12.37
2026-06-27 23:50:00,52.55,416.26,85.75,0.86,1,5.88,6.48
2026-06-27 23:55:00,52.25,416.9,85.13,0.821,1,22.74,7.07
2026-06-28 00:00:00,55.2,417.08,89.9,0.825,1,5.86,9.47
2026-06-28 00:05:00,45.67,412.62,75.18,0.912,1,23.1,10.05
2026-06-28 00:10:00,50.39,413.06,82.86,0.83,1,6.05,8.85
2026-06-28 00:15:00,47.59,413.27,78.22,0.931,1,19.7,10.57
2026-06-28 00:20:00,51.12,419.82,82.71,0.873,1,23.5,9.51
2026-06-28 00:25:00,58.89,416.27,96.09,0.911,1,23.14,7.0
2026-06-28 00:30:00,55.11,416.16,89.95,0.835,1,22.87,10.62
2026-06-28 00:35:00,68.36,415.92,111.64,0.931,1,22.66,9.93
2026-06-28 00:40:00,57.04,411.7,94.12,0.824,1,15.21,11.04
2026-06-28 00:45:00,57.13,419.85,92.42,0.825,1,16.15,8.2
2026-06-28 00:50:00,58.11,416.2,94.83,0.827,1,17.39,12.52
2026-06-28 00:55:00,55.13,416.81,89.84,0.832,1,22.92,14.2
2026-06-28 01:00:00,58.77,410.59,97.23,0.878,1,21.76,7.67
2026-06-28 01:05:00,65.43,416.95,106.6,0.915,1,20.66,8.09
2026-06-28 01:10:00,61.09,414.11,100.21,0.854,1,18.51,11.23
2026-06-28 01:15:00,57.28,411.69,94.51,0.909,1,17.37,13.79
2026-06-28 01:20:00,57.35,412.62,94.4,0.913,1,23.45,11.85
2026-06-28 01:25:00,60.43,411.84,99.68,0.929,1,8.85,10.34
2026-06-28 01:30:00,63.76,411.8,105.18,0.838,1,8.85,9.44
2026-06-28 01:35:00,70.06,415.15,114.64,0.836,1,24.65,15.52
2026-06-28 01:40:00,58.09,414.03,95.3,0.835,1,16.06,14.81
2026-06-28 01:45:00,63.88,415.84,104.35,0.863,1,14.67,7.91
2026-06-28 01:50:00,66.88,419.19,108.38,0.879,1,22.01,13.82
2026-06-28 01:55:00,57.67,414.68,94.46,0.875,1,22.0,17.36
2026-06-28 02:00:00,63.33,409.39,105.08,0.851,1,8.53,10.43
2026-06-28 02:05:00,64.76,414.4,106.15,0.895,1,8.47,11.64
2026-06-28 02:10:00,64.83,417.98,105.35,0.861,1,20.91,12.63
2026-06-28 02:15:00,70.4,414.79,115.29,0.864,1,20.71,12.76
2026-06-28 02:20:00,69.27,418.82,112.35,0.833,1,9.5,15.48
2026-06-28 02:25:00,67.92,416.13,110.87,0.891,1,21.83,17.48
2026-06-28 02:30:00,73.45,410.4,121.56,0.899,1,14.6,10.01
2026-06-28 02:35:00,80.52,415.27,131.71,0.911,1,14.4,13.06
2026-06-28 02:40:00,80.69,415.74,131.84,0.928,1,24.71,18.64
2026-06-28 02:45:00,63.46,417.7,103.2,0.912,1,15.38,13.58
2026-06-28 02:50:00,76.53,419.55,123.9,0.848,1,7.74,15.17
2026-06-28 02:55:00,73.31,417.27,119.34,0.848,1,10.6,15.34
2026-06-28 03:00:00,75.52,416.1,123.29,0.93,1,11.67,14.4
2026-06-28 03:05:00,73.29,416.69,119.47,0.915,1,24.17,15.51
2026-06-28 03:10:00,76.39,414.58,125.16,0.914,1,10.28,13.51
2026-06-28 03:15:00,77.07,411.34,127.27,0.906,1,13.61,14.03
2026-06-28 03:20:00,73.92,415.1,120.95,0.852,1,19.99,14.08
2026-06-28 03:25:00,72.81,415.91,118.92,0.922,1,10.48,12.69
2026-06-28 03:30:00,75.52,411.99,124.52,0.837,1,19.03,15.63
2026-06-28 03:35:00,79.4,418.32,128.92,0.862,1,9.15,15.44
2026-06-28 03:40:00,81.67,417.51,132.86,0.862,1,9.85,10.88
2026-06-28 03:45:00,83.37,411.57,137.59,0.887,1,24.73,15.77
2026-06-28 03:50:00,77.05,418.41,125.08,0.876,1,12.38,14.54
2026-06-28 03:55:00,81.34,414.23,133.38,0.875,1,19.59,19.16
2026-06-28 04:00:00,85.12,413.05,139.98,0.886,1,21.8,15.75
2026-06-28 04:05:00,86.51,417.7,140.69,0.87,1,11.94,16.39
2026-06-28 04:10:00,80.75,414.87,132.21,0.85,1,12.14,14.97
2026-06-28 04:15:00,80.29,419.75,129.92,0.9,1,20.46,18.53
2026-06-28 04:20:00,82.68,412.87,136.02,0.915,1,17.14,12.98
2026-06-28 04:25:00,76.29,410.67,126.18,0.877,1,12.24,12.53
2026-06-28 04:30:00,81.37,414.3,133.4,0.898,1,19.99,13.68
2026-06-28 04:35:00,86.34,416.97,140.65,0.884,1,22.27,16.69
2026-06-28 04:40:00,86.1,412.68,141.71,0.827,1,9.7,12.53
2026-06-28 04:45:00,81.79,411.67,134.95,0.871,1,5.49,18.38
2026-06-28 04:50:00,84.47,415.57,138.06,0.821,1,10.48,16.69
2026-06-28 04:55:00,79.48,411.34,131.24,0.899,1,18.49,16.58
2026-06-28 05:00:00,87.32,415.77,142.67,0.881,1,23.31,21.74
2026-06-28 05:05:00,83.61,414.15,137.13,0.835,1,22.26,15.37
2026-06-28 05:10:00,82.79,416.24,135.11,0.885,1,9.44,17.35
2026-06-28 05:15:00,82.52,411.54,136.2,0.928,1,22.62,17.33
2026-06-28 05:20:00,84.15,418.25,136.67,0.861,1,21.21,19.76
2026-06-28 05:25:00,82.35,414.54,134.94,0.938,1,19.69,17.4
2026-06-28 05:30:00,87.99,416.91,143.36,0.935,1,18.76,15.6
2026-06-28 05:35:00,82.82,417.4,134.77,0.914,1,21.14,16.94
2026-06-28 05:40:00,92.83,412.11,153.01,0.918,1,22.23,16.33
2026-06-28 05:45:00,92.25,417.21,150.19,0.869,1,21.38,16.6
2026-06-28 05:50:00,80.51,411.44,132.91,0.868,1,7.44,14.83
2026-06-28 05:55:00,85.34,411.57,140.84,0.935,1,19.44,15.9
2026-06-28 06:00:00,81.75,419.91,132.24,0.864,1,21.83,13.74
2026-06-28 06:05:00,83.36,417.78,135.53,0.832,1,8.71,10.2
2026-06-28 06:10:00,94.98,420.18,153.54,0.838,1,9.28,18.24
2026-06-28 06:15:00,83.39,414.07,136.79,0.905,1,20.72,16.89
2026-06-28 06:20:00,86.67,415.26,141.77,0.866,1,11.88,17.03
2026-06-28 06:25:00,87.5,416.32,142.76,0.844,1,12.99,20.8
2026-06-28 06:30:00,79.7,414.97,130.46,0.918,1,12.54,11.42
2026-06-28 06:35:00,80.32,413.13,132.05,0.879,1,9.26,18.51
2026-06-28 06:40:00,78.44,412.76,129.08,0.888,1,23.78,21.06
2026-06-28 06:45:00,79.9,415.53,130.61,0.838,1,21.12,19.51
2026-06-28 06:50:00,69.92,412.33,115.18,0.843,1,10.01,12.28
2026-06-28 06:55:00,86.72,412.26,142.88,0.835,1,7.12,17.01
2026-06-28 07:00:00,94.08,415.98,153.62,0.882,1,12.45,15.78
2026-06-28 07:05:00,84.34,414.76,138.12,0.913,1,13.31,14.29
2026-06-28 07:10:00,76.3,417.34,124.18,0.908,1,5.14,17.97
2026-06-28 07:15:00,79.93,413.94,131.16,0.851,1,22.74,17.14
2026-06-28 07:20:00,80.59,413.55,132.38,0.922,1,22.03,17.36
2026-06-28 07:25:00,77.53,416.06,126.58,0.833,1,22.0,12.46
2026-06-28 07:30:00,86.64,412.97,142.5,0.834,1,21.12,13.25
2026-06-28 07:35:00,86.09,413.35,141.46,0.922,1,19.66,18.92
2026-06-28 07:40:00,75.94,413.45,124.77,0.849,1,17.69,15.53
2026-06-28 07:45:00,85.02,414.48,139.33,0.905,1,24.21,15.82
2026-06-28 07:50:00,88.68,419.43,143.61,0.821,1,19.23,20.94
2026-06-28 07:55:00,90.2,411.56,148.87,0.831,1,17.6,18.49
2026-06-28 08:00:00,94.64,418.24,153.7,0.893,1,20.78,16.11
2026-06-28 08:05:00,75.41,416.84,122.89,0.842,1,9.93,9.59
2026-06-28 08:10:00,93.64,418.92,151.83,0.823,1,24.34,19.45
2026-06-28 08:15:00,77.33,422.84,124.22,0.876,1,5.38,13.1
2026-06-28 08:20:00,75.71,418.58,122.86,0.86,1,17.97,14.21
2026-06-28 08:25:00,79.86,417.31,129.99,0.916,1,6.54,14.19
2026-06-28 08:30:00,74.86,411.72,123.5,0.918,1,22.07,17.88
2026-06-28 08:35:00,79.29,412.03,130.71,0.894,1,24.35,17.44
2026-06-28 08:40:00,70.21,415.9,114.67,0.855,1,13.17,13.07
2026-06-28 08:45:00,75.12,410.75,124.23,0.875,1,22.14,14.34
2026-06-28 08:50:00,82.23,416.54,134.1,0.904,1,11.71,16.05
2026-06-28 08:55:00,75.0,409.66,124.35,0.828,1,8.19,16.95
2026-06-28 09:00:00,75.46,417.88,122.65,0.86,1,10.53,14.3
2026-06-28 09:05:00,76.58,414.2,125.59,0.919,1,11.04,13.01
2026-06-28 09:10:00,79.5,415.32,130.02,0.869,1,17.61,12.41
2026-06-28 09:15:00,64.8,413.13,106.54,0.895,1,20.92,12.51
2026-06-28 09:20:00,75.42,410.25,124.87,0.832,1,9.1,11.26
2026-06-28 09:25:00,70.57,418.09,114.65,0.913,1,6.76,13.83
2026-06-28 09:30:00,72.14,418.34,117.13,0.832,1,9.43,14.5
2026-06-28 09:35:00,76.0,414.12,124.65,0.923,1,10.93,16.98
2026-06-28 09:40:00,64.1,416.65,104.51,0.833,1,10.6,11.58
2026-06-28 09:45:00,64.38,414.02,105.63,0.927,1,9.4,14.44
2026-06-28 09:50:00,59.13,415.72,96.61,0.864,1,14.32,15.08
2026-06-28 09:55:00,65.41,416.9,106.58,0.895,1,22.12,13.05
2026-06-28 10:00:00,74.15,416.39,120.96,0.922,1,7.01,18.86
2026-06-28 10:05:00,66.23,418.35,107.54,0.821,1,22.24,16.35
2026-06-28 10:10:00,59.46,416.3,97.02,0.852,1,14.94,10.34
2026-06-28 10:15:00,63.05,415.07,103.18,0.929,1,18.21,19.06
2026-06-28 10:20:00,57.35,413.1,94.3,0.867,1,21.31,11.23
2026-06-28 10:25:00,58.47,413.8,95.98,0.905,1,11.09,14.31
2026-06-28 10:30:00,65.34,417.03,106.42,0.837,1,24.08,14.42
2026-06-28 10:35:00,56.82,411.25,93.84,0.901,1,6.67,11.26
2026-06-28 10:40:00,67.53,417.76,109.81,0.829,1,15.55,15.96
2026-06-28 10:45:00,60.89,414.3,99.84,0.906,1,10.1,11.81
2026-06-28 10:50:00,60.95,412.95,100.26,0.859,1,13.16,11.45
2026-06-28 10:55:00,58.4,412.25,96.23,0.876,1,13.98,11.1
2026-06-28 11:00:00,62.92,416.69,102.57,0.84,1,23.29,9.85
2026-06-28 11:05:00,62.23,414.96,101.87,0.895,1,13.83,14.36
2026-06-28 11:10:00,59.25,418.97,96.06,0.861,1,18.96,10.09
2026-06-28 11:15:00,59.65,411.84,98.38,0.866,1,24.04,12.42
2026-06-28 11:20:00,55.02,413.55,90.36,0.898,1,14.89,10.69
2026-06-28 11:25:00,58.04,414.77,95.04,0.841,1,13.17,12.51
2026-06-28 11:30:00,52.88,413.12,86.94,0.922,1,24.46,10.71
2026-06-28 11:35:00,53.82,415.02,88.09,0.909,1,21.55,10.15
2026-06-28 11:40:00,51.68,415.8,84.42,0.889,1,23.8,11.45
2026-06-28 11:45:00,50.0,416.21,81.6,0.835,1,12.94,10.41
2026-06-28 11:50:00,48.08,418.77,77.99,0.902,1,18.93,7.15
2026-06-28 11:55:00,53.1,411.74,87.6,0.822,1,9.99,9.8
2026-06-28 12:00:00,56.55,415.84,92.38,0.917,1,22.32,14.23
2026-06-28 12:05:00,55.09,413.38,90.53,0.856,1,23.66,16.78
2026-06-28 12:10:00,42.19,416.08,68.88,0.834,1,10.36,4.17
2026-06-28 12:15:00,54.16,416.08,88.41,0.84,1,7.1,12.02
2026-06-28 12:20:00,45.36,412.53,74.69,0.936,1,9.01,8.86
2026-06-28 12:25:00,49.19,412.75,80.96,0.913,1,17.66,8.37
2026-06-28 12:30:00,40.9,416.28,66.74,0.849,1,10.44,6.9
2026-06-28 12:35:00,45.39,415.06,74.27,0.936,1,17.77,6.89
2026-06-28 12:40:00,45.49,414.45,74.56,0.837,1,12.0,5.64
2026-06-28 12:45:00,35.75,416.64,58.28,0.908,1,23.34,8.49
2026-06-28 12:50:00,45.47,416.83,74.09,0.899,1,14.05,13.01
2026-06-28 12:55:00,48.41,413.68,79.49,0.919,1,14.95,10.28
2026-06-28 13:00:00,40.07,412.87,65.92,0.866,1,11.96,8.21
2026-06-28 13:05:00,47.01,411.85,77.53,0.868,1,6.46,7.34
2026-06-28 13:10:00,38.53,415.08,63.05,0.895,1,14.87,5.53
2026-06-28 13:15:00,43.0,411.44,70.99,0.868,1,20.49,8.81
2026-06-28 13:20:00,26.94,415.25,44.06,0.825,0,0.0,4.0
2026-06-28 13:25:00,49.41,418.04,80.28,0.908,1,6.53,11.81
2026-06-28 13:30:00,44.08,414.12,72.31,0.897,1,20.95,7.65
2026-06-28 13:35:00,34.48,413.66,56.62,0.871,1,10.34,4.78
2026-06-28 13:40:00,25.35,419.99,41.0,0.856,0,0.0,5.2
2026-06-28 13:45:00,35.96,418.77,58.33,0.858,1,11.84,10.07
2026-06-28 13:50:00,26.62,413.09,43.77,0.909,0,0.0,4.0
2026-06-28 13:55:00,35.39,415.35,57.88,0.907,1,17.24,5.19
2026-06-28 14:00:00,34.56,415.82,56.45,0.918,1,22.88,6.91
2026-06-28 14:05:00,27.14,415.51,44.36,0.911,0,0.0,4.0
2026-06-28 14:10:00,36.8,419.54,59.58,0.911,1,5.44,5.84
2026-06-28 14:15:00,34.58,415.22,56.57,0.85,1,22.68,10.45
2026-06-28 14:20:00,34.8,415.59,56.88,0.832,1,18.96,7.7
2026-06-28 14:25:00,29.35,416.72,47.84,0.911,0,0.0,4.0
2026-06-28 14:30:00,21.62,417.97,35.13,0.832,0,0.0,4.0
2026-06-28 14:35:00,32.98,417.34,53.68,0.938,1,22.81,4.65
2026-06-28 14:40:00,26.15,416.35,42.66,0.925,0,0.0,4.0
2026-06-28 14:45:00,19.97,411.1,33.0,0.884,0,0.0,4.0
2026-06-28 14:50:00,33.11,413.78,54.36,0.862,1,6.3,4.0
2026-06-28 14:55:00,36.29,417.05,59.11,0.883,1,22.7,10.16
2026-06-28 15:00:00,25.05,415.63,40.93,0.908,0,0.0,4.0
2026-06-28 15:05:00,35.51,417.07,57.84,0.911,1,16.09,6.33
2026-06-28 15:10:00,24.65,419.72,39.9,0.829,0,0.0,4.0
2026-06-28 15:15:00,21.78,412.06,35.91,0.917,0,0.0,4.0
2026-06-28 15:20:00,20.04,417.84,32.57,0.897,0,0.0,4.0
2026-06-28 15:25:00,30.89,414.17,50.66,0.825,1,19.53,4.0
2026-06-28 15:30:00,18.33,417.34,29.84,0.858,0,0.0,4.0
2026-06-28 15:35:00,25.45,414.9,41.67,0.881,0,0.0,4.0
2026-06-28 15:40:00,18.53,420.32,29.95,0.843,0,0.0,4.0
2026-06-28 15:45:00,18.6,415.33,30.42,0.839,0,0.0,4.0
2026-06-28 15:50:00,25.63,413.4,42.12,0.822,0,0.0,4.0
2026-06-28 15:55:00,18.18,416.05,29.68,0.929,0,0.0,4.0
2026-06-28 16:00:00,17.67,415.81,28.86,0.827,0,0.0,4.0
2026-06-28 16:05:00,24.98,417.85,40.61,0.864,0,0.0,4.0
2026-06-28 16:10:00,26.94,416.12,43.98,0.845,0,0.0,4.0
2026-06-28 16:15:00,21.83,421.19,35.21,0.909,0,0.0,4.0
2026-06-28 16:20:00,15.01,414.72,24.58,0.905,0,0.0,4.0
2026-06-28 16:25:00,15.41,414.75,25.24,0.917,0,0.0,4.0
2026-06-28 16:30:00,18.06,413.49,29.67,0.894,0,0.0,4.0
2026-06-28 16:35:00,18.98,415.21,31.06,0.891,0,0.0,4.0
2026-06-28 16:40:00,12.17,415.58,19.89,0.869,0,0.0,4.0
2026-06-28 16:45:00,20.47,415.7,33.45,0.896,0,0.0,4.0
2026-06-28 16:50:00,17.05,415.17,27.89,0.834,0,0.0,4.0
2026-06-28 16:55:00,10.0,413.48,16.43,0.902,0,0.0,4.0
2026-06-28 17:00:00,11.55,412.8,19.0,0.832,0,0.0,4.0
2026-06-28 17:05:00,13.48,414.06,22.12,0.923,0,0.0,4.0
2026-06-28 17:10:00,15.47,417.85,25.14,0.881,0,0.0,4.0
2026-06-28 17:15:00,25.12,418.39,40.78,0.884,0,0.0,4.0
2026-06-28 17:20:00,16.72,414.81,27.38,0.89,0,0.0,4.0
2026-06-28 17:25:00,11.2,412.65,18.44,0.913,0,0.0,4.0
2026-06-28 17:30:00,16.4,414.8,26.86,0.877,0,0.0,4.0
2026-06-28 17:35:00,13.45,420.23,21.74,0.871,0,0.0,4.0
2026-06-28 17:40:00,16.76,417.5,27.26,0.855,0,0.0,4.0
2026-06-28 17:45:00,17.98,416.38,29.33,0.835,0,0.0,4.0
2026-06-28 17:50:00,21.08,417.41,34.3,0.843,0,0.0,4.0
2026-06-28 17:55:00,14.89,418.85,24.14,0.82,0,0.0,4.0
2026-06-28 18:00:00,23.19,412.12,38.23,0.924,0,0.0,5.21
2026-06-28 18:05:00,19.55,414.02,32.07,0.912,0,0.0,4.0
2026-06-28 18:10:00,11.5,413.68,18.88,0.846,0,0.0,4.0
2026-06-28 18:15:00,26.12,416.47,42.61,0.82,0,0.0,4.0
2026-06-28 18:20:00,16.77,415.4,27.42,0.879,0,0.0,4.0
2026-06-28 18:25:00,11.03,416.89,17.98,0.87,0,0.0,4.0
2026-06-28 18:30:00,23.56,413.73,38.69,0.913,0,0.0,4.0
2026-06-28 18:35:00,25.8,418.43,41.88,0.868,0,0.0,4.0
2026-06-28 18:40:00,15.37,414.83,25.16,0.924,0,0.0,4.0
2026-06-28 18:45:00,13.15,416.74,21.44,0.832,0,0.0,4.0
2026-06-28 18:50:00,14.97,417.99,24.32,0.864,0,0.0,4.0
2026-06-28 18:55:00,19.58,417.79,31.83,0.932,0,0.0,4.0
2026-06-28 19:00:00,22.58,415.9,36.88,0.821,0,0.0,4.0
2026-06-28 19:05:00,19.25,417.05,31.35,0.867,0,0.0,4.0
2026-06-28 19:10:00,17.13,419.35,27.74,0.851,0,0.0,4.0
2026-06-28 19:15:00,24.35,416.28,39.73,0.884,0,0.0,4.0
2026-06-28 19:20:00,15.55,413.18,25.56,0.853,0,0.0,4.0
2026-06-28 19:25:00,22.53,416.46,36.75,0.924,0,0.0,4.0
2026-06-28 19:30:00,16.22,414.91,26.56,0.932,0,0.0,4.0
2026-06-28 19:35:00,20.12,409.13,33.4,0.922,0,0.0,4.0
2026-06-28 19:40:00,17.71,416.15,28.91,0.868,0,0.0,4.0
2026-06-28 19:45:00,18.33,415.29,29.98,0.939,0,0.0,4.0
2026-06-28 19:50:00,17.07,417.89,27.74,0.908,0,0.0,4.0
2026-06-28 19:55:00,26.04,413.12,42.81,0.863,0,0.0,4.0
2026-06-28 20:00:00,16.02,411.24,26.47,0.831,0,0.0,4.89
2026-06-28 20:05:00,16.38,415.42,26.78,0.9,0,0.0,4.0
2026-06-28 20:10:00,31.09,415.95,50.76,0.907,1,17.48,6.13
2026-06-28 20:15:00,25.79,415.23,42.18,0.835,0,0.0,4.0
2026-06-28 20:20:00,10.0,415.05,16.37,0.886,0,0.0,4.0
2026-06-28 20:25:00,18.95,412.33,31.21,0.938,0,0.0,4.0
2026-06-28 20:30:00,13.17,414.65,21.58,0.859,0,0.0,4.0
2026-06-28 20:35:00,17.95,414.13,29.44,0.856,0,0.0,4.0
2026-06-28 20:40:00,10.0,417.68,16.26,0.928,0,0.0,4.0
2026-06-28 20:45:00,23.0,415.95,37.56,0.834,0,0.0,4.0
2026-06-28 20:50:00,18.49,414.31,30.31,0.932,0,0.0,4.0
2026-06-28 20:55:00,25.02,419.31,40.53,0.914,0,0.0,4.0
2026-06-28 21:00:00,17.13,414.33,28.08,0.867,0,0.0,4.0
2026-06-28 21:05:00,26.21,416.39,42.76,0.83,0,0.0,4.0
2026-06-28 21:10:00,24.28,414.58,39.78,0.822,0,0.0,4.0
2026-06-28 21:15:00,34.43,419.08,55.81,0.865,1,7.7,5.62
2026-06-28 21:20:00,34.56,415.22,56.54,0.905,1,13.61,8.21
2026-06-28 21:25:00,32.02,415.29,52.37,0.879,1,23.77,8.91
2026-06-28 21:30:00,27.06,414.65,44.33,0.909,0,0.0,4.0
2026-06-28 21:35:00,39.23,415.49,64.14,0.9,1,8.08,6.33
2026-06-28 21:40:00,22.16,418.0,36.01,0.889,0,0.0,4.0
2026-06-28 21:45:00,23.54,417.11,38.33,0.936,0,0.0,4.0
2026-06-28 21:50:00,30.78,415.07,50.36,0.907,1,9.5,4.0
2026-06-28 21:55:00,43.11,419.25,69.85,0.93,1,13.54,8.81
2026-06-28 22:00:00,31.49,417.18,51.27,0.849,1,19.38,6.94
2026-06-28 22:05:00,32.25,413.9,52.92,0.906,1,22.76,9.41
2026-06-28 22:10:00,26.63,411.55,43.95,0.892,0,0.0,4.0
2026-06-28 22:15:00,39.25,413.96,64.4,0.931,1,20.37,4.0
2026-06-28 22:20:00,39.97,416.03,65.27,0.881,1,7.07,7.08
2026-06-28 22:25:00,39.85,416.49,64.99,0.854,1,12.59,4.0
2026-06-28 22:30:00,33.46,418.4,54.32,0.866,1,24.93,9.95
2026-06-28 22:35:00,33.78,412.26,55.66,0.846,1,6.37,6.35
2026-06-28 22:40:00,31.56,413.9,51.8,0.846,1,5.46,8.61
2026-06-28 22:45:00,39.17,412.06,64.57,0.876,1,11.67,8.23
2026-06-28 22:50:00,34.07,411.65,56.22,0.927,1,24.02,4.22
2026-06-28 22:55:00,34.32,413.43,56.39,0.843,1,5.4,4.21
2026-06-28 23:00:00,38.82,415.92,63.4,0.855,1,9.45,7.15
2026-06-28 23:05:00,39.24,416.93,63.92,0.922,1,17.06,9.23
2026-06-28 23:10:00,39.73,412.63,65.41,0.861,1,9.68,7.77
2026-06-28 23:15:00,45.5,412.98,74.84,0.935,1,6.08,8.9
2026-06-28 23:20:00,44.32,410.55,73.32,0.852,1,6.05,7.45
2026-06-28 23:25:00,43.23,415.54,70.67,0.873,1,16.18,11.2
2026-06-28 23:30:00,46.35,413.17,76.19,0.831,1,16.24,9.49
2026-06-28 23:35:00,41.23,419.16,66.82,0.939,1,19.13,8.49
2026-06-28 23:40:00,47.48,416.02,77.52,0.927,1,7.63,9.61
2026-06-28 23:45:00,48.46,414.57,79.41,0.918,1,15.0,8.51
2026-06-28 23:50:00,40.96,413.4,67.3,0.839,1,17.02,7.41
2026-06-28 23:55:00,54.21,411.26,89.54,0.936,1,9.45,11.34
2026-06-29 00:00:00,45.59,411.58,75.24,0.931,1,15.95,10.8
2026-06-29 00:05:00,51.22,413.44,84.14,0.872,1,19.16,12.21
2026-06-29 00:10:00,57.35,413.25,94.26,0.902,1,24.82,11.11
2026-06-29 00:15:00,56.92,412.5,93.72,0.939,1,16.93,11.38
2026-06-29 00:20:00,53.22,415.94,86.91,0.869,1,22.22,9.29
2026-06-29 00:25:00,52.0,416.29,84.85,0.834,1,21.67,12.26
2026-06-29 00:30:00,59.31,413.85,97.34,0.924,1,23.81,9.68
2026-06-29 00:35:00,58.7,419.84,94.97,0.877,1,19.46,12.05
2026-06-29 00:40:00,52.99,410.63,87.65,0.938,1,9.26,12.03
2026-06-29 00:45:00,52.85,415.15,86.48,0.886,1,10.96,10.35
2026-06-29 00:50:00,47.21,414.45,77.38,0.824,1,20.69,10.23
2026-06-29 00:55:00,59.09,413.62,97.04,0.879,1,15.42,10.78
2026-06-29 01:00:00,58.65,413.26,96.39,0.906,1,10.03,6.77
2026-06-29 01:05:00,65.47,414.98,107.17,0.823,1,18.13,11.14
2026-06-29 01:10:00,62.32,414.44,102.14,0.87,1,23.13,12.48
2026-06-29 01:15:00,67.92,414.02,111.43,0.839,1,12.15,11.24
2026-06-29 01:20:00,58.48,411.75,96.48,0.897,1,16.92,12.49
2026-06-29 01:25:00,68.38,410.95,113.02,0.935,1,16.63,9.76
2026-06-29 01:30:00,60.75,414.28,99.61,0.895,1,7.54,6.84
2026-06-29 01:35:00,67.98,413.99,111.54,0.903,1,6.8,14.18
2026-06-29 01:40:00,57.5,414.51,94.22,0.868,1,22.79,10.77
2026-06-29 01:45:00,66.66,414.73,109.17,0.888,1,23.67,13.98
2026-06-29 01:50:00,56.24,413.69,92.34,0.885,1,23.08,10.07
2026-06-29 01:55:00,65.5,414.47,107.34,0.911,1,12.93,13.74
2026-06-29 02:00:00,69.7,412.87,114.67,0.923,1,10.75,16.22
2026-06-29 02:05:00,65.55,418.81,106.32,0.9,1,23.84,16.29
2026-06-29 02:10:00,63.55,413.0,104.53,0.938,1,22.66,11.08
2026-06-29 02:15:00,73.68,414.07,120.86,0.919,1,21.4,13.36
2026-06-29 02:20:00,69.56,413.19,114.35,0.835,1,11.68,13.5
2026-06-29 02:25:00,68.25,413.15,112.21,0.881,1,17.77,17.5
2026-06-29 02:30:00,71.52,415.06,117.04,0.928,1,20.01,11.21
2026-06-29 02:35:00,85.09,414.74,139.36,0.933,1,16.52,13.5
2026-06-29 02:40:00,78.27,413.85,128.46,0.866,1,17.04,16.95
2026-06-29 02:45:00,78.89,414.29,129.34,0.907,1,20.13,13.67
2026-06-29 02:50:00,75.82,413.2,124.65,0.869,1,20.34,16.19
2026-06-29 02:55:00,75.04,416.0,122.52,0.835,1,9.8,12.64
2026-06-29 03:00:00,62.77,420.14,101.48,0.926,1,12.81,12.75
2026-06-29 03:05:00,71.89,412.81,118.29,0.932,1,20.62,12.79
2026-06-29 03:10:00,73.4,415.98,119.86,0.881,1,10.23,11.4
2026-06-29 03:15:00,66.94,415.11,109.53,0.822,1,23.31,13.55
2026-06-29 03:20:00,71.02,416.67,115.78,0.918,1,21.78,11.07
2026-06-29 03:25:00,67.39,416.74,109.84,0.877,1,22.91,14.33
2026-06-29 03:30:00,77.58,415.51,126.82,0.829,1,10.95,13.97
2026-06-29 03:35:00,82.32,414.9,134.77,0.843,1,7.1,12.03
2026-06-29 03:40:00,84.2,413.91,138.18,0.838,1,7.01,16.2
2026-06-29 03:45:00,81.18,413.09,133.48,0.902,1,16.12,16.06
2026-06-29 03:50:00,74.7,414.76,122.34,0.856,1,11.11,8.57
2026-06-29 03:55:00,70.26,411.79,115.9,0.835,1,10.27,13.04
2026-06-29 04:00:00,71.53,413.52,117.49,0.93,1,9.45,13.37
2026-06-29 04:05:00,74.34,417.77,120.87,0.935,1,16.24,14.41
2026-06-29 04:10:00,76.6,415.25,125.3,0.837,1,15.96,10.38
2026-06-29 04:15:00,80.59,417.23,131.2,0.848,1,13.45,16.0
2026-06-29 04:20:00,76.65,418.67,124.36,0.891,1,7.77,15.37
2026-06-29 04:25:00,83.73,414.56,137.19,0.838,1,23.58,14.08
2026-06-29 04:30:00,81.17,415.52,132.7,0.839,1,13.56,12.06
2026-06-29 04:35:00,82.67,414.25,135.56,0.86,1,7.47,12.99
2026-06-29 04:40:00,88.59,412.97,145.71,0.934,1,5.74,16.53
2026-06-29 04:45:00,77.24,412.62,127.16,0.935,1,8.05,11.45
2026-06-29 04:50:00,85.47,417.11,139.19,0.921,1,10.94,12.81
2026-06-29 04:55:00,83.53,415.52,136.55,0.903,1,17.6,20.77
2026-06-29 05:00:00,82.14,419.62,132.96,0.906,1,24.42,15.99
2026-06-29 05:05:00,88.42,417.43,143.89,0.876,1,10.44,15.72
2026-06-29 05:10:00,88.57,413.17,145.6,0.884,1,20.8,15.43
2026-06-29 05:15:00,79.6,417.1,129.62,0.896,1,23.23,14.51
2026-06-29 05:20:00,83.56,414.24,137.02,0.908,1,12.83,19.84
2026-06-29 05:25:00,86.0,418.04,139.73,0.832,1,10.07,17.87
2026-06-29 05:30:00,83.34,413.78,136.8,0.847,1,14.82,21.25
2026-06-29 05:35:00,87.72,412.37,144.49,0.936,1,22.93,17.84
2026-06-29 05:40:00,86.27,413.01,141.89,0.86,1,5.22,13.58
2026-06-29 05:45:00,94.09,413.14,154.69,0.852,1,14.73,18.3
2026-06-29 05:50:00,77.32,412.9,127.19,0.871,1,20.15,16.19
2026-06-29 05:55:00,84.38,413.57,138.59,0.855,1,17.02,17.46
2026-06-29 06:00:00,80.46,417.14,131.01,0.831,1,14.95,14.21
2026-06-29 06:05:00,88.01,419.49,142.51,0.845,1,16.07,20.81
2026-06-29 06:10:00,76.88,411.67,126.85,0.897,1,17.38,11.78
2026-06-29 06:15:00,86.66,418.16,140.76,0.847,1,18.64,17.31
2026-06-29 06:20:00,81.72,413.81,134.14,0.898,1,12.12,14.64
2026-06-29 06:25:00,81.12,415.87,132.5,0.832,1,15.35,13.57
2026-06-29 06:30:00,77.47,410.86,128.07,0.825,1,10.47,15.04
2026-06-29 06:35:00,82.27,416.31,134.23,0.923,1,24.68,18.94
2026-06-29 06:40:00,89.89,409.99,148.93,0.911,1,8.75,17.55
2026-06-29 06:45:00,84.2,415.78,137.56,0.9,1,8.01,16.19
2026-06-29 06:50:00,87.31,415.64,142.68,0.824,1,10.38,11.57
2026-06-29 06:55:00,92.32,415.48,150.93,0.849,1,23.4,19.92
2026-06-29 07:00:00,85.13,413.16,139.95,0.917,1,18.18,15.29
2026-06-29 07:05:00,80.81,416.37,131.83,0.837,1,14.12,16.49
2026-06-29 07:10:00,85.72,415.98,139.97,0.918,1,23.51,18.73
2026-06-29 07:15:00,80.42,414.48,131.8,0.89,1,23.0,16.07
2026-06-29 07:20:00,80.37,416.68,131.01,0.909,1,13.03,10.49
2026-06-29 07:25:00,75.02,414.76,122.86,0.897,1,16.27,17.59
2026-06-29 07:30:00,86.97,416.32,141.89,0.87,1,23.11,20.98
2026-06-29 07:35:00,80.11,414.69,131.21,0.855,1,11.39,16.87
2026-06-29 07:40:00,82.63,415.54,135.07,0.901,1,13.15,13.85
2026-06-29 07:45:00,76.21,416.44,124.31,0.917,1,20.86,17.6
2026-06-29 07:50:00,83.23,414.01,136.55,0.825,1,18.97,15.28
2026-06-29 07:55:00,76.88,411.92,126.77,0.866,1,5.97,13.98
2026-06-29 08:00:00,79.6,415.69,130.07,0.862,1,7.35,17.46
2026-06-29 08:05:00,84.31,417.97,137.02,0.887,1,21.93,17.77
2026-06-29 08:10:00,83.47,415.75,136.38,0.834,1,5.59,9.87
2026-06-29 08:15:00,78.99,415.8,129.04,0.932,1,23.4,15.87
2026-06-29 08:20:00,69.83,414.89,114.32,0.886,1,10.44,15.83
2026-06-29 08:25:00,93.19,416.85,151.85,0.931,1,16.97,14.47
2026-06-29 08:30:00,86.5,414.54,141.73,0.918,1,16.29,18.64
2026-06-29 08:35:00,80.91,413.87,132.79,0.843,1,12.93,11.35
2026-06-29 08:40:00,73.05,417.76,118.77,0.836,1,5.63,12.93
2026-06-29 08:45:00,75.75,413.67,124.38,0.923,1,8.85,15.33
2026-06-29 08:50:00,73.09,417.22,118.99,0.884,1,17.3,13.44
2026-06-29 08:55:00,81.6,417.76,132.68,0.822,1,13.93,18.11
2026-06-29 09:00:00,76.06,416.42,124.07,0.932,1,13.28,11.09
2026-06-29 09:05:00,70.28,411.88,115.91,0.877,1,6.95,14.88
2026-06-29 09:10:00,71.29,415.07,116.67,0.856,1,11.94,13.55
2026-06-29 09:15:00,78.68,414.5,128.94,0.882,1,15.53,12.97
2026-06-29 09:20:00,80.5,413.76,132.15,0.919,1,6.55,15.83
2026-06-29 09:25:00,79.55,415.36,130.09,0.833,1,6.33,14.47
2026-06-29 09:30:00,75.09,416.92,122.34,0.863,1,14.83,17.68
2026-06-29 09:35:00,69.43,413.85,113.96,0.858,1,16.23,14.66
2026-06-29 09:40:00,53.87,414.57,88.26,0.921,1,10.15,11.16
2026-06-29 09:45:00,70.93,414.4,116.27,0.913,1,11.52,11.79
2026-06-29 09:50:00,68.8,417.91,111.82,0.868,1,20.94,13.77
2026-06-29 09:55:00,68.86,414.36,112.88,0.9,1,22.38,12.18
2026-06-29 10:00:00,67.77,411.91,111.75,0.867,1,11.5,12.63
2026-06-29 10:05:00,60.2,411.07,99.48,0.889,1,12.11,14.32
2026-06-29 10:10:00,68.95,415.91,112.61,0.939,1,21.61,12.83
2026-06-29 10:15:00,68.64,413.1,112.87,0.884,1,24.48,10.24
2026-06-29 10:20:00,68.2,416.67,111.18,0.939,1,11.41,13.99
2026-06-29 10:25:00,68.83,411.67,113.57,0.91,1,20.77,15.25
2026-06-29 10:30:00,66.41,413.65,109.06,0.834,1,14.59,16.35
2026-06-29 10:35:00,60.64,411.67,100.05,0.916,1,10.27,13.42
2026-06-29 10:40:00,61.62,416.09,100.59,0.839,1,18.64,11.4
2026-06-29 10:45:00,61.71,416.62,100.6,0.884,1,14.25,12.42
2026-06-29 10:50:00,61.06,415.85,99.74,0.894,1,10.36,12.41
2026-06-29 10:55:00,64.79,412.29,106.74,0.927,1,7.14,13.02
2026-06-29 11:00:00,62.28,413.14,102.39,0.845,1,22.34,6.61
2026-06-29 11:05:00,68.71,415.59,112.3,0.925,1,22.57,12.17
2026-06-29 11:10:00,68.61,410.78,113.45,0.932,1,6.5,13.78
2026-06-29 11:15:00,57.23,414.4,93.8,0.831,1,18.27,13.75
2026-06-29 11:20:00,36.89,418.79,59.84,0.926,1,8.25,5.59
2026-06-29 11:25:00,61.51,414.55,100.78,0.851,1,17.93,11.01
2026-06-29 11:30:00,51.87,411.28,85.66,0.83,1,23.15,9.94
2026-06-29 11:35:00,49.8,413.48,81.81,0.935,1,10.2,9.16
2026-06-29 11:40:00,51.06,413.42,83.89,0.867,1,11.96,11.76
2026-06-29 11:45:00,50.06,420.35,80.89,0.895,1,20.9,8.35
2026-06-29 11:50:00,54.59,419.16,88.46,0.886,1,19.71,12.81
2026-06-29 11:55:00,42.97,416.83,70.02,0.846,1,13.17,11.67
2026-06-29 12:00:00,44.61,414.14,73.17,0.9,1,21.97,8.22
2026-06-29 12:05:00,50.95,418.0,82.8,0.826,1,23.41,9.35
2026-06-29 12:10:00,51.59,412.17,85.02,0.844,1,14.05,10.35
2026-06-29 12:15:00,50.92,417.69,82.8,0.933,1,5.79,8.1
2026-06-29 12:20:00,43.01,417.32,70.01,0.934,1,15.19,8.3
2026-06-29 12:25:00,41.3,414.62,67.66,0.878,1,19.79,5.03
2026-06-29 12:30:00,42.9,417.85,69.74,0.84,1,9.4,10.17
2026-06-29 12:35:00,45.88,413.88,75.29,0.871,1,6.99,12.45
2026-06-29 12:40:00,51.35,411.84,84.69,0.925,1,10.7,8.22
2026-06-29 12:45:00,32.93,417.44,53.59,0.828,1,5.23,4.0
2026-06-29 12:50:00,41.32,414.79,67.67,0.835,1,19.31,10.53
2026-06-29 12:55:00,35.02,416.5,57.11,0.927,1,7.92,5.73
2026-06-29 13:00:00,32.68,419.55,52.91,0.87,1,19.47,5.31
2026-06-29 13:05:00,45.04,413.19,74.04,0.83,1,9.69,8.31
2026-06-29 13:10:00,42.2,414.64,69.13,0.837,1,24.84,6.02
2026-06-29 13:15:00,41.0,418.92,66.47,0.926,1,15.64,9.27
2026-06-29 13:20:00,42.63,416.67,69.5,0.879,1,5.83,5.04
2026-06-29 13:25:00,34.92,413.25,57.39,0.84,1,20.45,4.57
2026-06-29 13:30:00,34.44,412.61,56.7,0.927,1,13.2,4.09
2026-06-29 13:35:00,46.83,413.68,76.9,0.921,1,17.15,9.67
2026-06-29 13:40:00,33.98,413.15,55.86,0.823,1,24.02,4.0
2026-06-29 13:45:00,38.2,415.59,62.43,0.89,1,15.35,12.47
2026-06-29 13:50:00,33.87,415.2,55.41,0.849,1,21.09,6.28
2026-06-29 13:55:00,23.92,415.7,39.09,0.884,0,0.0,4.0
2026-06-29 14:00:00,22.28,412.9,36.65,0.854,0,0.0,4.0
2026-06-29 14:05:00,28.95,414.82,47.4,0.858,0,0.0,4.0
2026-06-29 14:10:00,36.48,409.86,60.45,0.892,1,22.87,10.82
2026-06-29 14:15:00,34.5,415.36,56.41,0.885,1,8.99,7.04
2026-06-29 14:20:00,34.5,417.94,56.06,0.867,1,11.04,6.96
2026-06-29 14:25:00,24.37,411.44,40.23,0.833,0,0.0,4.0
2026-06-29 14:30:00,36.77,416.21,60.01,0.936,1,8.1,10.46
2026-06-29 14:35:00,23.27,413.47,38.23,0.841,0,0.0,4.0
2026-06-29 14:40:00,28.57,417.01,46.53,0.896,0,0.0,4.0
2026-06-29 14:45:00,26.87,415.4,43.94,0.83,0,0.0,4.0
2026-06-29 14:50:00,25.48,416.01,41.61,0.903,0,0.0,4.0
2026-06-29 14:55:00,32.49,415.16,53.16,0.831,1,7.28,4.36
2026-06-29 15:00:00,21.73,418.32,35.28,0.848,0,0.0,4.0
2026-06-29 15:05:00,17.97,415.87,29.35,0.898,0,0.0,4.0
2026-06-29 15:10:00,24.3,413.24,39.94,0.854,0,0.0,4.0
2026-06-29 15:15:00,21.69,415.25,35.47,0.884,0,0.0,4.0
2026-06-29 15:20:00,40.08,414.08,65.74,0.835,1,15.64,4.0
2026-06-29 15:25:00,26.09,415.41,42.66,0.844,0,0.0,4.0
2026-06-29 15:30:00,20.19,413.95,33.12,0.908,0,0.0,4.0
2026-06-29 15:35:00,16.49,413.31,27.11,0.824,0,0.0,4.0
2026-06-29 15:40:00,11.93,415.5,19.5,0.833,0,0.0,4.0
2026-06-29 15:45:00,15.77,415.14,25.81,0.846,0,0.0,4.0
2026-06-29 15:50:00,21.06,417.66,34.24,0.822,0,0.0,5.3
2026-06-29 15:55:00,27.21,413.96,44.66,0.831,0,0.0,4.0
2026-06-29 16:00:00,25.3,410.05,41.91,0.854,0,0.0,4.0
2026-06-29 16:05:00,20.46,414.09,33.56,0.831,0,0.0,4.0
2026-06-29 16:10:00,17.34,410.93,28.66,0.924,0,0.0,4.0
2026-06-29 16:15:00,19.95,416.04,32.58,0.828,0,0.0,4.0
2026-06-29 16:20:00,15.69,410.82,25.94,0.923,0,0.0,4.0
2026-06-29 16:25:00,26.56,412.53,43.73,0.919,0,0.0,4.0
2026-06-29 16:30:00,16.72,414.09,27.42,0.832,0,0.0,4.03
2026-06-29 16:35:00,16.95,418.86,27.48,0.823,0,0.0,4.0
2026-06-29 16:40:00,10.0,412.32,16.47,0.826,0,0.0,4.0
2026-06-29 16:45:00,15.88,415.03,25.99,0.891,0,0.0,4.0
2026-06-29 16:50:00,20.8,416.45,33.93,0.9,0,0.0,4.0
2026-06-29 16:55:00,11.06,418.71,17.94,0.894,0,0.0,4.0
2026-06-29 17:00:00,12.44,416.94,20.26,0.885,0,0.0,4.0
2026-06-29 17:05:00,19.97,417.73,32.47,0.841,0,0.0,4.0
2026-06-29 17:10:00,10.0,417.16,16.28,0.921,0,0.0,4.0
2026-06-29 17:15:00,20.96,411.98,34.56,0.859,0,0.0,4.0
2026-06-29 17:20:00,12.87,415.9,21.02,0.938,0,0.0,4.0
2026-06-29 17:25:00,13.46,417.12,21.93,0.866,0,0.0,4.0
2026-06-29 17:30:00,10.0,412.61,16.46,0.852,0,0.0,4.0
2026-06-29 17:35:00,17.1,413.55,28.08,0.927,0,0.0,4.0
2026-06-29 17:40:00,27.43,412.99,45.12,0.888,0,0.0,4.61
2026-06-29 17:45:00,18.98,416.93,30.93,0.907,0,0.0,4.0
2026-06-29 17:50:00,10.71,414.83,17.54,0.869,0,0.0,4.0
2026-06-29 17:55:00,20.69,414.2,33.92,0.926,0,0.0,4.0
2026-06-29 18:00:00,13.42,411.8,22.13,0.93,0,0.0,4.0
2026-06-29 18:05:00,21.88,414.83,35.83,0.872,0,0.0,4.0
2026-06-29 18:10:00,19.07,413.58,31.31,0.849,0,0.0,4.04
2026-06-29 18:15:00,10.0,415.61,16.34,0.898,0,0.0,4.0
2026-06-29 18:20:00,10.11,412.14,16.67,0.935,0,0.0,4.0
2026-06-29 18:25:00,19.93,415.44,32.59,0.895,0,0.0,4.0
2026-06-29 18:30:00,16.06,413.9,26.35,0.935,0,0.0,4.0
2026-06-29 18:35:00,10.29,411.88,16.97,0.861,0,0.0,4.0
2026-06-29 18:40:00,12.36,411.68,20.4,0.93,0,0.0,4.0
2026-06-29 18:45:00,10.0,412.06,16.48,0.834,0,0.0,4.0
2026-06-29 18:50:00,15.39,414.48,25.22,0.863,0,0.0,4.0
2026-06-29 18:55:00,27.06,415.3,44.25,0.879,0,0.0,4.0
2026-06-29 19:00:00,20.22,415.67,33.04,0.898,0,0.0,4.0
2026-06-29 19:05:00,27.35,415.77,44.68,0.855,0,0.0,4.0
2026-06-29 19:10:00,21.03,413.1,34.58,0.931,0,0.0,4.0
2026-06-29 19:15:00,21.99,417.65,35.77,0.928,0,0.0,4.0
2026-06-29 19:20:00,26.98,413.89,44.28,0.916,0,0.0,4.0
2026-06-29 19:25:00,19.27,416.13,31.45,0.834,0,0.0,4.0
2026-06-29 19:30:00,16.73,414.59,27.41,0.829,0,0.0,4.0
2026-06-29 19:35:00,23.13,415.94,37.77,0.88,0,0.0,4.0
2026-06-29 19:40:00,25.55,414.46,41.87,0.912,0,0.0,4.0
2026-06-29 19:45:00,16.21,415.98,26.47,0.835,0,0.0,4.0
2026-06-29 19:50:00,15.35,414.98,25.12,0.897,0,0.0,4.0
2026-06-29 19:55:00,20.01,417.03,32.59,0.883,0,0.0,4.0
2026-06-29 20:00:00,23.85,412.95,39.22,0.907,0,0.0,4.0
2026-06-29 20:05:00,24.07,410.58,39.82,0.872,0,0.0,4.0
2026-06-29 20:10:00,13.36,412.57,22.0,0.903,0,0.0,4.0
2026-06-29 20:15:00,30.46,417.67,49.53,0.839,1,15.11,4.0
2026-06-29 20:20:00,18.12,414.61,29.69,0.846,0,0.0,4.0
2026-06-29 20:25:00,20.45,415.23,33.45,0.928,0,0.0,4.0
2026-06-29 20:30:00,17.72,412.37,29.19,0.86,0,0.0,4.0
2026-06-29 20:35:00,36.2,415.16,59.22,0.938,1,17.35,8.52
2026-06-29 20:40:00,24.4,412.44,40.18,0.826,0,0.0,4.0
2026-06-29 20:45:00,19.43,412.81,31.97,0.88,0,0.0,4.0
2026-06-29 20:50:00,28.51,413.99,46.79,0.859,0,0.0,4.0
2026-06-29 20:55:00,28.56,416.11,46.63,0.94,0,0.0,4.0
2026-06-29 21:00:00,24.31,416.38,39.66,0.939,0,0.0,4.0
2026-06-29 21:05:00,30.0,416.45,48.93,0.848,1,19.87,7.68
2026-06-29 21:10:00,22.23,411.03,36.73,0.852,0,0.0,4.0
2026-06-29 21:15:00,24.46,414.98,40.03,0.91,0,0.0,4.0
2026-06-29 21:20:00,17.45,414.51,28.6,0.927,0,0.0,4.0
2026-06-29 21:25:00,21.47,411.17,35.47,0.9,0,0.0,4.0
2026-06-29 21:30:00,37.73,415.04,61.75,0.924,1,6.3,5.97
2026-06-29 21:35:00,37.51,414.37,61.49,0.828,1,9.5,4.3
2026-06-29 21:40:00,30.25,416.28,49.37,0.897,1,10.1,4.22
2026-06-29 21:45:00,38.87,415.2,63.59,0.904,1,17.95,4.0
2026-06-29 21:50:00,30.39,413.63,49.91,0.843,1,13.03,4.0
2026-06-29 21:55:00,30.63,417.31,49.85,0.913,1,8.98,4.0
2026-06-29 22:00:00,32.78,409.45,54.38,0.933,1,13.99,7.07
2026-06-29 22:05:00,32.54,414.84,53.28,0.928,1,18.71,7.47
2026-06-29 22:10:00,32.76,410.59,54.2,0.849,1,20.72,4.0
2026-06-29 22:15:00,40.24,412.72,66.22,0.859,1,7.48,9.53
2026-06-29 22:20:00,35.96,416.31,58.67,0.88,1,19.29,6.03
2026-06-29 22:25:00,39.47,411.81,65.1,0.839,1,5.09,4.89
2026-06-29 22:30:00,41.76,411.44,68.95,0.934,1,19.49,4.36
2026-06-29 22:35:00,39.26,420.95,63.34,0.839,1,18.22,6.13
2026-06-29 22:40:00,33.18,411.6,54.75,0.911,1,14.37,6.37
2026-06-29 22:45:00,31.99,419.13,51.84,0.861,1,7.74,8.44
2026-06-29 22:50:00,40.22,414.57,65.9,0.889,1,20.29,8.01
2026-06-29 22:55:00,39.35,413.69,64.61,0.826,1,6.44,6.68
2026-06-29 23:00:00,41.38,416.42,67.5,0.845,1,22.91,9.93
2026-06-29 23:05:00,41.6,418.34,67.55,0.873,1,20.47,8.84
2026-06-29 23:10:00,55.34,412.13,91.21,0.901,1,19.82,7.48
2026-06-29 23:15:00,36.52,413.72,59.96,0.913,1,20.09,6.57
2026-06-29 23:20:00,33.97,417.12,55.32,0.824,1,6.35,5.1
2026-06-29 23:25:00,46.34,415.72,75.71,0.838,1,24.8,9.23
2026-06-29 23:30:00,43.55,417.75,70.81,0.908,1,22.17,7.85
2026-06-29 23:35:00,47.77,416.29,77.95,0.918,1,15.16,7.49
2026-06-29 23:40:00,49.87,419.52,80.74,0.848,1,19.39,13.33
2026-06-29 23:45:00,54.13,415.45,88.5,0.848,1,19.79,10.63
2026-06-29 23:50:00,40.94,415.55,66.91,0.831,1,21.6,9.55
2026-06-29 23:55:00,46.45,415.8,75.89,0.838,1,10.11,8.6
2026-06-30 00:00:00,52.14,414.64,85.42,0.821,1,12.44,11.89
2026-06-30 00:05:00,54.62,417.12,88.94,0.891,1,20.99,10.67
2026-06-30 00:10:00,62.49,415.59,102.14,0.928,1,20.38,14.51
2026-06-30 00:15:00,57.07,416.97,92.96,0.838,1,15.45,4.41
2026-06-30 00:20:00,52.77,417.36,85.88,0.91,1,12.92,10.37
2026-06-30 00:25:00,49.36,416.07,80.58,0.889,1,24.37,10.71
2026-06-30 00:30:00,51.75,416.25,84.44,0.933,1,13.3,10.68
2026-06-30 00:35:00,52.36,412.47,86.23,0.916,1,20.28,7.94
2026-06-30 00:40:00,59.35,413.62,97.47,0.922,1,13.25,9.68
2026-06-30 00:45:00,58.11,417.11,94.64,0.897,1,11.2,8.61
2026-06-30 00:50:00,50.96,418.56,82.7,0.917,1,17.82,11.19
2026-06-30 00:55:00,56.14,410.15,92.97,0.862,1,21.15,13.25
2026-06-30 01:00:00,63.45,413.58,104.2,0.845,1,24.63,8.85
2026-06-30 01:05:00,61.55,415.06,100.73,0.93,1,7.98,11.95
2026-06-30 01:10:00,63.37,412.8,104.27,0.908,1,22.52,10.54
2026-06-30 01:15:00,63.16,412.94,103.9,0.831,1,15.48,16.18
2026-06-30 01:20:00,70.1,416.19,114.41,0.924,1,7.15,14.28
2026-06-30 01:25:00,63.87,418.95,103.55,0.862,1,20.89,11.73
2026-06-30 01:30:00,61.46,409.92,101.85,0.856,1,11.63,11.33
2026-06-30 01:35:00,59.52,414.57,97.52,0.895,1,22.36,14.83
2026-06-30 01:40:00,66.04,416.16,107.79,0.888,1,8.16,12.43
2026-06-30 01:45:00,53.28,416.95,86.79,0.885,1,19.22,6.42
2026-06-30 01:50:00,65.24,415.8,106.58,0.851,1,11.02,15.8
2026-06-30 01:55:00,65.81,419.4,106.58,0.935,1,10.15,14.23
2026-06-30 02:00:00,60.68,415.07,99.3,0.934,1,6.01,9.98
2026-06-30 02:05:00,63.52,418.28,103.14,0.82,1,14.64,13.55
2026-06-30 02:10:00,72.85,413.38,119.71,0.861,1,12.83,12.34
2026-06-30 02:15:00,70.6,415.14,115.51,0.825,1,6.23,11.54
2026-06-30 02:20:00,70.58,411.97,116.38,0.922,1,9.53,12.9
2026-06-30 02:25:00,72.23,417.25,117.58,0.926,1,14.75,15.12
2026-06-30 02:30:00,71.77,414.7,117.56,0.882,1,21.17,15.06
2026-06-30 02:35:00,78.12,415.89,127.59,0.921,1,23.59,17.41
2026-06-30 02:40:00,73.11,414.22,119.9,0.904,1,15.31,15.02
2026-06-30 02:45:00,65.79,416.47,107.3,0.88,1,13.07,15.85
2026-06-30 02:50:00,81.8,415.99,133.56,0.864,1,24.1,19.91
2026-06-30 02:55:00,76.05,412.51,125.23,0.852,1,24.26,15.6
2026-06-30 03:00:00,71.8,412.66,118.19,0.851,1,8.81,12.59
2026-06-30 03:05:00,69.02,414.93,112.98,0.887,1,15.63,12.79
2026-06-30 03:10:00,77.78,416.65,126.81,0.84,1,21.42,10.62
2026-06-30 03:15:00,75.73,419.66,122.57,0.841,1,21.45,14.75
2026-06-30 03:20:00,84.68,415.76,138.35,0.821,1,18.7,14.75
2026-06-30 03:25:00,75.57,417.52,122.94,0.894,1,14.43,12.7
2026-06-30 03:30:00,73.58,410.97,121.62,0.939,1,13.07,13.81
2026-06-30 03:35:00,82.7,420.03,133.75,0.927,1,21.13,11.09
2026-06-30 03:40:00,83.3,416.51,135.84,0.905,1,9.51,15.06
2026-06-30 03:45:00,79.94,414.88,130.89,0.914,1,13.57,15.54
2026-06-30 03:50:00,82.9,414.59,135.82,0.87,1,16.34,12.19
2026-06-30 03:55:00,79.73,412.23,131.38,0.856,1,21.64,18.56
2026-06-30 04:00:00,81.48,412.95,134.03,0.864,1,12.48,16.31
2026-06-30 04:05:00,86.51,419.78,139.99,0.83,1,15.97,19.35
2026-06-30 04:10:00,84.17,412.53,138.6,0.896,1,10.58,16.68
2026-06-30 04:15:00,80.54,412.48,132.64,0.841,1,21.74,16.42
2026-06-30 04:20:00,88.48,413.24,145.44,0.912,1,20.71,20.48
2026-06-30 04:25:00,70.21,412.0,115.76,0.843,1,21.4,16.75
2026-06-30 04:30:00,92.6,415.04,151.54,0.847,1,6.15,21.46
2026-06-30 04:35:00,74.09,417.72,120.48,0.935,1,14.74,13.79
2026-06-30 04:40:00,79.75,413.47,131.02,0.833,1,7.72,12.91
2026-06-30 04:45:00,82.94,411.57,136.88,0.88,1,18.48,13.18
2026-06-30 04:50:00,82.65,415.73,135.04,0.828,1,11.23,13.18
2026-06-30 04:55:00,88.63,414.86,145.12,0.831,1,20.49,18.55
2026-06-30 05:00:00,78.52,417.51,127.74,0.896,1,6.3,20.75
2026-06-30 05:05:00,85.3,413.86,140.0,0.896,1,15.27,19.6
2026-06-30 05:10:00,81.28,414.35,133.24,0.843,1,7.47,14.59
2026-06-30 05:15:00,85.8,414.63,140.57,0.925,1,16.16,18.02
2026-06-30 05:20:00,84.14,415.22,137.65,0.904,1,17.15,14.72
2026-06-30 05:25:00,85.06,414.02,139.55,0.856,1,14.24,14.89
2026-06-30 05:30:00,81.95,413.61,134.58,0.85,1,10.59,12.89
2026-06-30 05:35:00,82.24,410.37,136.13,0.911,1,5.65,12.85
2026-06-30 05:40:00,86.3,413.59,141.74,0.908,1,18.24,17.73
2026-06-30 05:45:00,89.64,416.79,146.1,0.838,1,22.41,20.68
2026-06-30 05:50:00,81.98,417.13,133.49,0.862,1,19.67,18.14
2026-06-30 05:55:00,80.65,413.82,132.38,0.846,1,22.86,19.03
2026-06-30 06:00:00,88.07,418.25,143.03,0.855,1,23.59,18.84
2026-06-30 06:05:00,84.83,414.93,138.87,0.855,1,13.99,15.89
2026-06-30 06:10:00,89.12,411.66,147.05,0.937,1,18.96,15.78
2026-06-30 06:15:00,80.4,410.87,132.91,0.91,1,12.95,16.45
2026-06-30 06:20:00,75.97,418.05,123.44,0.914,1,23.39,10.96
2026-06-30 06:25:00,82.13,414.07,134.72,0.853,1,16.26,14.2
2026-06-30 06:30:00,80.87,411.96,133.34,0.82,1,20.05,13.74
2026-06-30 06:35:00,84.2,409.35,139.71,0.827,1,5.29,18.29
2026-06-30 06:40:00,81.28,414.01,133.36,0.886,1,16.51,12.27
2026-06-30 06:45:00,88.03,416.01,143.74,0.854,1,19.84,18.99
2026-06-30 06:50:00,82.73,413.26,135.98,0.843,1,10.14,16.29
2026-06-30 06:55:00,84.75,412.37,139.6,0.826,1,5.29,16.44
2026-06-30 07:00:00,84.6,413.63,138.92,0.925,1,19.87,15.14
2026-06-30 07:05:00,84.58,418.11,137.4,0.892,1,11.76,12.43
2026-06-30 07:10:00,83.26,411.52,137.43,0.833,1,13.58,16.82
2026-06-30 07:15:00,85.7,413.4,140.81,0.912,1,16.24,18.28
2026-06-30 07:20:00,78.91,418.03,128.22,0.911,1,7.21,15.71
2026-06-30 07:25:00,89.62,416.24,146.25,0.855,1,7.07,16.15
2026-06-30 07:30:00,81.15,415.45,132.68,0.843,1,24.22,13.19
2026-06-30 07:35:00,75.48,413.38,124.02,0.918,1,11.78,12.74
2026-06-30 07:40:00,82.66,415.08,135.27,0.86,1,10.11,16.42
2026-06-30 07:45:00,77.13,413.66,126.66,0.922,1,5.95,12.36
2026-06-30 07:50:00,84.37,412.85,138.82,0.825,1,8.48,13.39
2026-06-30 07:55:00,91.73,412.3,151.13,0.88,1,13.62,13.85
2026-06-30 08:00:00,76.38,416.96,124.42,0.842,1,11.84,15.58
2026-06-30 08:05:00,81.58,414.85,133.58,0.901,1,13.49,16.55
2026-06-30 08:10:00,70.74,415.79,115.57,0.94,1,19.08,16.35
2026-06-30 08:15:00,81.37,415.38,133.06,0.87,1,17.84,10.59
2026-06-30 08:20:00,74.24,416.1,121.19,0.832,1,14.86,16.81
2026-06-30 08:25:00,75.1,414.36,123.11,0.858,1,21.3,17.16
2026-06-30 08:30:00,72.26,413.8,118.62,0.927,1,22.15,16.91
2026-06-30 08:35:00,80.96,412.96,133.16,0.912,1,16.82,15.69
2026-06-30 08:40:00,81.85,411.47,135.12,0.848,1,7.35,15.61
2026-06-30 08:45:00,76.43,412.19,125.95,0.934,1,13.12,14.92
2026-06-30 08:50:00,71.48,414.09,117.26,0.895,1,17.69,11.64
2026-06-30 08:55:00,83.23,410.99,137.56,0.84,1,6.26,13.28
2026-06-30 09:00:00,71.0,411.54,117.18,0.889,1,5.4,13.57
2026-06-30 09:05:00,63.39,417.61,103.11,0.874,1,23.97,12.03
2026-06-30 09:10:00,75.94,415.56,124.12,0.918,1,19.6,16.3
2026-06-30 09:15:00,67.55,413.87,110.87,0.861,1,8.06,11.74
2026-06-30 09:20:00,77.44,420.68,125.04,0.925,1,13.9,11.24
2026-06-30 09:25:00,70.0,410.88,115.72,0.917,1,8.87,9.76
2026-06-30 09:30:00,74.33,417.44,120.94,0.901,1,5.21,11.88
2026-06-30 09:35:00,77.7,414.72,127.27,0.851,1,12.83,16.31
2026-06-30 09:40:00,64.03,416.96,104.31,0.936,1,17.97,11.22
2026-06-30 09:45:00,66.62,415.27,108.96,0.886,1,24.08,13.88
2026-06-30 09:50:00,68.43,410.32,113.28,0.929,1,20.4,9.47
2026-06-30 09:55:00,75.84,415.24,124.07,0.846,1,9.6,14.51
2026-06-30 10:00:00,64.21,415.84,104.88,0.938,1,11.72,12.23
2026-06-30 10:05:00,63.86,409.52,105.93,0.918,1,15.41,15.02
2026-06-30 10:10:00,68.55,419.86,110.9,0.934,1,8.83,13.14
2026-06-30 10:15:00,62.59,415.78,102.26,0.845,1,21.66,14.11
2026-06-30 10:20:00,65.55,416.68,106.86,0.872,1,8.36,16.71
2026-06-30 10:25:00,56.34,412.09,92.86,0.832,1,10.8,10.77
2026-06-30 10:30:00,74.47,416.73,121.38,0.836,1,16.55,17.77
2026-06-30 10:35:00,55.95,417.72,90.97,0.854,1,7.46,10.73
2026-06-30 10:40:00,60.36,415.63,98.65,0.934,1,17.49,10.51
2026-06-30 10:45:00,61.09,414.98,99.99,0.9,1,23.88,11.94
2026-06-30 10:50:00,70.09,412.77,115.34,0.858,1,18.83,12.39
2026-06-30 10:55:00,53.17,414.46,87.14,0.935,1,21.26,9.55
2026-06-30 11:00:00,68.98,413.72,113.25,0.909,1,13.77,11.78
2026-06-30 11:05:00,62.1,416.43,101.3,0.929,1,12.31,11.09
2026-06-30 11:10:00,59.66,412.88,98.15,0.931,1,11.57,12.96
2026-06-30 11:15:00,51.9,416.41,84.67,0.91,1,18.21,6.32
2026-06-30 11:20:00,58.93,412.9,96.95,0.849,1,15.37,12.04
2026-06-30 11:25:00,51.71,414.34,84.77,0.94,1,14.45,10.31
2026-06-30 11:30:00,60.9,416.54,99.31,0.859,1,7.01,14.51
2026-06-30 11:35:00,48.96,413.24,80.47,0.901,1,18.47,8.89
2026-06-30 11:40:00,52.48,416.63,85.57,0.921,1,19.51,13.04
2026-06-30 11:45:00,49.51,416.38,80.77,0.841,1,8.92,7.37
2026-06-30 11:50:00,46.59,414.32,76.38,0.893,1,20.19,8.34
2026-06-30 11:55:00,54.47,417.9,88.53,0.865,1,22.59,11.9
2026-06-30 12:00:00,52.68,415.19,86.18,0.849,1,8.49,11.31
2026-06-30 12:05:00,55.28,417.76,89.89,0.821,1,14.04,10.04
2026-06-30 12:10:00,39.57,419.48,64.08,0.925,1,22.52,8.76
2026-06-30 12:15:00,53.03,414.4,86.93,0.836,1,14.75,9.9
2026-06-30 12:20:00,59.48,416.61,96.97,0.925,1,21.31,13.6
2026-06-30 12:25:00,43.93,413.41,72.18,0.892,1,9.32,8.03
2026-06-30 12:30:00,54.91,412.42,90.43,0.895,1,6.28,9.68
2026-06-30 12:35:00,43.36,414.51,71.05,0.919,1,6.19,10.4
2026-06-30 12:40:00,37.06,411.59,61.16,0.881,1,24.45,8.38
2026-06-30 12:45:00,41.64,412.66,68.55,0.863,1,8.29,9.45
2026-06-30 12:50:00,47.67,416.48,77.74,0.837,1,22.3,15.47
2026-06-30 12:55:00,37.49,413.72,61.55,0.888,1,11.31,4.0
2026-06-30 13:00:00,37.94,416.78,61.83,0.886,1,5.8,4.75
2026-06-30 13:05:00,43.17,415.75,70.54,0.855,1,9.82,6.12
2026-06-30 13:10:00,39.49,419.63,63.92,0.892,1,15.11,5.89
2026-06-30 13:15:00,41.67,416.31,67.99,0.873,1,7.14,11.15
2026-06-30 13:20:00,39.22,417.79,63.76,0.917,1,23.44,4.0
2026-06-30 13:25:00,39.71,416.0,64.84,0.887,1,23.0,9.41
2026-06-30 13:30:00,34.44,415.78,56.27,0.932,1,7.98,4.0
2026-06-30 13:35:00,37.06,417.91,60.24,0.882,1,19.74,7.72
2026-06-30 13:40:00,30.57,416.67,49.84,0.926,1,14.21,6.81
2026-06-30 13:45:00,40.96,415.53,66.96,0.882,1,24.64,10.7
2026-06-30 13:50:00,30.67,415.51,50.13,0.887,1,6.11,5.21
2026-06-30 13:55:00,38.81,416.35,63.32,0.864,1,14.42,7.31
2026-06-30 14:00:00,31.33,413.32,51.49,0.868,1,10.71,4.0
2026-06-30 14:05:00,32.85,413.22,54.0,0.932,1,19.53,12.16
2026-06-30 14:10:00,28.72,418.56,46.61,0.847,0,0.0,4.0
2026-06-30 14:15:00,25.48,419.66,41.23,0.835,0,0.0,4.0
2026-06-30 14:20:00,21.2,412.68,34.9,0.92,0,0.0,4.0
2026-06-30 14:25:00,24.03,413.33,39.49,0.889,0,0.0,4.0
2026-06-30 14:30:00,27.07,417.86,44.01,0.854,0,0.0,4.0
2026-06-30 14:35:00,29.15,416.33,47.56,0.872,0,0.0,4.0
2026-06-30 14:40:00,32.55,416.69,53.07,0.883,1,13.31,4.0
2026-06-30 14:45:00,24.69,417.24,40.2,0.891,0,0.0,4.0
2026-06-30 14:50:00,21.94,414.4,35.97,0.919,0,0.0,4.79
2026-06-30 14:55:00,18.58,415.82,30.36,0.867,0,0.0,4.04
2026-06-30 15:00:00,27.65,415.63,45.19,0.901,0,0.0,4.0
2026-06-30 15:05:00,31.63,412.85,52.05,0.92,1,10.71,10.64
2026-06-30 15:10:00,30.53,415.79,49.87,0.921,1,9.22,4.0
2026-06-30 15:15:00,27.24,418.09,44.25,0.851,0,0.0,4.0
2026-06-30 15:20:00,26.38,414.16,43.27,0.862,0,0.0,4.0
2026-06-30 15:25:00,31.19,415.38,51.01,0.891,1,23.42,14.86
2026-06-30 15:30:00,23.89,415.52,39.06,0.926,0,0.0,4.0
2026-06-30 15:35:00,25.01,414.29,41.0,0.915,0,0.0,4.0
2026-06-30 15:40:00,19.73,416.69,32.16,0.89,0,0.0,4.0
2026-06-30 15:45:00,14.09,413.3,23.15,0.938,0,0.0,4.0
2026-06-30 15:50:00,17.06,418.33,27.7,0.873,0,0.0,4.0
2026-06-30 15:55:00,20.03,416.57,32.66,0.921,0,0.0,4.32
2026-06-30 16:00:00,19.99,412.66,32.91,0.918,0,0.0,4.0
2026-06-30 16:05:00,28.95,419.25,46.9,0.929,0,0.0,4.0
2026-06-30 16:10:00,19.36,415.42,31.66,0.939,0,0.0,4.0
2026-06-30 16:15:00,24.5,413.19,40.28,0.879,0,0.0,4.0
2026-06-30 16:20:00,16.1,417.76,26.18,0.843,0,0.0,4.0
2026-06-30 16:25:00,16.41,416.24,26.77,0.875,0,0.0,4.0
2026-06-30 16:30:00,11.02,410.57,18.23,0.922,0,0.0,4.0
2026-06-30 16:35:00,13.67,413.69,22.44,0.92,0,0.0,4.0
2026-06-30 16:40:00,19.75,415.7,32.26,0.86,0,0.0,4.0
2026-06-30 16:45:00,16.9,409.6,28.02,0.826,0,0.0,4.0
2026-06-30 16:50:00,21.33,415.21,34.9,0.881,0,0.0,4.87
2026-06-30 16:55:00,17.3,415.39,28.3,0.877,0,0.0,4.0
2026-06-30 17:00:00,14.43,412.04,23.79,0.83,0,0.0,4.0
2026-06-30 17:05:00,26.74,415.68,43.7,0.915,0,0.0,4.0
2026-06-30 17:10:00,15.36,415.02,25.14,0.854,0,0.0,4.0
2026-06-30 17:15:00,21.49,412.02,35.42,0.897,0,0.0,4.0
2026-06-30 17:20:00,13.53,417.3,22.02,0.832,0,0.0,4.0
2026-06-30 17:25:00,18.96,417.09,30.87,0.923,0,0.0,4.0
2026-06-30 17:30:00,19.94,414.28,32.69,0.909,0,0.0,4.0
2026-06-30 17:35:00,16.25,414.5,26.63,0.867,0,0.0,4.0
2026-06-30 17:40:00,10.0,416.82,16.3,0.896,0,0.0,4.0
2026-06-30 17:45:00,15.17,414.5,24.85,0.842,0,0.0,4.0
2026-06-30 17:50:00,21.19,410.17,35.08,0.938,0,0.0,4.0
2026-06-30 17:55:00,17.65,416.22,28.8,0.916,0,0.0,4.0
2026-06-30 18:00:00,17.23,412.97,28.34,0.915,0,0.0,4.0
2026-06-30 18:05:00,10.0,414.03,16.41,0.838,0,0.0,4.0
2026-06-30 18:10:00,11.43,418.64,18.55,0.822,0,0.0,4.0
2026-06-30 18:15:00,17.13,414.67,28.06,0.89,0,0.0,4.0
2026-06-30 18:20:00,17.19,415.0,28.13,0.837,0,0.0,4.0
2026-06-30 18:25:00,21.28,416.27,34.73,0.914,0,0.0,4.0
2026-06-30 18:30:00,14.58,416.26,23.78,0.87,0,0.0,4.0
2026-06-30 18:35:00,17.44,412.7,28.7,0.861,0,0.0,4.0
2026-06-30 18:40:00,15.61,414.85,25.57,0.829,0,0.0,4.0
2026-06-30 18:45:00,10.74,415.09,17.57,0.94,0,0.0,4.0
2026-06-30 18:50:00,10.0,415.68,16.34,0.935,0,0.0,4.0
2026-06-30 18:55:00,18.16,415.72,29.67,0.836,0,0.0,4.0
2026-06-30 19:00:00,17.06,421.47,27.5,0.86,0,0.0,4.0
2026-06-30 19:05:00,13.31,412.06,21.94,0.867,0,0.0,4.0
2026-06-30 19:10:00,10.0,417.45,16.27,0.856,0,0.0,4.0
2026-06-30 19:15:00,20.01,417.96,32.51,0.932,0,0.0,4.0
2026-06-30 19:20:00,15.78,416.23,25.75,0.907,0,0.0,4.54
2026-06-30 19:25:00,20.16,413.37,33.13,0.935,0,0.0,4.0
2026-06-30 19:30:00,26.98,419.16,43.73,0.925,0,0.0,4.0
2026-06-30 19:35:00,10.0,409.52,16.59,0.911,0,0.0,4.0
2026-06-30 19:40:00,14.78,413.29,24.29,0.904,0,0.0,4.0
2026-06-30 19:45:00,17.56,417.93,28.54,0.924,0,0.0,4.0
2026-06-30 19:50:00,26.23,414.07,43.03,0.902,0,0.0,4.0
2026-06-30 19:55:00,11.13,418.99,18.05,0.843,0,0.0,4.0
2026-06-30 20:00:00,29.37,411.22,48.51,0.898,0,0.0,4.0
2026-06-30 20:05:00,20.76,412.22,34.2,0.882,0,0.0,4.0
2026-06-30 20:10:00,20.0,413.67,32.84,0.938,0,0.0,4.0
2026-06-30 20:15:00,19.91,416.04,32.5,0.881,0,0.0,4.0
2026-06-30 20:20:00,19.15,414.44,31.38,0.825,0,0.0,4.0
2026-06-30 20:25:00,27.02,413.77,44.35,0.852,0,0.0,4.0
2026-06-30 20:30:00,16.89,418.55,27.41,0.93,0,0.0,4.0
2026-06-30 20:35:00,24.43,418.78,39.63,0.935,0,0.0,4.0
2026-06-30 20:40:00,21.27,413.96,34.9,0.907,0,0.0,4.0
2026-06-30 20:45:00,19.87,410.73,32.87,0.827,0,0.0,4.0
2026-06-30 20:50:00,37.13,409.61,61.57,0.823,1,19.6,5.86
2026-06-30 20:55:00,26.81,415.6,43.82,0.878,0,0.0,4.0
2026-06-30 21:00:00,28.32,416.64,46.17,0.94,0,0.0,4.0
2026-06-30 21:05:00,31.49,415.16,51.52,0.924,1,23.35,4.0
2026-06-30 21:10:00,19.25,414.82,31.52,0.932,0,0.0,4.0
2026-06-30 21:15:00,35.68,412.99,58.69,0.895,1,23.31,6.36
2026-06-30 21:20:00,14.96,416.64,24.39,0.923,0,0.0,4.0
2026-06-30 21:25:00,24.25,419.2,39.29,0.858,0,0.0,4.0
2026-06-30 21:30:00,26.4,409.46,43.79,0.823,0,0.0,4.0
2026-06-30 21:35:00,32.21,414.81,52.75,0.93,1,21.74,8.5
2026-06-30 21:40:00,31.02,412.57,51.07,0.846,1,24.05,4.0
2026-06-30 21:45:00,29.72,411.27,49.09,0.907,0,0.0,4.0
2026-06-30 21:50:00,31.13,412.18,51.31,0.899,1,15.71,4.89
2026-06-30 21:55:00,26.95,415.95,44.01,0.839,0,0.0,4.0
2026-06-30 22:00:00,25.01,416.01,40.84,0.843,0,0.0,4.0
2026-06-30 22:05:00,36.8,418.65,59.7,0.859,1,14.53,7.45
2026-06-30 22:10:00,37.31,415.02,61.06,0.911,1,20.82,8.69
2026-06-30 22:15:00,42.44,410.6,70.21,0.825,1,7.94,4.63
2026-06-30 22:20:00,31.26,414.4,51.24,0.869,1,8.14,6.73
2026-06-30 22:25:00,39.37,411.53,64.98,0.9,1,9.04,6.94
2026-06-30 22:30:00,35.19,411.98,58.02,0.841,1,6.06,9.78
2026-06-30 22:35:00,43.27,416.45,70.57,0.834,1,17.87,8.16
2026-06-30 22:40:00,43.14,415.49,70.53,0.867,1,8.8,6.31
2026-06-30 22:45:00,39.81,416.47,64.92,0.854,1,13.75,4.75
2026-06-30 22:50:00,37.78,414.11,61.97,0.898,1,18.71,8.15
2026-06-30 22:55:00,45.01,416.98,73.32,0.936,1,13.98,7.55
2026-06-30 23:00:00,44.18,413.97,72.49,0.821,1,23.12,11.92
2026-06-30 23:05:00,38.26,417.79,62.2,0.928,1,20.38,9.37
2026-06-30 23:10:00,35.79,415.86,58.45,0.872,1,10.46,6.73
2026-06-30 23:15:00,41.73,414.48,68.39,0.9,1,7.61,9.34
2026-06-30 23:20:00,51.5,415.53,84.18,0.922,1,22.89,14.44
2026-06-30 23:25:00,50.41,414.96,82.51,0.889,1,12.94,7.04
2026-06-30 23:30:00,39.87,418.99,64.64,0.832,1,12.65,6.34
2026-06-30 23:35:00,40.35,415.61,65.95,0.837,1,21.2,12.81
2026-06-30 23:40:00,53.32,415.0,87.28,0.915,1,5.19,8.11
2026-06-30 23:45:00,42.03,414.4,68.9,0.847,1,14.02,9.8
2026-06-30 23:50:00,51.02,417.11,83.09,0.888,1,19.29,12.89
2026-06-30 23:55:00,46.16,416.77,75.23,0.871,1,21.97,9.37
2026-07-01 00:00:00,58.09,414.32,95.23,0.856,1,22.7,13.18
2026-07-01 00:05:00,46.91,412.11,77.32,0.914,1,14.31,8.48
2026-07-01 00:10:00,57.24,412.75,94.21,0.908,1,21.95,15.6
2026-07-01 00:15:00,53.21,414.54,87.19,0.898,1,5.72,8.84
2026-07-01 00:20:00,54.31,418.37,88.18,0.865,1,11.11,8.13
2026-07-01 00:25:00,43.96,414.37,72.06,0.847,1,5.21,10.23
2026-07-01 00:30:00,43.55,413.51,71.54,0.882,1,8.31,9.9
2026-07-01 00:35:00,54.22,410.6,89.7,0.918,1,19.49,11.08
2026-07-01 00:40:00,57.31,418.78,92.96,0.889,1,5.09,10.65
2026-07-01 00:45:00,51.2,416.42,83.52,0.936,1,15.46,8.84
2026-07-01 00:50:00,52.13,416.99,84.92,0.822,1,13.28,8.35
2026-07-01 00:55:00,61.13,417.4,99.47,0.94,1,7.46,9.98
2026-07-01 01:00:00,61.87,414.59,101.37,0.903,1,18.71,12.8
2026-07-01 01:05:00,59.11,415.21,96.69,0.92,1,18.86,11.1
2026-07-01 01:10:00,64.43,418.72,104.51,0.86,1,19.53,9.13
2026-07-01 01:15:00,55.38,415.45,90.54,0.881,1,20.31,10.01
2026-07-01 01:20:00,60.19,416.47,98.17,0.916,1,11.3,10.91
2026-07-01 01:25:00,70.92,417.18,115.48,0.911,1,24.88,15.19
2026-07-01 01:30:00,63.74,416.61,103.92,0.86,1,6.46,12.47
2026-07-01 01:35:00,64.73,414.68,106.03,0.859,1,17.95,16.6
2026-07-01 01:40:00,76.32,414.92,124.95,0.9,1,24.42,12.7
2026-07-01 01:45:00,58.48,416.94,95.28,0.932,1,9.49,12.28
2026-07-01 01:50:00,70.14,416.94,114.27,0.873,1,10.56,14.62
2026-07-01 01:55:00,75.15,417.92,122.15,0.862,1,16.52,15.0
2026-07-01 02:00:00,65.88,416.38,107.47,0.927,1,20.63,12.2
2026-07-01 02:05:00,72.46,416.49,118.17,0.902,1,11.58,12.04
2026-07-01 02:10:00,63.9,413.88,104.86,0.867,1,21.74,12.49
2026-07-01 02:15:00,66.01,413.55,108.42,0.827,1,9.82,8.24
2026-07-01 02:20:00,72.0,416.95,117.3,0.907,1,22.49,11.95
2026-07-01 02:25:00,74.69,413.56,122.67,0.862,1,10.06,11.7
2026-07-01 02:30:00,76.91,414.95,125.9,0.828,1,17.35,15.88
2026-07-01 02:35:00,79.76,418.45,129.47,0.893,1,12.16,16.41
2026-07-01 02:40:00,72.16,418.05,117.25,0.859,1,11.44,11.08
2026-07-01 02:45:00,79.05,415.75,129.14,0.861,1,12.08,11.81
2026-07-01 02:50:00,71.93,414.26,117.95,0.878,1,14.98,10.32
2026-07-01 02:55:00,78.71,414.69,128.93,0.906,1,21.9,17.52
2026-07-01 03:00:00,75.79,417.17,123.4,0.853,1,20.19,16.76
2026-07-01 03:05:00,77.51,414.91,126.9,0.83,1,13.99,16.15
2026-07-01 03:10:00,77.92,413.6,127.97,0.871,1,10.64,18.03
2026-07-01 03:15:00,68.29,418.04,110.96,0.827,1,22.09,17.5
2026-07-01 03:20:00,71.19,415.45,116.4,0.904,1,22.4,11.64
2026-07-01 03:25:00,77.81,413.56,127.8,0.935,1,14.07,13.8
2026-07-01 03:30:00,69.33,416.2,113.15,0.899,1,18.92,15.23
2026-07-01 03:35:00,82.38,417.43,134.05,0.853,1,12.39,9.07
2026-07-01 03:40:00,83.03,412.48,136.73,0.842,1,7.98,14.76
2026-07-01 03:45:00,80.74,414.5,132.31,0.848,1,11.43,17.33
2026-07-01 03:50:00,73.91,414.38,121.16,0.847,1,18.64,13.43
2026-07-01 03:55:00,86.82,416.13,141.72,0.858,1,20.39,18.34
2026-07-01 04:00:00,90.5,416.58,147.56,0.832,1,22.03,12.77
2026-07-01 04:05:00,81.42,413.62,133.71,0.927,1,5.35,15.58
2026-07-01 04:10:00,83.6,411.27,138.07,0.926,1,14.73,14.72
2026-07-01 04:15:00,82.4,417.58,134.03,0.894,1,10.48,14.84
2026-07-01 04:20:00,84.37,412.2,139.04,0.827,1,18.68,13.93
2026-07-01 04:25:00,81.44,415.68,133.08,0.916,1,9.91,18.85
2026-07-01 04:30:00,82.16,414.67,134.59,0.827,1,16.33,15.76
2026-07-01 04:35:00,87.15,415.41,142.5,0.833,1,19.24,16.99
2026-07-01 04:40:00,94.62,419.13,153.34,0.859,1,20.4,22.81
2026-07-01 04:45:00,76.14,422.6,122.39,0.872,1,10.39,12.09
2026-07-01 04:50:00,82.86,410.92,136.97,0.862,1,6.76,15.58
2026-07-01 04:55:00,77.7,417.46,126.43,0.84,1,9.37,12.88
2026-07-01 05:00:00,91.77,414.61,150.34,0.833,1,16.98,15.68
2026-07-01 05:05:00,81.06,417.62,131.84,0.923,1,5.81,15.59
2026-07-01 05:10:00,76.95,417.39,125.23,0.864,1,8.18,13.61
2026-07-01 05:15:00,87.52,418.52,142.04,0.846,1,24.91,21.57
2026-07-01 05:20:00,93.19,415.71,152.27,0.878,1,12.65,21.52
2026-07-01 05:25:00,87.91,412.78,144.66,0.824,1,14.93,16.2
2026-07-01 05:30:00,85.72,417.32,139.53,0.892,1,5.22,12.13
2026-07-01 05:35:00,86.84,415.29,142.03,0.85,1,16.84,15.8
2026-07-01 05:40:00,91.94,414.42,150.7,0.892,1,11.51,19.54
2026-07-01 05:45:00,80.55,413.81,132.23,0.894,1,15.6,13.23
2026-07-01 05:50:00,84.41,417.52,137.32,0.917,1,15.52,19.68
2026-07-01 05:55:00,82.73,419.01,134.11,0.848,1,24.35,17.45
2026-07-01 06:00:00,79.16,412.01,130.51,0.876,1,10.37,12.06
2026-07-01 06:05:00,83.35,416.55,135.91,0.935,1,16.41,14.3
2026-07-01 06:10:00,90.51,414.07,148.47,0.907,1,12.63,15.72
2026-07-01 06:15:00,87.76,411.33,144.92,0.937,1,13.44,14.61
2026-07-01 06:20:00,88.09,415.37,144.05,0.931,1,6.11,13.52
2026-07-01 06:25:00,85.52,412.92,140.69,0.893,1,18.77,15.0
2026-07-01 06:30:00,87.32,411.06,144.29,0.852,1,8.91,15.28
2026-07-01 06:35:00,80.59,413.05,132.53,0.911,1,14.37,18.23
2026-07-01 06:40:00,82.92,412.43,136.57,0.904,1,13.69,16.62
2026-07-01 06:45:00,85.29,413.38,140.14,0.891,1,14.36,17.22
2026-07-01 06:50:00,85.56,411.69,141.17,0.904,1,12.51,16.83
2026-07-01 06:55:00,85.6,414.01,140.44,0.894,1,9.85,14.06
2026-07-01 07:00:00,83.12,413.22,136.63,0.882,1,13.97,18.31
2026-07-01 07:05:00,81.71,415.94,133.45,0.87,1,5.92,14.0
2026-07-01 07:10:00,99.17,416.48,161.74,0.825,1,9.85,17.57
2026-07-01 07:15:00,87.68,415.65,143.28,0.924,1,20.7,17.69
2026-07-01 07:20:00,84.95,414.41,139.25,0.924,1,21.86,22.16
2026-07-01 07:25:00,81.45,414.34,133.53,0.891,1,19.31,14.32
2026-07-01 07:30:00,80.08,412.91,131.74,0.852,1,17.65,11.53
2026-07-01 07:35:00,81.38,412.97,133.86,0.823,1,21.23,16.38
2026-07-01 07:40:00,83.18,416.76,135.58,0.82,1,7.56,16.93
2026-07-01 07:45:00,71.99,410.6,119.09,0.829,1,15.51,12.73
2026-07-01 07:50:00,73.2,414.8,119.87,0.863,1,7.33,12.17
2026-07-01 07:55:00,77.5,414.19,127.1,0.843,1,20.56,12.04
2026-07-01 08:00:00,81.35,416.5,132.67,0.852,1,15.41,16.19
2026-07-01 08:05:00,78.73,411.44,129.97,0.904,1,21.2,19.72
2026-07-01 08:10:00,86.91,415.03,142.24,0.935,1,20.98,20.65
2026-07-01 08:15:00,71.69,415.86,117.1,0.845,1,14.32,14.32
2026-07-01 08:20:00,74.91,410.24,124.04,0.876,1,14.94,13.27
2026-07-01 08:25:00,85.83,412.31,141.39,0.939,1,5.57,16.61
2026-07-01 08:30:00,78.42,414.77,128.43,0.932,1,15.47,14.14
2026-07-01 08:35:00,81.72,416.29,133.34,0.862,1,18.55,14.16
2026-07-01 08:40:00,87.07,415.46,142.35,0.858,1,9.67,16.53
2026-07-01 08:45:00,72.85,416.4,118.83,0.849,1,24.73,17.3
2026-07-01 08:50:00,75.31,412.3,124.07,0.839,1,24.5,14.34
2026-07-01 08:55:00,73.92,411.03,122.16,0.875,1,10.66,13.37
2026-07-01 09:00:00,64.98,415.21,106.3,0.861,1,19.26,12.05
2026-07-01 09:05:00,72.65,411.93,119.8,0.909,1,5.6,15.19
2026-07-01 09:10:00,78.05,412.84,128.42,0.848,1,18.32,16.93
2026-07-01 09:15:00,75.78,417.33,123.34,0.908,1,17.48,12.03
2026-07-01 09:20:00,75.59,415.47,123.59,0.855,1,21.44,14.27
2026-07-01 09:25:00,70.03,413.58,115.02,0.891,1,11.09,15.72
2026-07-01 09:30:00,68.03,413.25,111.81,0.897,1,22.56,12.6
2026-07-01 09:35:00,77.04,416.55,125.63,0.901,1,22.16,18.19
2026-07-01 09:40:00,67.59,415.53,110.49,0.841,1,18.39,14.67
2026-07-01 09:45:00,70.92,411.96,116.93,0.854,1,14.45,17.54
2026-07-01 09:50:00,69.62,410.13,115.31,0.85,1,17.37,12.68
2026-07-01 09:55:00,75.47,419.7,122.13,0.889,1,19.6,16.18
2026-07-01 10:00:00,72.36,411.94,119.31,0.829,1,24.51,15.94
2026-07-01 10:05:00,60.36,416.32,98.48,0.882,1,7.43,13.73
2026-07-01 10:10:00,60.22,418.78,97.68,0.83,1,11.26,12.22
2026-07-01 10:15:00,68.37,415.37,111.81,0.86,1,20.61,15.91
2026-07-01 10:20:00,64.47,413.5,105.9,0.902,1,13.18,10.81
2026-07-01 10:25:00,61.82,411.43,102.06,0.87,1,18.45,11.92
2026-07-01 10:30:00,68.47,411.4,113.05,0.854,1,7.66,9.27
2026-07-01 10:35:00,63.62,415.94,103.9,0.894,1,19.18,11.79
2026-07-01 10:40:00,62.23,418.63,100.98,0.909,1,18.48,10.16
2026-07-01 10:45:00,65.15,414.01,106.89,0.851,1,16.72,13.33
2026-07-01 10:50:00,58.65,413.61,96.32,0.856,1,20.3,13.85
2026-07-01 10:55:00,67.64,416.74,110.24,0.897,1,22.6,14.61
2026-07-01 11:00:00,55.12,413.29,90.59,0.936,1,21.59,12.8
2026-07-01 11:05:00,61.6,415.69,100.66,0.846,1,7.55,11.69
2026-07-01 11:10:00,64.74,415.1,105.94,0.899,1,19.89,12.32
2026-07-01 11:15:00,49.94,413.98,81.94,0.929,1,14.0,6.98
2026-07-01 11:20:00,54.36,414.96,88.98,0.875,1,11.68,5.92
2026-07-01 11:25:00,61.04,419.41,98.85,0.858,1,22.59,8.63
2026-07-01 11:30:00,60.35,416.51,98.43,0.9,1,16.19,10.14
2026-07-01 11:35:00,52.95,417.73,86.1,0.824,1,15.02,12.39
2026-07-01 11:40:00,49.38,412.7,81.27,0.863,1,20.69,7.08
2026-07-01 11:45:00,57.07,417.74,92.8,0.851,1,16.07,9.18
2026-07-01 11:50:00,57.44,416.6,93.66,0.847,1,22.16,10.36
2026-07-01 11:55:00,44.94,411.25,74.23,0.842,1,7.06,11.42
2026-07-01 12:00:00,43.98,416.35,71.75,0.908,1,20.52,8.85
2026-07-01 12:05:00,50.36,413.72,82.69,0.935,1,8.28,9.79
2026-07-01 12:10:00,51.62,411.14,85.28,0.866,1,9.5,10.72
2026-07-01 12:15:00,46.22,415.32,75.58,0.826,1,8.59,11.97
2026-07-01 12:20:00,50.35,416.35,82.14,0.906,1,9.77,9.74
2026-07-01 12:25:00,42.64,415.38,69.73,0.885,1,19.64,4.58
2026-07-01 12:30:00,34.86,414.73,57.09,0.907,1,18.11,7.47
2026-07-01 12:35:00,42.56,414.17,69.79,0.898,1,9.6,11.47
2026-07-01 12:40:00,44.24,421.17,71.35,0.929,1,10.4,9.96
2026-07-01 12:45:00,41.79,412.04,68.9,0.837,1,6.99,8.37
2026-07-01 12:50:00,36.63,417.18,59.64,0.84,1,13.29,8.08
2026-07-01 12:55:00,32.6,415.04,53.36,0.861,1,12.57,4.0
2026-07-01 13:00:00,38.37,412.86,63.13,0.879,1,7.92,4.0
2026-07-01 13:05:00,44.69,414.88,73.18,0.931,1,21.69,11.19
2026-07-01 13:10:00,45.76,411.52,75.53,0.929,1,22.05,12.31
2026-07-01 13:15:00,44.69,413.51,73.41,0.925,1,7.18,6.95
2026-07-01 13:20:00,33.95,414.88,55.58,0.847,1,10.33,7.07
2026-07-01 13:25:00,31.55,411.12,52.12,0.908,1,19.72,8.1
2026-07-01 13:30:00,39.09,416.27,63.79,0.866,1,22.4,11.99
2026-07-01 13:35:00,39.08,412.59,64.34,0.932,1,6.43,7.17
2026-07-01 13:40:00,37.21,411.37,61.44,0.846,1,23.05,9.55
2026-07-01 13:45:00,24.45,412.3,40.28,0.837,0,0.0,4.6
2026-07-01 13:50:00,29.5,420.44,47.67,0.921,0,0.0,4.0
2026-07-01 13:55:00,33.02,410.05,54.69,0.906,1,5.44,6.36
2026-07-01 14:00:00,34.94,416.09,57.03,0.919,1,23.57,4.91
2026-07-01 14:05:00,35.68,413.12,58.66,0.839,1,12.07,4.59
2026-07-01 14:10:00,31.92,414.12,52.35,0.926,1,17.98,8.67
2026-07-01 14:15:00,32.21,416.51,52.53,0.901,1,8.69,8.99
2026-07-01 14:20:00,30.35,416.39,49.51,0.898,1,11.43,8.72
2026-07-01 14:25:00,32.73,413.3,53.8,0.89,1,19.95,4.5
2026-07-01 14:30:00,30.26,411.61,49.93,0.912,1,24.46,6.19
2026-07-01 14:35:00,28.42,416.56,46.35,0.87,0,0.0,4.0
2026-07-01 14:40:00,26.16,416.38,42.68,0.836,0,0.0,4.0
2026-07-01 14:45:00,27.33,414.29,44.81,0.885,0,0.0,4.0
2026-07-01 14:50:00,28.78,416.1,46.98,0.91,0,0.0,4.34
2026-07-01 14:55:00,27.13,413.89,44.53,0.838,0,0.0,4.0
2026-07-01 15:00:00,27.16,412.93,44.67,0.847,0,0.0,4.0
2026-07-01 15:05:00,31.43,415.01,51.44,0.904,1,6.05,6.88
2026-07-01 15:10:00,25.52,416.3,41.64,0.852,0,0.0,4.0
2026-07-01 15:15:00,20.44,415.77,33.39,0.84,0,0.0,4.0
2026-07-01 15:20:00,27.61,416.27,45.05,0.927,0,0.0,4.0
2026-07-01 15:25:00,15.87,413.1,26.1,0.839,0,0.0,4.0
2026-07-01 15:30:00,16.83,418.95,27.28,0.861,0,0.0,4.0
2026-07-01 15:35:00,23.45,414.14,38.47,0.871,0,0.0,4.0
2026-07-01 15:40:00,23.91,414.7,39.17,0.877,0,0.0,4.0
2026-07-01 15:45:00,14.67,411.7,24.21,0.863,0,0.0,4.0
2026-07-01 15:50:00,18.57,414.52,30.43,0.93,0,0.0,4.0
2026-07-01 15:55:00,17.05,416.33,27.81,0.899,0,0.0,4.0
2026-07-01 16:00:00,17.26,416.91,28.11,0.863,0,0.0,4.0
2026-07-01 16:05:00,24.03,418.9,38.97,0.863,0,0.0,4.0
2026-07-01 16:10:00,22.49,416.3,36.69,0.88,0,0.0,4.0
2026-07-01 16:15:00,18.51,415.69,30.25,0.824,0,0.0,4.0
2026-07-01 16:20:00,15.55,413.88,25.52,0.931,0,0.0,4.0
2026-07-01 16:25:00,11.22,413.35,18.43,0.847,0,0.0,4.0
2026-07-01 16:30:00,24.77,417.43,40.3,0.904,0,0.0,4.0
2026-07-01 16:35:00,20.34,417.38,33.1,0.913,0,0.0,4.0
2026-07-01 16:40:00,13.58,412.31,22.37,0.919,0,0.0,4.0
2026-07-01 16:45:00,20.46,416.81,33.34,0.84,0,0.0,4.0
2026-07-01 16:50:00,16.27,416.63,26.52,0.884,0,0.0,4.0
2026-07-01 16:55:00,14.96,412.22,24.66,0.83,0,0.0,4.0
2026-07-01 17:00:00,18.37,416.35,29.97,0.917,0,0.0,4.0
2026-07-01 17:05:00,12.3,412.38,20.25,0.878,0,0.0,4.0
2026-07-01 17:10:00,14.11,408.93,23.44,0.839,0,0.0,4.0
2026-07-01 17:15:00,16.28,414.6,26.67,0.906,0,0.0,4.0
2026-07-01 17:20:00,13.03,415.64,21.3,0.86,0,0.0,4.0
2026-07-01 17:25:00,18.75,414.71,30.72,0.834,0,0.0,4.0
2026-07-01 17:30:00,24.64,422.17,39.65,0.875,0,0.0,4.0
2026-07-01 17:35:00,11.44,415.95,18.68,0.848,0,0.0,4.0
2026-07-01 17:40:00,10.0,415.37,16.35,0.934,0,0.0,4.0
2026-07-01 17:45:00,10.0,416.07,16.33,0.863,0,0.0,4.0
2026-07-01 17:50:00,14.28,413.9,23.44,0.889,0,0.0,4.76
2026-07-01 17:55:00,11.69,417.32,19.03,0.934,0,0.0,4.0
2026-07-01 18:00:00,16.04,415.9,26.2,0.867,0,0.0,4.0
2026-07-01 18:05:00,15.67,415.79,25.6,0.863,0,0.0,4.0
2026-07-01 18:10:00,10.0,413.44,16.43,0.839,0,0.0,4.0
2026-07-01 18:15:00,10.0,411.09,16.52,0.933,0,0.0,4.0
2026-07-01 18:20:00,16.61,413.75,27.27,0.916,0,0.0,4.0
2026-07-01 18:25:00,15.89,415.71,25.96,0.847,0,0.0,4.0
2026-07-01 18:30:00,13.17,413.89,21.61,0.86,0,0.0,4.0
2026-07-01 18:35:00,10.0,415.73,16.34,0.93,0,0.0,4.0
2026-07-01 18:40:00,17.89,414.42,29.32,0.884,0,0.0,4.0
2026-07-01 18:45:00,22.03,416.08,35.97,0.887,0,0.0,4.0
2026-07-01 18:50:00,17.22,412.56,28.35,0.898,0,0.0,4.0
2026-07-01 18:55:00,11.77,415.48,19.24,0.911,0,0.0,4.0
2026-07-01 19:00:00,16.42,413.4,26.97,0.933,0,0.0,4.0
2026-07-01 19:05:00,10.0,411.15,16.52,0.916,0,0.0,4.0
2026-07-01 19:10:00,21.91,414.59,35.9,0.932,0,0.0,4.0
2026-07-01 19:15:00,17.27,418.84,28.0,0.918,0,0.0,4.0
2026-07-01 19:20:00,10.0,411.35,16.51,0.826,0,0.0,4.0
2026-07-01 19:25:00,15.88,415.3,25.97,0.834,0,0.0,5.04
2026-07-01 19:30:00,19.98,416.99,32.55,0.926,0,0.0,4.0
2026-07-01 19:35:00,16.3,420.75,26.31,0.823,0,0.0,4.0
2026-07-01 19:40:00,16.9,413.77,27.74,0.915,0,0.0,4.0
2026-07-01 19:45:00,12.49,413.42,20.52,0.922,0,0.0,4.0
2026-07-01 19:50:00,21.79,412.08,35.91,0.87,0,0.0,4.0
2026-07-01 19:55:00,16.07,417.85,26.13,0.863,0,0.0,4.0
2026-07-01 20:00:00,10.0,412.83,16.45,0.843,0,0.0,4.0
2026-07-01 20:05:00,18.22,414.07,29.89,0.826,0,0.0,4.0
2026-07-01 20:10:00,25.39,410.38,42.02,0.909,0,0.0,4.0
2026-07-01 20:15:00,18.96,417.21,30.87,0.829,0,0.0,4.0
2026-07-01 20:20:00,30.02,417.9,48.79,0.933,1,16.8,6.64
2026-07-01 20:25:00,23.92,417.11,38.95,0.856,0,0.0,4.0
2026-07-01 20:30:00,23.93,410.99,39.54,0.915,0,0.0,4.0
2026-07-01 20:35:00,22.06,416.52,35.98,0.827,0,0.0,4.0
2026-07-01 20:40:00,22.85,410.82,37.78,0.884,0,0.0,4.0
2026-07-01 20:45:00,22.37,415.15,36.6,0.862,0,0.0,4.0
2026-07-01 20:50:00,22.68,415.51,37.08,0.824,0,0.0,4.0
2026-07-01 20:55:00,27.37,415.78,44.72,0.899,0,0.0,4.0
2026-07-01 21:00:00,20.57,416.34,33.56,0.933,0,0.0,4.0
2026-07-01 21:05:00,20.42,414.98,33.42,0.821,0,0.0,4.0
2026-07-01 21:10:00,20.74,410.09,34.35,0.852,0,0.0,4.0
2026-07-01 21:15:00,37.15,416.34,60.61,0.904,1,13.81,7.73
2026-07-01 21:20:00,30.15,415.24,49.33,0.925,1,13.89,4.0
2026-07-01 21:25:00,29.62,412.74,48.74,0.843,0,0.0,4.0
2026-07-01 21:30:00,23.41,411.08,38.68,0.828,0,0.0,4.0
2026-07-01 21:35:00,32.42,418.85,52.58,0.821,1,10.5,5.61
2026-07-01 21:40:00,29.34,418.08,47.67,0.846,0,0.0,4.61
2026-07-01 21:45:00,31.63,416.76,51.54,0.829,1,13.0,5.22
2026-07-01 21:50:00,26.31,413.31,43.24,0.863,0,0.0,4.0
2026-07-01 21:55:00,32.64,408.71,54.25,0.873,1,10.26,8.81
2026-07-01 22:00:00,30.38,416.91,49.5,0.878,1,10.08,7.94
2026-07-01 22:05:00,29.34,415.92,47.91,0.837,0,0.0,4.0
2026-07-01 22:10:00,37.51,414.06,61.53,0.876,1,11.4,4.76
2026-07-01 22:15:00,26.83,417.81,43.62,0.821,0,0.0,4.0
2026-07-01 22:20:00,38.03,417.12,61.93,0.849,1,13.75,4.84
2026-07-01 22:25:00,39.33,415.44,64.3,0.864,1,6.27,6.58
2026-07-01 22:30:00,32.21,415.09,52.71,0.834,1,13.52,5.69
2026-07-01 22:35:00,33.21,415.13,54.35,0.918,1,21.93,4.96
2026-07-01 22:40:00,36.91,416.7,60.17,0.844,1,7.01,8.26
2026-07-01 22:45:00,40.16,412.86,66.07,0.911,1,23.89,7.28
2026-07-01 22:50:00,38.71,416.06,63.2,0.877,1,11.17,6.69
2026-07-01 22:55:00,42.37,412.7,69.74,0.878,1,5.29,4.27
2026-07-01 23:00:00,49.76,418.34,80.79,0.897,1,10.06,9.62
2026-07-01 23:05:00,39.14,416.33,63.86,0.825,1,6.39,7.15
2026-07-01 23:10:00,33.85,413.28,55.63,0.829,1,16.33,5.52
2026-07-01 23:15:00,47.3,415.2,77.38,0.859,1,11.33,9.96
2026-07-01 23:20:00,52.34,412.87,86.11,0.87,1,21.14,10.75
2026-07-01 23:25:00,46.64,418.76,75.65,0.872,1,19.65,10.74
2026-07-01 23:30:00,39.99,419.06,64.82,0.901,1,14.37,9.38
2026-07-01 23:35:00,45.57,416.74,74.28,0.82,1,16.21,10.67
2026-07-01 23:40:00,41.36,418.89,67.06,0.935,1,17.18,12.16
2026-07-01 23:45:00,50.93,415.38,83.28,0.841,1,10.41,9.98
2026-07-01 23:50:00,41.72,416.91,67.97,0.85,1,7.79,5.71
2026-07-01 23:55:00,47.74,418.06,77.56,0.929,1,12.53,8.23
2026-07-02 00:00:00,44.98,414.99,73.62,0.821,1,6.9,7.51
2026-07-02 00:05:00,51.4,415.18,84.09,0.939,1,11.3,7.69
2026-07-02 00:10:00,49.69,417.33,80.88,0.824,1,16.05,4.0
2026-07-02 00:15:00,53.17,416.62,86.69,0.834,1,15.8,10.9
2026-07-02 00:20:00,53.16,413.11,87.41,0.849,1,7.41,10.02
2026-07-02 00:25:00,48.88,409.53,81.07,0.873,1,5.17,13.48
2026-07-02 00:30:00,57.7,414.56,94.55,0.882,1,6.78,15.0
2026-07-02 00:35:00,55.08,409.76,91.31,0.833,1,5.72,11.77
2026-07-02 00:40:00,51.14,412.52,84.2,0.829,1,13.01,11.15
2026-07-02 00:45:00,68.03,412.81,111.94,0.824,1,12.8,10.97
2026-07-02 00:50:00,59.96,413.58,98.47,0.851,1,9.83,11.72
2026-07-02 00:55:00,57.55,417.05,93.74,0.931,1,9.31,10.56
2026-07-02 01:00:00,66.13,417.59,107.57,0.867,1,12.93,12.89
2026-07-02 01:05:00,69.0,416.27,112.6,0.912,1,6.73,10.98
2026-07-02 01:10:00,59.8,416.58,97.5,0.843,1,9.29,12.2
2026-07-02 01:15:00,62.99,416.64,102.69,0.828,1,13.11,8.83
2026-07-02 01:20:00,57.03,408.76,94.77,0.887,1,6.9,17.62
2026-07-02 01:25:00,61.95,415.03,101.39,0.919,1,21.82,15.58
2026-07-02 01:30:00,62.4,410.51,103.25,0.928,1,18.52,15.22
2026-07-02 01:35:00,65.02,416.27,106.1,0.886,1,12.66,9.39
2026-07-02 01:40:00,66.46,409.77,110.16,0.855,1,8.01,8.62
2026-07-02 01:45:00,68.28,414.55,111.88,0.833,1,8.88,13.37
2026-07-02 01:50:00,67.35,416.37,109.87,0.9,1,7.4,11.79
2026-07-02 01:55:00,60.78,412.21,100.16,0.854,1,8.2,15.62
2026-07-02 02:00:00,62.81,417.4,102.21,0.921,1,13.45,13.43
2026-07-02 02:05:00,65.43,416.27,106.76,0.893,1,9.91,12.18
2026-07-02 02:10:00,67.39,415.95,110.06,0.923,1,22.69,16.68
2026-07-02 02:15:00,74.7,416.75,121.75,0.888,1,24.22,15.08
2026-07-02 02:20:00,64.26,414.1,105.41,0.913,1,18.83,13.04
2026-07-02 02:25:00,68.91,415.38,112.68,0.855,1,21.18,15.87
2026-07-02 02:30:00,76.07,415.03,124.5,0.88,1,10.1,12.63
2026-07-02 02:35:00,70.41,414.97,115.25,0.822,1,18.3,15.94
2026-07-02 02:40:00,74.8,413.32,122.93,0.893,1,6.16,15.08
2026-07-02 02:45:00,72.38,411.89,119.36,0.884,1,24.2,12.11
2026-07-02 02:50:00,74.93,414.16,122.89,0.911,1,18.4,18.93
2026-07-02 02:55:00,73.06,414.02,119.87,0.907,1,11.34,12.66
2026-07-02 03:00:00,78.08,413.16,128.37,0.895,1,20.46,11.3
2026-07-02 03:05:00,67.56,417.13,110.01,0.827,1,5.32,10.63
2026-07-02 03:10:00,73.99,412.07,121.96,0.928,1,12.52,11.55
2026-07-02 03:15:00,77.8,414.57,127.47,0.822,1,22.91,15.6
2026-07-02 03:20:00,79.48,417.92,129.18,0.916,1,10.26,18.57
2026-07-02 03:25:00,84.76,417.27,137.98,0.878,1,18.36,16.75
2026-07-02 03:30:00,75.81,418.04,123.18,0.918,1,12.2,17.92
2026-07-02 03:35:00,85.62,413.52,140.64,0.876,1,12.85,18.52
2026-07-02 03:40:00,75.38,416.96,122.79,0.898,1,19.92,8.4
2026-07-02 03:45:00,85.74,412.34,141.25,0.864,1,23.2,18.67
2026-07-02 03:50:00,83.61,414.31,137.07,0.909,1,8.33,14.12
2026-07-02 03:55:00,75.35,414.55,123.47,0.851,1,10.54,15.28
2026-07-02 04:00:00,81.85,413.56,134.43,0.906,1,14.76,15.34
2026-07-02 04:05:00,80.43,414.1,131.93,0.843,1,17.28,21.78
2026-07-02 04:10:00,84.17,413.77,138.18,0.907,1,14.36,16.88
2026-07-02 04:15:00,80.27,412.54,132.17,0.855,1,21.11,16.85
2026-07-02 04:20:00,80.18,417.14,130.57,0.853,1,20.36,17.94
2026-07-02 04:25:00,88.88,414.54,145.64,0.917,1,13.1,13.21
2026-07-02 04:30:00,81.84,415.5,133.79,0.918,1,5.81,17.52
2026-07-02 04:35:00,86.75,415.41,141.85,0.903,1,8.89,15.56
2026-07-02 04:40:00,81.76,415.14,133.78,0.931,1,14.74,13.86
2026-07-02 04:45:00,91.48,415.23,149.64,0.839,1,23.55,19.54
2026-07-02 04:50:00,79.99,414.24,131.16,0.852,1,16.35,11.78
2026-07-02 04:55:00,80.53,418.55,130.69,0.855,1,15.61,17.44
2026-07-02 05:00:00,91.43,416.9,148.97,0.857,1,19.48,17.07
2026-07-02 05:05:00,81.77,415.05,133.83,0.859,1,8.05,14.89
2026-07-02 05:10:00,92.18,413.88,151.28,0.904,1,7.94,11.8
2026-07-02 05:15:00,88.79,414.7,145.43,0.852,1,11.91,18.66
2026-07-02 05:20:00,83.7,416.04,136.64,0.854,1,24.9,16.88
2026-07-02 05:25:00,75.53,418.75,122.51,0.888,1,22.52,13.64
2026-07-02 05:30:00,84.6,411.57,139.63,0.843,1,18.6,14.02
2026-07-02 05:35:00,85.3,416.65,139.06,0.864,1,12.82,17.8
2026-07-02 05:40:00,90.7,417.82,147.46,0.827,1,16.09,17.94
2026-07-02 05:45:00,92.87,411.28,153.38,0.934,1,11.07,17.28
2026-07-02 05:50:00,81.54,414.55,133.61,0.858,1,18.49,13.32
2026-07-02 05:55:00,89.0,412.34,146.61,0.922,1,13.38,17.39
2026-07-02 06:00:00,88.83,416.08,145.01,0.884,1,7.4,16.92
2026-07-02 06:05:00,90.36,414.1,148.22,0.847,1,9.3,19.77
2026-07-02 06:10:00,87.46,414.67,143.26,0.843,1,17.17,13.84
2026-07-02 06:15:00,75.21,413.97,123.41,0.903,1,18.89,12.83
2026-07-02 06:20:00,84.09,416.8,137.04,0.936,1,6.92,19.97
2026-07-02 06:25:00,79.01,415.57,129.15,0.842,1,21.17,15.72
2026-07-02 06:30:00,83.69,415.58,136.79,0.834,1,21.49,16.72
2026-07-02 06:35:00,89.49,415.4,146.34,0.866,1,19.46,19.31
2026-07-02 06:40:00,85.99,416.43,140.27,0.867,1,18.67,20.6
2026-07-02 06:45:00,90.07,414.35,147.65,0.917,1,9.64,14.01
2026-07-02 06:50:00,85.88,419.25,139.14,0.876,1,23.39,21.67
2026-07-02 06:55:00,77.51,411.91,127.81,0.827,1,10.37,14.37
2026-07-02 07:00:00,71.2,410.69,117.77,0.93,1,8.65,13.86
2026-07-02 07:05:00,84.35,410.48,139.57,0.865,1,17.77,16.21
2026-07-02 07:10:00,82.31,409.8,136.43,0.9,1,12.28,18.89
2026-07-02 07:15:00,78.26,416.68,127.57,0.9,1,23.66,17.48
2026-07-02 07:20:00,74.39,416.38,121.35,0.827,1,14.2,13.76
2026-07-02 07:25:00,78.95,418.02,128.28,0.82,1,8.27,12.02
2026-07-02 07:30:00,81.36,412.36,134.03,0.831,1,24.15,15.29
2026-07-02 07:35:00,85.37,416.86,139.1,0.935,1,15.31,13.04
2026-07-02 07:40:00,82.66,415.14,135.25,0.915,1,15.37,17.71
2026-07-02 07:45:00,89.43,415.42,146.23,0.836,1,12.72,15.17
2026-07-02 07:50:00,75.87,416.56,123.71,0.894,1,21.72,14.51
2026-07-02 07:55:00,85.09,413.11,139.91,0.893,1,10.75,18.56
2026-07-02 08:00:00,80.55,421.47,129.81,0.82,1,5.27,16.63
2026-07-02 08:05:00,83.4,418.33,135.41,0.871,1,14.95,16.64
2026-07-02 08:10:00,77.34,413.67,126.99,0.905,1,23.52,13.26
2026-07-02 08:15:00,84.46,412.27,139.15,0.842,1,10.47,16.85
2026-07-02 08:20:00,80.15,414.78,131.25,0.922,1,10.33,13.11
2026-07-02 08:25:00,74.83,415.46,122.34,0.899,1,19.76,15.6
2026-07-02 08:30:00,77.71,417.66,126.38,0.821,1,20.51,11.99
2026-07-02 08:35:00,76.1,412.08,125.44,0.923,1,13.71,17.17
2026-07-02 08:40:00,79.26,415.71,129.5,0.822,1,21.67,15.81
2026-07-02 08:45:00,70.42,411.18,116.32,0.927,1,8.44,13.07
2026-07-02 08:50:00,75.66,416.09,123.51,0.86,1,12.34,15.14
2026-07-02 08:55:00,77.26,414.73,126.54,0.904,1,13.09,14.29
2026-07-02 09:00:00,74.91,419.84,121.2,0.914,1,11.26,14.2
2026-07-02 09:05:00,80.94,411.13,133.72,0.854,1,9.35,18.02
2026-07-02 09:10:00,77.52,418.43,125.84,0.863,1,11.76,16.98
2026-07-02 09:15:00,73.04,410.74,120.79,0.881,1,5.36,15.06
2026-07-02 09:20:00,73.58,411.68,121.41,0.89,1,19.07,14.78
2026-07-02 09:25:00,73.39,410.81,121.34,0.855,1,18.68,13.41
2026-07-02 09:30:00,73.32,415.63,119.83,0.939,1,14.0,16.38
2026-07-02 09:35:00,61.57,412.07,101.49,0.908,1,11.46,9.55
2026-07-02 09:40:00,68.57,411.63,113.15,0.853,1,13.68,17.15
2026-07-02 09:45:00,62.02,415.51,101.39,0.897,1,23.73,13.99
2026-07-02 09:50:00,75.2,416.13,122.75,0.872,1,17.07,17.12
2026-07-02 09:55:00,67.85,415.1,111.03,0.923,1,19.63,14.28
2026-07-02 10:00:00,66.53,414.59,109.01,0.859,1,9.59,12.17
2026-07-02 10:05:00,71.32,419.57,115.46,0.843,1,6.9,15.37
2026-07-02 10:10:00,68.27,415.36,111.65,0.826,1,6.66,9.37
2026-07-02 10:15:00,59.84,417.01,97.47,0.938,1,14.44,10.13
2026-07-02 10:20:00,64.44,415.36,105.38,0.863,1,19.33,12.12
2026-07-02 10:25:00,62.42,412.26,102.85,0.846,1,20.48,9.07
2026-07-02 10:30:00,54.67,416.37,89.19,0.879,1,19.41,12.28
2026-07-02 10:35:00,59.23,413.36,97.34,0.855,1,23.26,14.75
2026-07-02 10:40:00,61.05,414.77,99.98,0.848,1,6.04,7.34
2026-07-02 10:45:00,60.68,415.76,99.13,0.894,1,22.11,11.07
2026-07-02 10:50:00,53.11,410.15,87.96,0.829,1,18.21,10.08
2026-07-02 10:55:00,65.55,410.98,108.34,0.881,1,8.51,12.97
2026-07-02 11:00:00,58.55,417.27,95.31,0.866,1,18.65,13.45
2026-07-02 11:05:00,58.51,413.34,96.15,0.884,1,15.24,10.65
2026-07-02 11:10:00,59.58,413.46,97.88,0.858,1,12.18,13.51
2026-07-02 11:15:00,52.89,415.42,86.48,0.888,1,9.96,10.22
2026-07-02 11:20:00,58.36,414.04,95.74,0.83,1,14.28,9.83
2026-07-02 11:25:00,53.49,416.04,87.33,0.865,1,9.78,10.65
2026-07-02 11:30:00,50.09,414.87,82.0,0.848,1,6.66,6.43
2026-07-02 11:35:00,56.68,415.5,92.66,0.873,1,21.92,10.71
2026-07-02 11:40:00,60.51,413.25,99.46,0.868,1,16.86,11.33
2026-07-02 11:45:00,55.91,415.48,91.41,0.896,1,12.27,9.28
2026-07-02 11:50:00,56.14,417.76,91.28,0.895,1,13.93,16.65
2026-07-02 11:55:00,48.16,413.58,79.1,0.87,1,22.3,12.79
2026-07-02 12:00:00,42.01,417.29,68.39,0.842,1,11.4,8.59
2026-07-02 12:05:00,56.69,414.87,92.81,0.89,1,12.6,11.82
2026-07-02 12:10:00,58.75,416.84,95.73,0.936,1,20.32,12.78
2026-07-02 12:15:00,55.42,415.32,90.65,0.842,1,9.01,11.87
2026-07-02 12:20:00,45.27,414.92,74.11,0.828,1,18.19,12.67
2026-07-02 12:25:00,40.42,415.87,66.01,0.852,1,13.69,10.1
2026-07-02 12:30:00,40.1,418.03,65.16,0.87,1,15.0,4.0
2026-07-02 12:35:00,36.26,415.59,59.26,0.857,1,20.74,9.49
2026-07-02 12:40:00,43.39,416.2,70.81,0.92,1,24.86,7.12
2026-07-02 12:45:00,51.2,414.08,83.99,0.879,1,21.63,9.02
2026-07-02 12:50:00,41.72,418.93,67.64,0.85,1,8.21,10.19
2026-07-02 12:55:00,43.19,416.6,70.42,0.934,1,9.49,4.0
2026-07-02 13:00:00,47.82,415.19,78.23,0.835,1,13.2,13.22
2026-07-02 13:05:00,38.19,414.69,62.55,0.835,1,19.38,9.73
2026-07-02 13:10:00,49.65,417.44,80.79,0.849,1,15.19,10.47
2026-07-02 13:15:00,48.71,413.48,80.02,0.829,1,23.04,11.85
2026-07-02 13:20:00,37.37,410.54,61.84,0.91,1,5.97,9.68
2026-07-02 13:25:00,34.43,415.18,56.32,0.858,1,10.17,7.22
2026-07-02 13:30:00,40.09,417.98,65.15,0.908,1,9.39,9.47
2026-07-02 13:35:00,34.17,418.98,55.39,0.912,1,19.88,4.88
2026-07-02 13:40:00,29.43,414.73,48.19,0.849,0,0.0,4.0
2026-07-02 13:45:00,40.93,415.11,66.97,0.882,1,5.3,9.04
2026-07-02 13:50:00,39.92,416.3,65.14,0.882,1,20.47,11.53
2026-07-02 13:55:00,33.94,414.34,55.65,0.925,1,12.24,7.12
2026-07-02 14:00:00,26.19,416.29,42.73,0.823,0,0.0,4.0
2026-07-02 14:05:00,25.7,414.79,42.08,0.858,0,0.0,4.0
2026-07-02 14:10:00,31.73,417.53,51.62,0.926,1,23.92,6.91
2026-07-02 14:15:00,28.06,416.81,45.72,0.848,0,0.0,4.0
2026-07-02 14:20:00,28.22,417.03,45.96,0.836,0,0.0,4.0
2026-07-02 14:25:00,34.41,414.49,56.4,0.889,1,9.66,10.63
2026-07-02 14:30:00,32.36,419.81,52.36,0.857,1,17.92,7.79
2026-07-02 14:35:00,34.98,416.21,57.09,0.876,1,18.41,7.0
2026-07-02 14:40:00,22.55,415.62,36.85,0.918,0,0.0,4.0
2026-07-02 14:45:00,25.21,413.1,41.45,0.882,0,0.0,4.0
2026-07-02 14:50:00,30.15,414.76,49.38,0.882,1,19.05,9.44
2026-07-02 14:55:00,28.04,415.29,45.86,0.853,0,0.0,4.0
2026-07-02 15:00:00,32.91,413.03,54.13,0.915,1,19.5,5.96
2026-07-02 15:05:00,26.82,414.27,43.98,0.909,0,0.0,4.0
2026-07-02 15:10:00,33.44,414.59,54.78,0.848,1,19.36,7.18
2026-07-02 15:15:00,26.39,415.14,43.17,0.858,0,0.0,4.0
2026-07-02 15:20:00,28.5,410.59,47.15,0.915,0,0.0,4.0
2026-07-02 15:25:00,21.09,414.66,34.54,0.863,0,0.0,4.0
2026-07-02 15:30:00,22.3,414.06,36.59,0.868,0,0.0,4.0
2026-07-02 15:35:00,26.33,414.95,43.1,0.864,0,0.0,4.0
2026-07-02 15:40:00,29.39,417.59,47.81,0.839,0,0.0,4.0
2026-07-02 15:45:00,24.54,420.13,39.68,0.861,0,0.0,4.0
2026-07-02 15:50:00,20.07,416.7,32.71,0.916,0,0.0,4.0
2026-07-02 15:55:00,26.96,411.91,44.47,0.879,0,0.0,4.0
2026-07-02 16:00:00,10.0,414.14,16.4,0.875,0,0.0,4.0
2026-07-02 16:05:00,12.2,416.49,19.9,0.839,0,0.0,4.0
2026-07-02 16:10:00,22.36,416.21,36.5,0.841,0,0.0,4.0
2026-07-02 16:15:00,18.68,417.47,30.39,0.825,0,0.0,4.0
2026-07-02 16:20:00,21.31,414.76,34.89,0.822,0,0.0,4.0
2026-07-02 16:25:00,18.29,414.09,30.0,0.879,0,0.0,4.0
2026-07-02 16:30:00,20.52,419.38,33.23,0.869,0,0.0,4.0
2026-07-02 16:35:00,13.31,415.15,21.77,0.853,0,0.0,4.0
2026-07-02 16:40:00,19.96,412.46,32.88,0.939,0,0.0,4.0
2026-07-02 16:45:00,21.83,418.69,35.41,0.868,0,0.0,4.0
2026-07-02 16:50:00,22.72,411.26,37.53,0.915,0,0.0,4.0
2026-07-02 16:55:00,26.47,406.26,44.25,0.845,0,0.0,4.0
2026-07-02 17:00:00,17.41,416.92,28.37,0.85,0,0.0,4.0
2026-07-02 17:05:00,17.37,417.28,28.28,0.888,0,0.0,4.0
2026-07-02 17:10:00,10.0,416.04,16.33,0.82,0,0.0,4.0
2026-07-02 17:15:00,13.02,411.74,21.47,0.822,0,0.0,4.0
2026-07-02 17:20:00,14.57,414.85,23.85,0.837,0,0.0,4.0
2026-07-02 17:25:00,20.66,414.3,33.87,0.847,0,0.0,4.0
2026-07-02 17:30:00,12.24,413.66,20.11,0.883,0,0.0,4.0
2026-07-02 17:35:00,19.19,418.53,31.14,0.902,0,0.0,4.0
2026-07-02 17:40:00,15.13,412.38,24.91,0.857,0,0.0,4.0
2026-07-02 17:45:00,14.19,415.79,23.18,0.849,0,0.0,4.0
2026-07-02 17:50:00,16.28,417.99,26.45,0.919,0,0.0,4.0
2026-07-02 17:55:00,13.05,415.95,21.31,0.84,0,0.0,4.0
2026-07-02 18:00:00,12.85,418.1,20.88,0.901,0,0.0,4.0
2026-07-02 18:05:00,10.0,416.41,16.31,0.932,0,0.0,4.0
2026-07-02 18:10:00,13.79,416.07,22.52,0.848,0,0.0,4.0
2026-07-02 18:15:00,12.68,415.92,20.7,0.83,0,0.0,4.0
2026-07-02 18:20:00,12.55,416.53,20.47,0.938,0,0.0,4.0
2026-07-02 18:25:00,17.29,414.04,28.37,0.852,0,0.0,4.0
2026-07-02 18:30:00,18.59,411.75,30.67,0.853,0,0.0,4.0
2026-07-02 18:35:00,16.57,417.39,26.96,0.878,0,0.0,4.0
2026-07-02 18:40:00,20.51,417.9,33.33,0.848,0,0.0,4.0
2026-07-02 18:45:00,18.55,415.63,30.32,0.939,0,0.0,4.39
2026-07-02 18:50:00,14.35,413.63,23.57,0.825,0,0.0,4.0
2026-07-02 18:55:00,13.69,411.11,22.62,0.874,0,0.0,4.0
2026-07-02 19:00:00,17.76,415.21,29.05,0.886,0,0.0,4.0
2026-07-02 19:05:00,19.27,411.63,31.79,0.876,0,0.0,4.0
2026-07-02 19:10:00,23.61,411.28,38.99,0.882,0,0.0,4.0
2026-07-02 19:15:00,22.81,414.95,37.34,0.939,0,0.0,4.0
2026-07-02 19:20:00,14.4,413.09,23.68,0.925,0,0.0,4.0
2026-07-02 19:25:00,16.87,415.86,27.55,0.857,0,0.0,4.0
2026-07-02 19:30:00,21.02,414.6,34.44,0.886,0,0.0,4.0
2026-07-02 19:35:00,23.3,413.48,38.28,0.82,0,0.0,4.0
2026-07-02 19:40:00,22.97,410.74,37.99,0.869,0,0.0,4.0
2026-07-02 19:45:00,18.29,412.87,30.09,0.84,0,0.0,4.0
2026-07-02 19:50:00,12.68,412.96,20.86,0.905,0,0.0,4.0
2026-07-02 19:55:00,14.32,411.94,23.61,0.847,0,0.0,4.0
2026-07-02 20:00:00,21.05,414.18,34.53,0.91,0,0.0,4.0
2026-07-02 20:05:00,21.79,412.13,35.91,0.858,0,0.0,4.0
2026-07-02 20:10:00,14.99,414.59,24.56,0.931,0,0.0,4.0
2026-07-02 20:15:00,21.12,415.6,34.52,0.873,0,0.0,4.0
2026-07-02 20:20:00,24.49,412.93,40.28,0.921,0,0.0,4.0
2026-07-02 20:25:00,16.02,416.06,26.15,0.895,0,0.0,4.0
2026-07-02 20:30:00,27.76,411.6,45.81,0.937,0,0.0,4.0
2026-07-02 20:35:00,20.82,412.22,34.3,0.909,0,0.0,4.0
2026-07-02 20:40:00,29.48,414.72,48.28,0.907,0,0.0,4.0
2026-07-02 20:45:00,21.02,416.72,34.26,0.852,0,0.0,4.0
2026-07-02 20:50:00,19.06,417.17,31.04,0.881,0,0.0,4.0
2026-07-02 20:55:00,22.43,419.03,36.35,0.855,0,0.0,4.0
2026-07-02 21:00:00,24.78,414.06,40.64,0.822,0,0.0,4.0
2026-07-02 21:05:00,23.85,414.68,39.07,0.905,0,0.0,4.0
2026-07-02 21:10:00,25.27,412.42,41.63,0.848,0,0.0,4.0
2026-07-02 21:15:00,28.59,411.87,47.16,0.868,0,0.0,4.0
2026-07-02 21:20:00,26.65,415.57,43.55,0.854,0,0.0,4.0
2026-07-02 21:25:00,27.76,413.06,45.65,0.844,0,0.0,4.0
2026-07-02 21:30:00,20.15,418.08,32.73,0.828,0,0.0,4.0
2026-07-02 21:35:00,31.26,411.34,51.62,0.861,1,16.24,4.9
2026-07-02 21:40:00,29.48,416.22,48.11,0.83,0,0.0,4.0
2026-07-02 21:45:00,38.61,412.49,63.57,0.885,1,22.09,8.09
2026-07-02 21:50:00,26.5,412.95,43.58,0.822,0,0.0,4.0
2026-07-02 21:55:00,22.8,416.35,37.2,0.933,0,0.0,4.0
2026-07-02 22:00:00,35.59,413.31,58.49,0.936,1,17.03,4.5
2026-07-02 22:05:00,34.9,413.71,57.3,0.857,1,10.79,7.71
2026-07-02 22:10:00,28.8,412.97,47.36,0.851,0,0.0,4.0
2026-07-02 22:15:00,26.87,419.46,43.51,0.833,0,0.0,4.0
2026-07-02 22:20:00,42.9,413.46,70.47,0.929,1,12.14,12.44
2026-07-02 22:25:00,42.97,415.13,70.32,0.89,1,24.89,13.02
2026-07-02 22:30:00,24.17,414.5,39.61,0.893,0,0.0,4.0
2026-07-02 22:35:00,35.02,415.55,57.25,0.928,1,13.98,5.62
2026-07-02 22:40:00,46.35,413.46,76.15,0.929,1,11.28,7.93
2026-07-02 22:45:00,36.37,414.5,59.6,0.919,1,21.2,9.27
2026-07-02 22:50:00,37.02,415.98,60.45,0.913,1,11.08,4.25
2026-07-02 22:55:00,38.79,412.84,63.83,0.925,1,8.23,6.85
2026-07-02 23:00:00,35.34,417.72,57.46,0.925,1,23.66,5.84
2026-07-02 23:05:00,33.16,417.96,53.89,0.864,1,11.35,4.0
2026-07-02 23:10:00,47.69,416.52,77.77,0.937,1,19.83,10.15
2026-07-02 23:15:00,33.96,415.17,55.56,0.905,1,10.81,8.48
2026-07-02 23:20:00,45.16,407.52,75.27,0.864,1,8.57,9.94
2026-07-02 23:25:00,49.11,416.06,80.17,0.873,1,21.05,10.16
2026-07-02 23:30:00,38.18,414.02,62.63,0.902,1,6.11,6.36
2026-07-02 23:35:00,41.57,414.38,68.14,0.863,1,11.64,6.85
2026-07-02 23:40:00,53.02,410.26,87.78,0.919,1,20.6,12.59
2026-07-02 23:45:00,50.38,416.23,82.21,0.838,1,15.24,8.65
2026-07-02 23:50:00,45.39,411.38,74.94,0.929,1,18.79,7.86
2026-07-02 23:55:00,55.25,415.3,90.36,0.856,1,6.34,11.21
2026-07-03 00:00:00,56.03,417.26,91.21,0.838,1,20.0,8.82
2026-07-03 00:05:00,52.11,413.83,85.53,0.923,1,8.44,10.0
2026-07-03 00:10:00,47.03,418.04,76.41,0.849,1,21.17,8.3
2026-07-03 00:15:00,50.22,413.13,82.57,0.921,1,16.28,8.3
2026-07-03 00:20:00,54.48,416.5,88.85,0.856,1,19.78,10.22
2026-07-03 00:25:00,52.87,411.74,87.22,0.932,1,9.26,11.72
2026-07-03 00:30:00,59.26,417.58,96.4,0.846,1,12.91,11.72
2026-07-03 00:35:00,47.68,417.19,77.62,0.828,1,21.04,10.31
2026-07-03 00:40:00,48.61,416.17,79.33,0.932,1,23.22,11.66
2026-07-03 00:45:00,57.73,414.02,94.72,0.84,1,9.53,12.31
2026-07-03 00:50:00,55.12,411.49,90.98,0.933,1,20.87,10.55
2026-07-03 00:55:00,55.18,414.02,90.54,0.919,1,7.17,11.58
2026-07-03 01:00:00,50.22,417.78,81.65,0.83,1,13.51,9.33
2026-07-03 01:05:00,59.89,415.32,97.95,0.873,1,23.77,12.98
2026-07-03 01:10:00,60.26,411.12,99.56,0.829,1,23.9,14.45
2026-07-03 01:15:00,64.52,412.19,106.32,0.86,1,10.93,13.36
2026-07-03 01:20:00,62.32,418.13,101.23,0.862,1,8.86,8.78
2026-07-03 01:25:00,62.02,416.22,101.22,0.892,1,7.99,10.42
2026-07-03 01:30:00,69.28,411.91,114.24,0.937,1,14.62,14.7
2026-07-03 01:35:00,57.53,410.59,95.18,0.84,1,6.84,5.72
2026-07-03 01:40:00,67.47,413.44,110.86,0.859,1,12.14,13.5
2026-07-03 01:45:00,57.12,410.37,94.55,0.89,1,5.34,11.17
2026-07-03 01:50:00,61.97,414.61,101.52,0.841,1,10.19,17.96
2026-07-03 01:55:00,60.77,421.13,98.02,0.905,1,23.01,13.09
2026-07-03 02:00:00,71.41,411.01,118.02,0.868,1,13.94,13.3
2026-07-03 02:05:00,67.83,414.53,111.15,0.934,1,6.47,15.22
2026-07-03 02:10:00,68.74,418.28,111.63,0.896,1,17.94,12.47
2026-07-03 02:15:00,63.91,416.87,104.14,0.864,1,24.11,12.81
2026-07-03 02:20:00,68.58,414.63,112.34,0.906,1,14.27,13.26
2026-07-03 02:25:00,66.88,414.63,109.56,0.921,1,17.49,14.3
2026-07-03 02:30:00,73.22,412.11,120.69,0.916,1,23.39,12.22
2026-07-03 02:35:00,66.95,414.33,109.76,0.852,1,13.38,14.65
2026-07-03 02:40:00,79.15,415.61,129.35,0.87,1,18.29,13.95
2026-07-03 02:45:00,64.7,417.76,105.2,0.874,1,13.81,17.09
2026-07-03 02:50:00,69.61,413.45,114.37,0.867,1,24.24,10.25
2026-07-03 02:55:00,82.59,414.53,135.33,0.857,1,15.08,13.87
2026-07-03 03:00:00,72.57,412.63,119.47,0.91,1,22.71,9.51
2026-07-03 03:05:00,68.71,415.56,112.31,0.821,1,15.14,19.97
2026-07-03 03:10:00,76.9,416.96,125.28,0.855,1,18.37,11.93
2026-07-03 03:15:00,73.94,416.57,120.56,0.837,1,12.72,15.7
2026-07-03 03:20:00,72.63,412.07,119.73,0.835,1,23.35,15.92
2026-07-03 03:25:00,71.82,415.37,117.44,0.853,1,17.94,11.73
2026-07-03 03:30:00,91.61,413.31,150.56,0.911,1,5.4,18.55
2026-07-03 03:35:00,76.97,417.53,125.22,0.936,1,5.31,11.65
2026-07-03 03:40:00,69.04,414.6,113.12,0.882,1,18.52,11.47
2026-07-03 03:45:00,86.57,411.2,143.0,0.861,1,7.29,12.34
2026-07-03 03:50:00,82.57,414.45,135.33,0.92,1,19.32,17.38
2026-07-03 03:55:00,76.09,416.15,124.2,0.828,1,11.44,9.74
2026-07-03 04:00:00,75.65,415.61,123.63,0.831,1,15.78,15.31
2026-07-03 04:05:00,84.05,413.72,138.0,0.861,1,8.49,15.27
2026-07-03 04:10:00,79.81,413.54,131.09,0.874,1,9.92,18.89
2026-07-03 04:15:00,71.76,412.53,118.16,0.916,1,13.74,13.68
2026-07-03 04:20:00,90.66,414.01,148.74,0.931,1,18.31,19.19
2026-07-03 04:25:00,79.87,412.86,131.4,0.884,1,8.11,15.96
2026-07-03 04:30:00,89.81,417.43,146.15,0.879,1,10.63,16.46
2026-07-03 04:35:00,89.01,412.75,146.49,0.846,1,9.14,19.05
2026-07-03 04:40:00,77.88,415.31,127.38,0.874,1,22.25,16.01
2026-07-03 04:45:00,88.31,415.14,144.49,0.931,1,17.96,18.87
2026-07-03 04:50:00,80.12,417.36,130.4,0.867,1,14.37,13.0
2026-07-03 04:55:00,74.27,417.72,120.77,0.845,1,23.94,15.79
2026-07-03 05:00:00,81.68,416.74,133.14,0.86,1,19.72,17.54
2026-07-03 05:05:00,85.99,415.88,140.44,0.882,1,23.64,14.14
2026-07-03 05:10:00,81.86,412.38,134.83,0.892,1,16.95,15.41
2026-07-03 05:15:00,82.79,412.33,136.39,0.872,1,7.76,11.28
2026-07-03 05:20:00,90.19,412.89,148.37,0.911,1,18.51,13.49
2026-07-03 05:25:00,85.13,416.88,138.7,0.89,1,9.03,15.64
2026-07-03 05:30:00,80.48,415.18,131.67,0.9,1,11.92,19.24
2026-07-03 05:35:00,88.3,417.17,143.78,0.924,1,15.19,20.99
2026-07-03 05:40:00,85.86,417.51,139.68,0.924,1,8.15,15.16
2026-07-03 05:45:00,72.32,413.19,118.89,0.844,1,5.42,11.09
2026-07-03 05:50:00,87.11,415.08,142.55,0.895,1,11.54,18.4
2026-07-03 05:55:00,86.95,414.97,142.33,0.906,1,21.49,12.1
2026-07-03 06:00:00,85.1,414.18,139.56,0.838,1,5.31,14.65
2026-07-03 06:05:00,89.45,413.66,146.88,0.921,1,7.19,14.73
2026-07-03 06:10:00,81.6,417.96,132.62,0.842,1,21.14,15.55
2026-07-03 06:15:00,86.61,415.13,141.71,0.916,1,11.12,19.32
2026-07-03 06:20:00,77.03,415.03,126.07,0.839,1,23.76,9.08
2026-07-03 06:25:00,86.83,412.99,142.81,0.909,1,12.6,16.98
2026-07-03 06:30:00,94.47,416.69,153.99,0.838,1,20.93,18.84
2026-07-03 06:35:00,79.62,412.49,131.11,0.865,1,10.18,14.7
2026-07-03 06:40:00,80.67,416.14,131.68,0.837,1,6.24,15.51
2026-07-03 06:45:00,80.78,416.21,131.83,0.852,1,22.63,16.86
2026-07-03 06:50:00,84.82,413.97,139.18,0.938,1,23.55,16.81
2026-07-03 06:55:00,78.68,415.79,128.54,0.833,1,19.16,10.42
2026-07-03 07:00:00,85.91,415.46,140.46,0.869,1,20.4,14.43
2026-07-03 07:05:00,87.84,414.9,143.8,0.901,1,5.14,19.76
2026-07-03 07:10:00,86.05,415.03,140.84,0.831,1,20.08,13.8
2026-07-03 07:15:00,74.3,415.15,121.57,0.833,1,14.44,14.28
2026-07-03 07:20:00,87.87,415.32,143.7,0.837,1,14.06,14.85
2026-07-03 07:25:00,87.31,415.15,142.85,0.897,1,15.8,17.88
2026-07-03 07:30:00,86.49,412.24,142.51,0.929,1,10.42,15.62
2026-07-03 07:35:00,83.9,414.62,137.45,0.919,1,18.93,17.56
2026-07-03 07:40:00,82.82,415.66,135.34,0.938,1,10.91,16.34
2026-07-03 07:45:00,86.55,415.24,141.58,0.889,1,16.17,15.49
2026-07-03 07:50:00,90.66,417.38,147.55,0.935,1,7.74,11.56
2026-07-03 07:55:00,75.92,416.55,123.8,0.857,1,18.5,12.59
2026-07-03 08:00:00,85.7,412.82,141.01,0.871,1,8.79,13.08
2026-07-03 08:05:00,79.49,414.58,130.24,0.868,1,8.41,11.92
2026-07-03 08:10:00,78.87,414.22,129.33,0.826,1,5.49,15.63
2026-07-03 08:15:00,71.42,414.99,116.9,0.92,1,7.44,17.9
2026-07-03 08:20:00,77.25,414.99,126.44,0.823,1,9.65,8.69
2026-07-03 08:25:00,73.24,416.53,119.44,0.908,1,9.45,10.18
2026-07-03 08:30:00,75.45,415.44,123.36,0.869,1,11.55,14.69
2026-07-03 08:35:00,71.81,418.08,116.66,0.821,1,6.09,12.64
2026-07-03 08:40:00,74.57,415.6,121.87,0.855,1,23.7,15.65
2026-07-03 08:45:00,74.28,412.92,122.2,0.862,1,7.38,13.63
2026-07-03 08:50:00,76.29,413.83,125.22,0.936,1,19.04,17.73
2026-07-03 08:55:00,67.21,416.51,109.61,0.899,1,15.7,14.2
2026-07-03 09:00:00,67.52,410.96,111.6,0.885,1,16.06,14.98
2026-07-03 09:05:00,76.01,411.64,125.43,0.835,1,7.11,16.39
2026-07-03 09:10:00,69.66,415.03,114.01,0.867,1,9.86,10.28
2026-07-03 09:15:00,78.45,417.38,127.67,0.824,1,20.6,16.51
2026-07-03 09:20:00,73.62,418.27,119.56,0.911,1,14.27,15.45
2026-07-03 09:25:00,74.94,414.46,122.82,0.84,1,14.14,13.41
2026-07-03 09:30:00,78.36,417.65,127.44,0.891,1,15.92,14.1
2026-07-03 09:35:00,69.15,415.18,113.13,0.904,1,13.68,12.39
2026-07-03 09:40:00,67.2,411.17,111.02,0.864,1,21.12,11.12
2026-07-03 09:45:00,73.8,414.98,120.8,0.896,1,19.97,11.09
2026-07-03 09:50:00,71.35,413.45,117.22,0.912,1,11.34,18.37
2026-07-03 09:55:00,67.22,417.3,109.42,0.842,1,21.24,15.66
2026-07-03 10:00:00,74.46,414.94,121.89,0.892,1,15.37,14.23
2026-07-03 10:05:00,65.77,411.81,108.49,0.908,1,17.55,9.33
2026-07-03 10:10:00,66.33,411.25,109.55,0.863,1,22.32,14.32
2026-07-03 10:15:00,65.59,414.95,107.36,0.839,1,14.52,11.69
2026-07-03 10:20:00,60.12,408.95,99.86,0.854,1,20.13,11.47
2026-07-03 10:25:00,64.48,413.7,105.88,0.932,1,17.56,17.68
2026-07-03 10:30:00,70.38,415.58,115.03,0.863,1,13.53,17.73
2026-07-03 10:35:00,64.91,412.36,106.92,0.833,1,20.78,7.26
2026-07-03 10:40:00,62.13,417.48,101.08,0.83,1,7.1,12.38
2026-07-03 10:45:00,60.44,417.98,98.22,0.842,1,16.62,12.09
2026-07-03 10:50:00,62.18,412.46,102.4,0.835,1,5.93,12.31
2026-07-03 10:55:00,63.54,414.25,104.19,0.879,1,8.12,10.56
2026-07-03 11:00:00,62.1,417.49,101.05,0.862,1,16.98,12.03
2026-07-03 11:05:00,56.66,415.0,92.74,0.921,1,11.15,8.23
2026-07-03 11:10:00,59.2,411.51,97.72,0.926,1,10.25,13.56
2026-07-03 11:15:00,59.23,414.64,97.03,0.877,1,24.12,14.19
2026-07-03 11:20:00,51.04,412.87,83.97,0.927,1,12.32,13.59
2026-07-03 11:25:00,56.17,417.77,91.32,0.874,1,16.29,9.14
2026-07-03 11:30:00,43.76,416.51,71.37,0.897,1,15.68,9.28
2026-07-03 11:35:00,56.22,414.22,92.2,0.84,1,6.24,15.15
2026-07-03 11:40:00,56.35,415.36,92.16,0.826,1,18.49,9.51
2026-07-03 11:45:00,56.03,411.73,92.43,0.839,1,15.26,8.52
2026-07-03 11:50:00,49.55,413.12,81.47,0.85,1,12.63,10.24
2026-07-03 11:55:00,52.31,418.88,84.82,0.91,1,6.32,12.42
2026-07-03 12:00:00,57.12,415.13,93.46,0.841,1,10.86,9.28
2026-07-03 12:05:00,56.31,417.33,91.64,0.836,1,22.68,15.73
2026-07-03 12:10:00,48.33,415.58,78.99,0.931,1,8.47,7.01
2026-07-03 12:15:00,48.41,418.29,78.61,0.903,1,9.39,10.7
2026-07-03 12:20:00,52.5,410.0,86.98,0.877,1,9.11,8.34
2026-07-03 12:25:00,38.69,414.53,63.39,0.831,1,22.82,7.03
2026-07-03 12:30:00,43.82,419.11,71.01,0.922,1,19.0,10.74
2026-07-03 12:35:00,51.35,417.39,83.57,0.833,1,22.64,9.89
2026-07-03 12:40:00,48.8,418.31,79.24,0.893,1,23.27,6.44
2026-07-03 12:45:00,45.02,414.98,73.69,0.9,1,23.56,7.44
2026-07-03 12:50:00,34.9,413.66,57.3,0.868,1,14.71,8.68
2026-07-03 12:55:00,41.43,412.43,68.24,0.929,1,14.52,9.1
2026-07-03 13:00:00,37.99,412.26,62.6,0.826,1,21.58,9.59
2026-07-03 13:05:00,41.86,417.02,68.19,0.918,1,11.64,6.72
2026-07-03 13:10:00,35.43,416.28,57.81,0.886,1,5.44,4.2
2026-07-03 13:15:00,33.62,414.83,55.05,0.893,1,11.63,4.74
2026-07-03 13:20:00,27.7,416.27,45.21,0.938,0,0.0,4.0
2026-07-03 13:25:00,43.42,415.36,71.01,0.89,1,7.47,8.08
2026-07-03 13:30:00,34.61,417.41,56.32,0.916,1,20.7,4.53
2026-07-03 13:35:00,36.69,417.38,59.71,0.838,1,21.31,10.13
2026-07-03 13:40:00,35.2,412.34,57.98,0.917,1,7.02,7.88
2026-07-03 13:45:00,29.18,415.68,47.69,0.911,0,0.0,4.0
2026-07-03 13:50:00,27.54,410.83,45.54,0.936,0,0.0,4.0
2026-07-03 13:55:00,28.14,415.33,46.02,0.932,0,0.0,4.0
2026-07-03 14:00:00,28.88,416.51,47.1,0.846,0,0.0,4.0
2026-07-03 14:05:00,33.68,411.72,55.56,0.876,1,14.71,4.87
2026-07-03 14:10:00,27.22,413.96,44.66,0.929,0,0.0,4.95
2026-07-03 14:15:00,39.29,415.02,64.3,0.897,1,7.84,4.0
2026-07-03 14:20:00,35.06,415.58,57.31,0.876,1,18.95,4.33
2026-07-03 14:25:00,33.35,414.3,54.67,0.833,1,15.98,6.25
2026-07-03 14:30:00,28.1,412.07,46.31,0.862,0,0.0,4.0
2026-07-03 14:35:00,35.66,414.86,58.39,0.9,1,11.84,7.24
2026-07-03 14:40:00,26.41,410.87,43.67,0.913,0,0.0,4.0
2026-07-03 14:45:00,26.77,414.42,43.87,0.874,0,0.0,4.0
2026-07-03 14:50:00,27.2,413.9,44.65,0.827,0,0.0,4.0
2026-07-03 14:55:00,29.31,414.66,48.01,0.896,0,0.0,4.0
2026-07-03 15:00:00,28.44,413.6,46.7,0.931,0,0.0,4.0
2026-07-03 15:05:00,22.34,411.23,36.9,0.88,0,0.0,4.0
2026-07-03 15:10:00,21.53,414.08,35.32,0.931,0,0.0,4.0
2026-07-03 15:15:00,26.89,417.33,43.76,0.862,0,0.0,4.0
2026-07-03 15:20:00,26.76,418.15,43.48,0.926,0,0.0,4.0
2026-07-03 15:25:00,20.74,421.1,33.45,0.914,0,0.0,4.0
2026-07-03 15:30:00,14.3,419.23,23.16,0.935,0,0.0,4.0
2026-07-03 15:35:00,20.74,412.01,34.19,0.915,0,0.0,4.0
2026-07-03 15:40:00,24.45,413.98,40.11,0.859,0,0.0,4.0
2026-07-03 15:45:00,29.93,414.94,48.99,0.928,0,0.0,4.0
2026-07-03 15:50:00,14.49,414.79,23.73,0.9,0,0.0,4.0
2026-07-03 15:55:00,17.95,415.17,29.36,0.839,0,0.0,4.0
2026-07-03 16:00:00,17.74,421.02,28.62,0.826,0,0.0,4.0
2026-07-03 16:05:00,26.09,412.29,42.99,0.864,0,0.0,4.0
2026-07-03 16:10:00,18.78,413.22,30.87,0.914,0,0.0,4.0
2026-07-03 16:15:00,14.07,419.11,22.81,0.894,0,0.0,4.0
2026-07-03 16:20:00,21.07,413.46,34.62,0.883,0,0.0,4.0
2026-07-03 16:25:00,15.94,415.98,26.03,0.82,0,0.0,4.0
2026-07-03 16:30:00,11.54,417.59,18.77,0.872,0,0.0,4.0
2026-07-03 16:35:00,12.92,416.22,21.08,0.839,0,0.0,4.0
2026-07-03 16:40:00,25.78,415.48,42.15,0.875,0,0.0,4.0
2026-07-03 16:45:00,18.78,417.35,30.56,0.939,0,0.0,4.0
2026-07-03 16:50:00,17.16,412.77,28.24,0.926,0,0.0,4.0
2026-07-03 16:55:00,15.15,413.76,24.87,0.857,0,0.0,4.0
2026-07-03 17:00:00,17.65,416.34,28.8,0.891,0,0.0,4.0
2026-07-03 17:05:00,17.4,409.83,28.85,0.88,0,0.0,4.0
2026-07-03 17:10:00,17.29,418.54,28.06,0.836,0,0.0,4.0
2026-07-03 17:15:00,16.25,415.76,26.54,0.939,0,0.0,4.0
2026-07-03 17:20:00,19.88,415.38,32.5,0.871,0,0.0,4.0
2026-07-03 17:25:00,15.52,410.92,25.66,0.881,0,0.0,4.0
2026-07-03 17:30:00,10.41,411.78,17.17,0.898,0,0.0,4.0
2026-07-03 17:35:00,12.15,414.0,19.93,0.843,0,0.0,4.0
2026-07-03 17:40:00,10.0,417.02,16.29,0.847,0,0.0,4.0
2026-07-03 17:45:00,25.21,409.81,41.78,0.843,0,0.0,4.0
2026-07-03 17:50:00,19.35,416.97,31.52,0.866,0,0.0,4.0
2026-07-03 17:55:00,10.86,414.1,17.81,0.844,0,0.0,4.0
2026-07-03 18:00:00,13.59,414.44,22.27,0.931,0,0.0,4.0
2026-07-03 18:05:00,11.82,415.63,19.32,0.906,0,0.0,4.0
2026-07-03 18:10:00,22.75,415.67,37.17,0.928,0,0.0,4.0
2026-07-03 18:15:00,10.0,413.22,16.44,0.922,0,0.0,4.0
2026-07-03 18:20:00,15.71,416.56,25.61,0.904,0,0.0,4.0
2026-07-03 18:25:00,14.67,409.2,24.34,0.849,0,0.0,4.0
2026-07-03 18:30:00,19.43,413.87,31.89,0.894,0,0.0,4.0
2026-07-03 18:35:00,14.89,415.38,24.34,0.842,0,0.0,4.0
2026-07-03 18:40:00,10.0,414.14,16.4,0.836,0,0.0,4.0
2026-07-03 18:45:00,14.42,410.43,23.86,0.896,0,0.0,4.0
2026-07-03 18:50:00,10.97,416.9,17.87,0.895,0,0.0,4.0
2026-07-03 18:55:00,16.4,411.88,27.05,0.839,0,0.0,4.0
2026-07-03 19:00:00,23.36,414.83,38.26,0.862,0,0.0,4.0
2026-07-03 19:05:00,10.0,415.38,16.35,0.828,0,0.0,4.0
2026-07-03 19:10:00,12.62,415.05,20.65,0.906,0,0.0,4.0
2026-07-03 19:15:00,14.09,417.92,22.91,0.938,0,0.0,4.0
2026-07-03 19:20:00,15.2,414.87,24.89,0.909,0,0.0,4.0
2026-07-03 19:25:00,21.08,416.07,34.41,0.921,0,0.0,4.0
2026-07-03 19:30:00,16.8,414.86,27.5,0.877,0,0.0,4.0
2026-07-03 19:35:00,20.04,416.53,32.69,0.831,0,0.0,4.0
2026-07-03 19:40:00,15.15,418.48,24.59,0.907,0,0.0,4.0
2026-07-03 19:45:00,19.76,415.34,32.31,0.851,0,0.0,4.0
2026-07-03 19:50:00,22.84,416.95,37.21,0.867,0,0.0,4.0
2026-07-03 19:55:00,15.65,418.64,25.4,0.904,0,0.0,4.0
2026-07-03 20:00:00,23.6,418.39,38.31,0.929,0,0.0,4.0
2026-07-03 20:05:00,20.34,414.04,33.37,0.878,0,0.0,4.0
2026-07-03 20:10:00,25.71,417.59,41.82,0.935,0,0.0,4.0
2026-07-03 20:15:00,19.89,415.62,32.51,0.882,0,0.0,4.0
2026-07-03 20:20:00,23.24,417.79,37.78,0.835,0,0.0,4.0
2026-07-03 20:25:00,21.57,416.42,35.19,0.882,0,0.0,4.0
2026-07-03 20:30:00,21.75,415.69,35.54,0.923,0,0.0,4.0
2026-07-03 20:35:00,24.0,416.08,39.18,0.885,0,0.0,4.0
2026-07-03 20:40:00,25.87,415.64,42.28,0.91,0,0.0,4.0
2026-07-03 20:45:00,17.44,415.74,28.49,0.886,0,0.0,4.0
2026-07-03 20:50:00,31.36,414.6,51.38,0.886,1,24.92,8.9
2026-07-03 20:55:00,15.42,414.37,25.28,0.854,0,0.0,4.0
2026-07-03 21:00:00,21.83,419.41,35.35,0.844,0,0.0,4.0
2026-07-03 21:05:00,25.33,416.19,41.33,0.853,0,0.0,4.0
2026-07-03 21:10:00,28.42,413.57,46.67,0.873,0,0.0,4.0
2026-07-03 21:15:00,34.8,414.31,57.06,0.917,1,23.8,12.85
2026-07-03 21:20:00,18.21,417.64,29.62,0.919,0,0.0,4.0
2026-07-03 21:25:00,25.55,413.16,42.01,0.84,0,0.0,4.0
2026-07-03 21:30:00,18.06,411.29,29.82,0.886,0,0.0,4.0
2026-07-03 21:35:00,29.46,411.48,48.64,0.87,0,0.0,4.0
2026-07-03 21:40:00,31.28,410.68,51.74,0.889,1,23.04,5.44
2026-07-03 21:45:00,38.51,411.75,63.53,0.898,1,16.9,9.19
2026-07-03 21:50:00,31.8,412.05,52.42,0.854,1,24.17,9.04
2026-07-03 21:55:00,37.06,418.46,60.16,0.93,1,21.19,10.17
2026-07-03 22:00:00,35.42,414.88,57.99,0.932,1,23.8,7.8
2026-07-03 22:05:00,30.99,414.09,50.83,0.833,1,10.63,6.57
2026-07-03 22:10:00,26.79,411.39,44.24,0.904,0,0.0,4.0
2026-07-03 22:15:00,35.89,414.64,58.8,0.824,1,22.35,6.27
2026-07-03 22:20:00,27.75,410.66,45.9,0.826,0,0.0,4.0
2026-07-03 22:25:00,42.38,414.08,69.52,0.935,1,21.02,4.3
2026-07-03 22:30:00,35.8,420.16,57.87,0.903,1,24.46,4.0
2026-07-03 22:35:00,43.29,416.66,70.57,0.859,1,21.09,7.58
2026-07-03 22:40:00,35.63,414.48,58.39,0.9,1,11.31,4.04
2026-07-03 22:45:00,40.09,416.75,65.35,0.922,1,7.37,10.09
2026-07-03 22:50:00,40.52,413.7,66.53,0.925,1,10.45,6.79
2026-07-03 22:55:00,39.98,413.0,65.76,0.822,1,18.26,10.14
2026-07-03 23:00:00,38.78,419.26,62.83,0.918,1,5.22,10.25
2026-07-03 23:05:00,43.64,412.14,71.93,0.922,1,8.79,8.44
2026-07-03 23:10:00,37.79,414.11,61.99,0.891,1,11.54,8.14
2026-07-03 23:15:00,37.12,415.77,60.65,0.878,1,22.5,10.64
2026-07-03 23:20:00,50.14,412.66,82.53,0.833,1,6.02,11.63
2026-07-03 23:25:00,48.31,416.63,78.77,0.849,1,6.0,4.21
2026-07-03 23:30:00,45.76,414.23,75.04,0.879,1,16.04,8.09
2026-07-03 23:35:00,54.52,416.66,88.87,0.924,1,8.56,11.42
2026-07-03 23:40:00,45.61,416.46,74.39,0.916,1,9.84,9.2
2026-07-03 23:45:00,54.32,414.39,89.05,0.88,1,8.68,7.92
2026-07-03 23:50:00,49.35,419.28,79.95,0.914,1,16.63,5.77
2026-07-03 23:55:00,44.11,413.34,72.49,0.912,1,6.11,9.66
2026-07-04 00:00:00,59.24,418.37,96.18,0.889,1,23.8,9.9
2026-07-04 00:05:00,55.72,417.94,90.55,0.846,1,7.46,10.09
2026-07-04 00:10:00,50.92,419.43,82.47,0.862,1,24.03,10.7
2026-07-04 00:15:00,55.92,415.44,91.44,0.84,1,20.56,10.72
2026-07-04 00:20:00,51.03,413.03,83.93,0.821,1,21.56,8.11
2026-07-04 00:25:00,57.96,420.19,93.69,0.83,1,8.46,10.66
2026-07-04 00:30:00,42.61,414.16,69.89,0.911,1,18.39,7.33
2026-07-04 00:35:00,50.23,412.97,82.61,0.824,1,21.34,13.93
2026-07-04 00:40:00,60.97,414.53,99.91,0.868,1,16.16,12.28
2026-07-04 00:45:00,55.58,412.55,91.51,0.938,1,16.02,16.73
2026-07-04 00:50:00,58.61,416.32,95.63,0.915,1,8.19,7.91
2026-07-04 00:55:00,51.59,413.49,84.74,0.91,1,13.28,9.25
2026-07-04 01:00:00,68.3,414.28,111.98,0.853,1,8.01,11.99
2026-07-04 01:05:00,65.75,417.42,106.99,0.897,1,24.46,11.26
2026-07-04 01:10:00,59.52,416.56,97.06,0.88,1,18.7,10.84
2026-07-04 01:15:00,59.23,415.04,96.93,0.895,1,5.97,9.85
2026-07-04 01:20:00,67.12,415.43,109.74,0.872,1,14.54,10.55
2026-07-04 01:25:00,72.6,415.03,118.82,0.884,1,17.76,18.1
2026-07-04 01:30:00,68.16,413.92,111.86,0.939,1,6.91,12.42
2026-07-04 01:35:00,74.96,414.99,122.69,0.86,1,18.3,16.55
2026-07-04 01:40:00,60.18,416.23,98.21,0.846,1,8.55,13.55
2026-07-04 01:45:00,61.38,414.68,100.55,0.874,1,13.16,15.01
2026-07-04 01:50:00,60.22,416.05,98.31,0.883,1,17.51,9.45
2026-07-04 01:55:00,69.04,412.91,113.58,0.83,1,12.3,15.97
2026-07-04 02:00:00,68.38,413.49,112.33,0.917,1,12.62,12.77
2026-07-04 02:05:00,67.4,413.16,110.8,0.871,1,21.87,17.93
2026-07-04 02:10:00,72.85,413.59,119.65,0.87,1,11.19,14.88
2026-07-04 02:15:00,75.61,418.22,122.8,0.899,1,18.1,11.85
2026-07-04 02:20:00,62.45,416.82,101.77,0.913,1,21.98,15.25
2026-07-04 02:25:00,67.71,412.31,111.55,0.938,1,8.05,15.27
2026-07-04 02:30:00,75.41,416.09,123.1,0.841,1,5.92,10.89
2026-07-04 02:35:00,69.57,414.02,114.14,0.861,1,21.51,15.32
2026-07-04 02:40:00,68.51,413.29,112.59,0.84,1,16.02,16.84
2026-07-04 02:45:00,78.17,411.29,129.1,0.926,1,21.55,16.25
2026-07-04 02:50:00,67.2,417.43,109.35,0.886,1,9.26,10.31
2026-07-04 02:55:00,72.7,411.59,119.97,0.922,1,21.65,16.5
2026-07-04 03:00:00,76.39,414.87,125.07,0.938,1,6.91,15.63
2026-07-04 03:05:00,72.41,412.63,119.2,0.886,1,22.66,13.63
2026-07-04 03:10:00,79.72,416.94,129.88,0.834,1,21.45,14.36
2026-07-04 03:15:00,73.47,414.16,120.5,0.863,1,16.35,15.57
2026-07-04 03:20:00,83.85,414.66,137.36,0.824,1,17.17,13.85
2026-07-04 03:25:00,76.67,414.75,125.56,0.922,1,11.92,14.86
2026-07-04 03:30:00,81.12,415.76,132.54,0.822,1,9.03,17.82
2026-07-04 03:35:00,81.96,415.03,134.13,0.891,1,14.11,18.97
2026-07-04 03:40:00,75.53,414.89,123.66,0.833,1,18.15,13.29
2026-07-04 03:45:00,68.83,413.7,113.02,0.821,1,24.97,9.97
2026-07-04 03:50:00,81.32,411.06,134.38,0.851,1,21.35,14.07
2026-07-04 03:55:00,80.28,412.2,132.3,0.886,1,13.69,17.02
2026-07-04 04:00:00,83.09,416.8,135.41,0.829,1,19.86,14.24
2026-07-04 04:05:00,79.55,414.24,130.45,0.894,1,7.16,17.18
2026-07-04 04:10:00,78.89,413.34,129.65,0.901,1,13.3,13.15
2026-07-04 04:15:00,91.43,411.49,150.93,0.936,1,13.5,15.85
2026-07-04 04:20:00,74.36,410.7,122.98,0.928,1,24.98,14.23
2026-07-04 04:25:00,85.71,413.24,140.88,0.888,1,12.82,18.25
2026-07-04 04:30:00,79.46,417.22,129.37,0.915,1,6.67,10.98
2026-07-04 04:35:00,80.94,413.61,132.93,0.864,1,6.34,15.53
2026-07-04 04:40:00,81.3,416.0,132.75,0.89,1,18.97,16.19
2026-07-04 04:45:00,79.13,413.49,129.98,0.868,1,10.78,12.49
2026-07-04 04:50:00,86.24,416.6,140.61,0.86,1,22.38,17.46
2026-07-04 04:55:00,90.55,414.12,148.53,0.907,1,14.66,16.62
2026-07-04 05:00:00,86.16,411.92,142.07,0.856,1,11.61,13.48
2026-07-04 05:05:00,84.51,414.33,138.55,0.866,1,20.18,16.05
2026-07-04 05:10:00,79.24,419.59,128.28,0.864,1,13.35,12.52
2026-07-04 05:15:00,86.91,419.47,140.74,0.924,1,19.75,15.15
2026-07-04 05:20:00,95.25,416.22,155.45,0.84,1,19.28,20.14
2026-07-04 05:25:00,82.69,414.66,135.45,0.866,1,19.46,15.14
2026-07-04 05:30:00,82.82,415.76,135.31,0.927,1,22.14,18.0
2026-07-04 05:35:00,81.99,415.79,133.94,0.822,1,21.97,15.49
2026-07-04 05:40:00,82.42,414.9,134.93,0.934,1,18.29,13.53
2026-07-04 05:45:00,71.2,416.1,116.23,0.928,1,24.14,15.13
2026-07-04 05:50:00,86.99,415.52,142.21,0.87,1,5.41,17.22
2026-07-04 05:55:00,80.76,414.21,132.44,0.898,1,23.61,12.88
2026-07-04 06:00:00,76.95,412.01,126.86,0.939,1,7.97,16.87
2026-07-04 06:05:00,88.76,413.85,145.68,0.887,1,9.23,19.95
2026-07-04 06:10:00,79.56,417.0,129.59,0.832,1,21.35,16.84
2026-07-04 06:15:00,83.23,414.92,136.26,0.922,1,13.01,15.81
2026-07-04 06:20:00,92.2,415.75,150.64,0.836,1,13.51,21.92
2026-07-04 06:25:00,77.75,414.29,127.47,0.851,1,10.22,15.75
2026-07-04 06:30:00,77.04,412.35,126.9,0.925,1,9.49,14.8
2026-07-04 06:35:00,85.94,414.4,140.86,0.851,1,7.12,19.75
2026-07-04 06:40:00,90.22,412.44,148.58,0.909,1,8.94,20.39
2026-07-04 06:45:00,76.46,412.28,125.96,0.874,1,16.33,11.25
2026-07-04 06:50:00,86.21,418.01,140.09,0.911,1,19.13,15.31
2026-07-04 06:55:00,86.9,413.95,142.6,0.848,1,19.78,17.98
2026-07-04 07:00:00,73.51,413.15,120.86,0.87,1,12.4,16.69
2026-07-04 07:05:00,87.59,419.04,141.99,0.858,1,23.44,14.25
2026-07-04 07:10:00,87.76,417.04,142.95,0.85,1,11.57,18.47
2026-07-04 07:15:00,81.58,414.07,133.83,0.858,1,7.22,14.11
2026-07-04 07:20:00,89.15,416.07,145.54,0.859,1,23.9,18.9
2026-07-04 07:25:00,88.3,414.41,144.74,0.935,1,15.81,15.38
2026-07-04 07:30:00,82.85,413.27,136.18,0.884,1,24.43,10.75
2026-07-04 07:35:00,79.78,416.19,130.21,0.875,1,12.87,10.91
2026-07-04 07:40:00,76.86,414.19,126.04,0.88,1,20.15,12.24
2026-07-04 07:45:00,81.2,415.19,132.85,0.94,1,7.2,13.61
2026-07-04 07:50:00,83.89,417.55,136.47,0.898,1,22.08,16.19
2026-07-04 07:55:00,79.06,417.28,128.7,0.904,1,8.41,13.46
2026-07-04 08:00:00,69.32,413.62,113.84,0.858,1,6.37,12.69
2026-07-04 08:05:00,86.27,416.22,140.78,0.877,1,6.96,14.73
2026-07-04 08:10:00,80.47,412.18,132.61,0.842,1,16.15,15.28
2026-07-04 08:15:00,77.2,416.13,126.02,0.902,1,10.84,16.59
2026-07-04 08:20:00,82.96,415.37,135.66,0.861,1,24.22,16.11
2026-07-04 08:25:00,85.85,415.95,140.19,0.91,1,22.05,17.8
2026-07-04 08:30:00,63.76,414.26,104.54,0.846,1,21.07,14.18
2026-07-04 08:35:00,79.47,420.21,128.46,0.868,1,21.19,15.0
2026-07-04 08:40:00,69.68,412.75,114.67,0.877,1,22.81,9.55
2026-07-04 08:45:00,78.81,417.43,128.24,0.84,1,22.3,15.88
2026-07-04 08:50:00,76.44,412.42,125.9,0.828,1,23.56,13.38
2026-07-04 08:55:00,78.46,416.26,128.03,0.858,1,23.69,17.3
2026-07-04 09:00:00,72.25,416.44,117.85,0.885,1,10.97,16.71
2026-07-04 09:05:00,64.84,415.14,106.09,0.898,1,9.39,11.55
2026-07-04 09:10:00,71.39,413.76,117.2,0.871,1,17.86,14.12
2026-07-04 09:15:00,75.11,415.35,122.83,0.88,1,7.47,15.44
2026-07-04 09:20:00,77.57,415.67,126.77,0.885,1,9.22,12.55
2026-07-04 09:25:00,66.05,419.47,106.95,0.881,1,20.46,12.93
2026-07-04 09:30:00,76.44,412.82,125.78,0.831,1,17.99,11.08
2026-07-04 09:35:00,67.46,413.61,110.78,0.869,1,18.02,15.46
2026-07-04 09:40:00,71.89,415.71,117.46,0.845,1,24.01,18.04
2026-07-04 09:45:00,66.9,414.36,109.66,0.884,1,18.35,13.19
2026-07-04 09:50:00,69.72,414.75,114.18,0.911,1,13.62,11.49
2026-07-04 09:55:00,72.62,417.68,118.09,0.89,1,10.61,14.21
2026-07-04 10:00:00,61.36,407.95,102.18,0.847,1,11.77,8.69
2026-07-04 10:05:00,63.44,413.51,104.2,0.845,1,10.56,10.94
2026-07-04 10:10:00,67.09,410.64,110.97,0.824,1,5.7,11.39
2026-07-04 10:15:00,77.49,412.01,127.75,0.871,1,10.23,13.25
2026-07-04 10:20:00,60.48,421.01,97.57,0.872,1,21.71,12.48
2026-07-04 10:25:00,74.3,416.5,121.17,0.848,1,19.56,15.35
2026-07-04 10:30:00,73.42,417.38,119.48,0.912,1,17.44,14.12
2026-07-04 10:35:00,62.2,414.8,101.85,0.866,1,23.04,14.43
2026-07-04 10:40:00,60.48,416.9,98.54,0.9,1,10.28,12.3
2026-07-04 10:45:00,57.79,410.58,95.61,0.897,1,16.55,10.09
2026-07-04 10:50:00,60.18,417.6,97.89,0.893,1,5.63,10.86
2026-07-04 10:55:00,52.76,412.95,86.78,0.929,1,22.84,10.45
2026-07-04 11:00:00,58.68,413.67,96.35,0.822,1,13.95,10.37
2026-07-04 11:05:00,65.8,416.26,107.38,0.828,1,8.56,13.45
2026-07-04 11:10:00,54.52,415.79,89.07,0.907,1,9.79,5.38
2026-07-04 11:15:00,55.62,415.21,91.0,0.862,1,21.96,11.18
2026-07-04 11:20:00,47.57,411.59,78.51,0.938,1,7.18,9.64
2026-07-04 11:25:00,57.19,415.25,93.56,0.846,1,23.5,12.85
2026-07-04 11:30:00,55.89,417.4,90.95,0.842,1,12.47,13.24
2026-07-04 11:35:00,54.13,413.67,88.88,0.891,1,10.02,9.92
2026-07-04 11:40:00,51.97,418.29,84.39,0.854,1,11.64,11.86
2026-07-04 11:45:00,50.83,412.82,83.63,0.861,1,13.18,11.22
2026-07-04 11:50:00,54.04,415.02,88.44,0.931,1,15.96,11.14
2026-07-04 11:55:00,50.62,418.84,82.09,0.823,1,16.74,6.73
2026-07-04 12:00:00,51.57,413.3,84.76,0.884,1,13.96,12.5
2026-07-04 12:05:00,50.31,417.63,81.83,0.86,1,13.93,9.97
2026-07-04 12:10:00,54.09,419.94,87.49,0.862,1,10.71,9.69
2026-07-04 12:15:00,51.1,415.43,83.55,0.85,1,12.68,7.16
2026-07-04 12:20:00,47.91,413.68,78.67,0.836,1,14.34,4.0
2026-07-04 12:25:00,53.78,413.07,88.44,0.824,1,16.95,14.92
2026-07-04 12:30:00,47.53,418.26,77.19,0.939,1,7.61,9.65
2026-07-04 12:35:00,51.2,418.19,83.16,0.899,1,20.28,7.67
2026-07-04 12:40:00,46.96,418.62,76.19,0.913,1,18.61,6.47
2026-07-04 12:45:00,33.96,414.92,55.6,0.828,1,10.98,6.02
2026-07-04 12:50:00,48.95,417.59,79.62,0.822,1,14.19,11.39
2026-07-04 12:55:00,42.36,414.88,69.35,0.892,1,23.94,10.28
2026-07-04 13:00:00,40.68,412.79,66.94,0.907,1,5.41,9.17
2026-07-04 13:05:00,41.61,417.81,67.65,0.867,1,21.23,6.5
2026-07-04 13:10:00,37.75,419.08,61.19,0.867,1,15.23,7.14
2026-07-04 13:15:00,39.88,412.45,65.69,0.866,1,17.38,8.34
2026-07-04 13:20:00,35.07,412.4,57.76,0.838,1,18.69,7.12
2026-07-04 13:25:00,43.69,415.1,71.49,0.91,1,14.12,9.83
2026-07-04 13:30:00,36.04,417.39,58.65,0.846,1,8.84,10.56
2026-07-04 13:35:00,33.99,412.17,56.02,0.859,1,23.19,7.76
2026-07-04 13:40:00,30.58,415.57,49.99,0.901,1,19.8,5.14
2026-07-04 13:45:00,35.86,413.52,58.91,0.82,1,16.19,4.0
2026-07-04 13:50:00,34.77,416.75,56.68,0.912,1,13.97,7.36
2026-07-04 13:55:00,35.11,413.01,57.74,0.928,1,14.99,5.54
2026-07-04 14:00:00,27.36,416.93,44.58,0.826,0,0.0,4.0
2026-07-04 14:05:00,23.84,414.6,39.05,0.891,0,0.0,4.0
2026-07-04 14:10:00,34.32,412.66,56.5,0.869,1,22.31,10.91
2026-07-04 14:15:00,37.98,415.16,62.14,0.829,1,5.94,7.63
2026-07-04 14:20:00,24.79,410.16,41.06,0.902,0,0.0,4.0
2026-07-04 14:25:00,37.25,413.6,61.18,0.893,1,11.66,5.77
2026-07-04 14:30:00,30.11,415.84,49.19,0.897,1,18.56,4.0
2026-07-04 14:35:00,28.06,410.57,46.42,0.918,0,0.0,4.0
2026-07-04 14:40:00,25.51,408.57,42.42,0.854,0,0.0,4.0
2026-07-04 14:45:00,20.0,409.15,33.2,0.901,0,0.0,4.0
2026-07-04 14:50:00,31.29,418.32,50.81,0.909,1,14.89,4.0
2026-07-04 14:55:00,21.92,414.81,35.89,0.84,0,0.0,4.0
2026-07-04 15:00:00,21.35,413.67,35.06,0.935,0,0.0,4.0
2026-07-04 15:05:00,29.68,417.36,48.3,0.861,0,0.0,4.0
2026-07-04 15:10:00,14.78,413.99,24.25,0.906,0,0.0,4.0
2026-07-04 15:15:00,16.07,415.67,26.26,0.91,0,0.0,4.0
2026-07-04 15:20:00,23.1,415.06,37.8,0.88,0,0.0,4.0
2026-07-04 15:25:00,24.17,413.82,39.67,0.835,0,0.0,4.0
2026-07-04 15:30:00,24.66,415.74,40.29,0.853,0,0.0,4.0
2026-07-04 15:35:00,20.27,416.93,33.02,0.848,0,0.0,4.0
2026-07-04 15:40:00,33.98,414.54,55.68,0.882,1,10.62,10.62
2026-07-04 15:45:00,19.76,413.85,32.43,0.851,0,0.0,4.21
2026-07-04 15:50:00,19.33,414.14,31.7,0.886,0,0.0,4.0
2026-07-04 15:55:00,16.09,409.26,26.71,0.855,0,0.0,4.0
2026-07-04 16:00:00,20.31,415.71,33.18,0.82,0,0.0,4.0
2026-07-04 16:05:00,22.39,411.98,36.91,0.864,0,0.0,4.0
2026-07-04 16:10:00,24.97,416.57,40.72,0.893,0,0.0,4.0
2026-07-04 16:15:00,11.16,414.77,18.28,0.913,0,0.0,4.0
2026-07-04 16:20:00,17.05,415.26,27.89,0.823,0,0.0,4.0
2026-07-04 16:25:00,20.2,416.75,32.92,0.851,0,0.0,4.0
2026-07-04 16:30:00,20.6,412.68,33.91,0.938,0,0.0,4.0
2026-07-04 16:35:00,17.41,415.92,28.44,0.851,0,0.0,4.0
2026-07-04 16:40:00,19.82,415.67,32.39,0.913,0,0.0,4.0
2026-07-04 16:45:00,12.81,414.54,20.99,0.881,0,0.0,4.0
2026-07-04 16:50:00,24.41,412.68,40.18,0.835,0,0.0,4.0
2026-07-04 16:55:00,21.36,416.49,34.84,0.897,0,0.0,4.0
2026-07-04 17:00:00,10.0,416.76,16.3,0.936,0,0.0,4.0
2026-07-04 17:05:00,10.63,415.28,17.38,0.926,0,0.0,4.47
2026-07-04 17:10:00,10.6,412.32,17.45,0.903,0,0.0,4.0
2026-07-04 17:15:00,19.06,413.68,31.3,0.881,0,0.0,4.0
2026-07-04 17:20:00,10.0,414.85,16.37,0.858,0,0.0,4.0
2026-07-04 17:25:00,13.75,416.72,22.42,0.863,0,0.0,4.0
2026-07-04 17:30:00,17.57,411.04,29.04,0.862,0,0.0,4.0
2026-07-04 17:35:00,14.88,413.59,24.43,0.931,0,0.0,4.02
2026-07-04 17:40:00,16.43,413.99,26.95,0.845,0,0.0,4.0
2026-07-04 17:45:00,10.0,414.79,16.38,0.865,0,0.0,4.0
2026-07-04 17:50:00,18.01,411.75,29.71,0.872,0,0.0,4.0
2026-07-04 17:55:00,11.94,414.46,19.57,0.869,0,0.0,4.0
2026-07-04 18:00:00,13.38,414.22,21.94,0.821,0,0.0,4.0
2026-07-04 18:05:00,16.2,412.41,26.68,0.853,0,0.0,4.0
2026-07-04 18:10:00,15.55,414.71,25.47,0.88,0,0.0,4.0
2026-07-04 18:15:00,15.19,413.65,24.95,0.911,0,0.0,4.0
2026-07-04 18:20:00,11.38,416.24,18.57,0.888,0,0.0,4.0
2026-07-04 18:25:00,13.71,412.79,22.56,0.866,0,0.0,4.0
2026-07-04 18:30:00,15.31,415.22,25.05,0.9,0,0.0,4.0
2026-07-04 18:35:00,10.0,412.98,16.45,0.9,0,0.0,4.0
2026-07-04 18:40:00,13.22,413.5,21.71,0.85,0,0.0,4.0
2026-07-04 18:45:00,17.61,415.74,28.77,0.832,0,0.0,4.0
2026-07-04 18:50:00,10.0,415.59,16.34,0.916,0,0.0,4.0
2026-07-04 18:55:00,21.79,413.96,35.75,0.884,0,0.0,4.0
2026-07-04 19:00:00,22.54,414.33,36.95,0.841,0,0.0,4.0
2026-07-04 19:05:00,10.17,411.37,16.8,0.851,0,0.0,4.0
2026-07-04 19:10:00,23.41,418.51,37.99,0.912,0,0.0,4.0
2026-07-04 19:15:00,16.14,416.72,26.31,0.898,0,0.0,5.29
2026-07-04 19:20:00,19.2,416.63,31.31,0.933,0,0.0,4.0
2026-07-04 19:25:00,14.9,411.01,24.62,0.876,0,0.0,4.0
2026-07-04 19:30:00,22.28,413.51,36.6,0.826,0,0.0,4.0
2026-07-04 19:35:00,19.99,414.16,32.79,0.904,0,0.0,4.0
2026-07-04 19:40:00,14.21,410.17,23.53,0.851,0,0.0,4.0
2026-07-04 19:45:00,12.78,417.22,20.81,0.859,0,0.0,4.0
2026-07-04 19:50:00,11.65,418.63,18.91,0.844,0,0.0,4.0
2026-07-04 19:55:00,20.25,420.15,32.74,0.857,0,0.0,4.0
2026-07-04 20:00:00,22.55,412.39,37.15,0.92,0,0.0,4.0
2026-07-04 20:05:00,23.33,415.29,38.16,0.889,0,0.0,4.0
2026-07-04 20:10:00,19.89,418.31,32.3,0.833,0,0.0,4.0
2026-07-04 20:15:00,15.11,414.37,24.78,0.89,0,0.0,4.0
2026-07-04 20:20:00,17.92,413.58,29.43,0.896,0,0.0,4.0
2026-07-04 20:25:00,27.54,410.33,45.58,0.926,0,0.0,4.0
2026-07-04 20:30:00,19.81,417.83,32.2,0.923,0,0.0,4.0
2026-07-04 20:35:00,23.42,414.95,38.34,0.828,0,0.0,4.0
2026-07-04 20:40:00,17.81,413.18,29.28,0.924,0,0.0,4.0
2026-07-04 20:45:00,25.37,415.71,41.45,0.826,0,0.0,4.0
2026-07-04 20:50:00,21.91,415.38,35.82,0.838,0,0.0,4.0
2026-07-04 20:55:00,29.95,415.42,48.97,0.833,0,0.0,4.0
2026-07-04 21:00:00,29.12,414.46,47.72,0.842,0,0.0,4.0
2026-07-04 21:05:00,23.32,419.06,37.8,0.916,0,0.0,4.0
2026-07-04 21:10:00,25.72,414.67,42.13,0.902,0,0.0,4.0
2026-07-04 21:15:00,24.17,419.05,39.17,0.902,0,0.0,4.0
2026-07-04 21:20:00,20.41,416.41,33.29,0.931,0,0.0,4.0
2026-07-04 21:25:00,23.81,415.88,38.88,0.867,0,0.0,4.0
2026-07-04 21:30:00,29.68,414.72,48.62,0.82,0,0.0,4.0
2026-07-04 21:35:00,30.93,417.43,50.33,0.897,1,19.98,7.64
2026-07-04 21:40:00,30.67,415.28,50.16,0.924,1,8.07,6.12
2026-07-04 21:45:00,29.05,412.67,47.81,0.937,0,0.0,4.0
2026-07-04 21:50:00,35.86,412.59,59.04,0.864,1,10.41,4.5
2026-07-04 21:55:00,32.16,416.06,52.51,0.919,1,10.26,5.3
2026-07-04 22:00:00,36.02,412.73,59.27,0.922,1,21.3,6.37
2026-07-04 22:05:00,24.3,414.84,39.78,0.837,0,0.0,4.0
2026-07-04 22:10:00,14.23,417.64,23.14,0.896,0,0.0,4.0
2026-07-04 22:15:00,35.94,415.76,58.72,0.841,1,11.56,6.19
2026-07-04 22:20:00,28.08,413.19,46.17,0.874,0,0.0,4.0
2026-07-04 22:25:00,34.84,418.52,56.55,0.926,1,9.62,9.87
2026-07-04 22:30:00,35.1,416.37,57.25,0.915,1,19.63,5.38
2026-07-04 22:35:00,45.25,417.54,73.61,0.888,1,8.34,5.69
2026-07-04 22:40:00,40.03,409.33,66.43,0.917,1,22.99,9.54
2026-07-04 22:45:00,39.58,415.83,64.65,0.838,1,12.43,7.27
2026-07-04 22:50:00,43.66,417.11,71.1,0.843,1,14.43,7.32
2026-07-04 22:55:00,42.05,419.25,68.13,0.845,1,5.48,10.24
2026-07-04 23:00:00,38.65,411.34,63.83,0.913,1,24.52,7.58
2026-07-04 23:05:00,47.04,418.02,76.44,0.927,1,21.26,13.96
2026-07-04 23:10:00,36.88,419.11,59.76,0.888,1,13.94,7.44
2026-07-04 23:15:00,44.79,409.96,74.21,0.935,1,23.41,9.61
2026-07-04 23:20:00,36.18,416.2,59.06,0.907,1,23.62,12.87
2026-07-04 23:25:00,45.7,416.54,74.52,0.888,1,15.66,9.72
2026-07-04 23:30:00,46.4,414.18,76.09,0.893,1,9.68,7.2
2026-07-04 23:35:00,54.57,413.77,89.59,0.922,1,14.74,8.2
2026-07-04 23:40:00,39.12,416.67,63.78,0.831,1,11.5,6.55
2026-07-04 23:45:00,44.71,413.46,73.45,0.84,1,13.96,9.29
2026-07-04 23:50:00,52.59,414.46,86.18,0.852,1,23.23,12.73
2026-07-04 23:55:00,50.91,417.03,82.93,0.927,1,10.64,6.22
2026-07-05 00:00:00,50.9,419.39,82.44,0.933,1,21.78,10.26
2026-07-05 00:05:00,45.98,416.34,75.02,0.863,1,23.71,12.42
2026-07-05 00:10:00,48.57,415.33,79.44,0.931,1,21.1,10.4
2026-07-05 00:15:00,58.51,413.71,96.07,0.886,1,15.55,14.44
2026-07-05 00:20:00,52.79,412.47,86.94,0.877,1,16.28,6.83
2026-07-05 00:25:00,55.69,417.77,90.54,0.92,1,21.39,10.57
2026-07-05 00:30:00,53.99,414.62,88.45,0.886,1,5.89,10.29
2026-07-05 00:35:00,49.41,417.88,80.31,0.875,1,19.72,11.16
2026-07-05 00:40:00,60.75,414.18,99.63,0.822,1,15.58,9.75
2026-07-05 00:45:00,59.34,413.38,97.51,0.822,1,12.94,12.29
2026-07-05 00:50:00,69.1,416.05,112.82,0.895,1,20.34,14.6
2026-07-05 00:55:00,53.24,414.81,87.18,0.829,1,10.32,9.93
2026-07-05 01:00:00,63.17,411.99,104.15,0.908,1,22.91,13.6
2026-07-05 01:05:00,53.24,419.54,86.19,0.895,1,18.77,11.25
2026-07-05 01:10:00,61.31,413.43,100.73,0.875,1,17.2,10.38
2026-07-05 01:15:00,66.13,417.32,107.64,0.905,1,15.46,12.31
2026-07-05 01:20:00,51.61,417.1,84.05,0.939,1,9.26,6.87
2026-07-05 01:25:00,61.66,411.85,101.7,0.85,1,17.34,8.51
2026-07-05 01:30:00,60.58,412.49,99.75,0.887,1,19.5,12.47
2026-07-05 01:35:00,60.59,414.25,99.35,0.921,1,5.23,6.79
2026-07-05 01:40:00,66.72,412.84,109.77,0.822,1,12.33,12.07
2026-07-05 01:45:00,71.08,419.32,115.15,0.844,1,21.65,14.83
2026-07-05 01:50:00,65.49,414.5,107.33,0.883,1,17.64,12.71
2026-07-05 01:55:00,67.86,417.22,110.48,0.886,1,17.31,18.13
2026-07-05 02:00:00,68.07,416.28,111.07,0.83,1,9.57,13.72
2026-07-05 02:05:00,68.17,415.66,111.39,0.869,1,17.64,12.53
2026-07-05 02:10:00,63.36,415.1,103.68,0.882,1,20.72,13.85
2026-07-05 02:15:00,74.99,418.09,121.83,0.871,1,13.04,11.12
2026-07-05 02:20:00,71.55,412.94,117.7,0.904,1,8.64,15.62
2026-07-05 02:25:00,72.67,419.32,117.72,0.913,1,6.55,12.24
2026-07-05 02:30:00,67.27,411.78,110.97,0.875,1,15.11,15.42
2026-07-05 02:35:00,69.61,416.95,113.4,0.871,1,18.68,14.39
2026-07-05 02:40:00,71.62,411.49,118.22,0.905,1,8.25,14.75
2026-07-05 02:45:00,65.41,414.21,107.26,0.887,1,13.43,11.17
2026-07-05 02:50:00,65.21,415.23,106.67,0.924,1,16.37,9.91
2026-07-05 02:55:00,71.2,413.78,116.88,0.878,1,8.12,10.54
2026-07-05 03:00:00,77.36,414.55,126.76,0.889,1,10.4,10.48
2026-07-05 03:05:00,72.02,411.53,118.87,0.835,1,17.17,12.94
2026-07-05 03:10:00,70.71,412.53,116.43,0.92,1,19.5,12.35
2026-07-05 03:15:00,72.24,416.25,117.89,0.871,1,17.72,16.23
2026-07-05 03:20:00,74.53,415.07,121.97,0.906,1,19.27,11.99
2026-07-05 03:25:00,75.53,413.27,124.14,0.872,1,16.63,19.49
2026-07-05 03:30:00,88.59,418.31,143.86,0.82,1,21.72,14.72
2026-07-05 03:35:00,83.5,411.95,137.68,0.868,1,21.53,14.01
2026-07-05 03:40:00,83.79,414.1,137.45,0.838,1,20.92,12.71
2026-07-05 03:45:00,84.94,413.74,139.46,0.868,1,16.51,16.14
2026-07-05 03:50:00,74.52,416.54,121.53,0.859,1,24.88,13.91
2026-07-05 03:55:00,73.81,415.12,120.77,0.844,1,5.78,13.33
2026-07-05 04:00:00,74.78,414.73,122.47,0.835,1,8.91,14.85
2026-07-05 04:05:00,87.36,410.39,144.59,0.907,1,21.18,19.05
2026-07-05 04:10:00,78.31,417.16,127.51,0.911,1,21.53,12.47
2026-07-05 04:15:00,75.13,414.46,123.14,0.852,1,21.38,14.64
2026-07-05 04:20:00,79.57,415.29,130.14,0.879,1,22.45,17.42
2026-07-05 04:25:00,80.84,413.13,132.92,0.876,1,13.45,12.7
2026-07-05 04:30:00,83.68,412.74,137.71,0.863,1,23.64,22.63
2026-07-05 04:35:00,83.88,418.75,136.05,0.853,1,9.18,20.96
2026-07-05 04:40:00,78.75,410.57,130.28,0.842,1,23.74,15.19
2026-07-05 04:45:00,86.57,412.36,142.6,0.925,1,16.13,13.83
2026-07-05 04:50:00,80.18,418.7,130.08,0.92,1,8.28,12.59
2026-07-05 04:55:00,82.82,416.6,135.04,0.87,1,19.72,16.43
2026-07-05 05:00:00,87.24,414.19,143.07,0.907,1,10.92,17.73
2026-07-05 05:05:00,80.79,418.12,131.24,0.88,1,9.41,10.76
2026-07-05 05:10:00,81.32,416.12,132.75,0.83,1,8.44,12.88
2026-07-05 05:15:00,87.29,415.58,142.67,0.919,1,5.59,16.32
2026-07-05 05:20:00,80.18,415.56,131.06,0.846,1,20.29,12.2
2026-07-05 05:25:00,82.67,416.16,134.93,0.905,1,14.73,14.93
2026-07-05 05:30:00,87.48,416.26,142.75,0.883,1,24.57,17.97
2026-07-05 05:35:00,95.06,420.49,153.56,0.903,1,13.79,17.43
2026-07-05 05:40:00,87.89,414.51,144.03,0.877,1,21.87,15.22
2026-07-05 05:45:00,87.29,414.59,143.01,0.904,1,24.36,17.13
2026-07-05 05:50:00,87.62,411.91,144.49,0.824,1,5.45,17.22
2026-07-05 05:55:00,79.63,414.87,130.37,0.825,1,7.11,12.56
2026-07-05 06:00:00,85.58,419.66,138.52,0.928,1,11.96,16.8
2026-07-05 06:05:00,84.84,417.46,138.05,0.91,1,22.4,17.14
2026-07-05 06:10:00,86.57,413.64,142.17,0.919,1,21.76,17.87
2026-07-05 06:15:00,85.51,415.08,139.93,0.875,1,12.33,16.62
2026-07-05 06:20:00,86.77,411.76,143.13,0.875,1,9.0,16.37
2026-07-05 06:25:00,83.23,412.58,137.04,0.884,1,21.05,15.67
2026-07-05 06:30:00,84.99,415.37,138.99,0.849,1,16.94,15.45
2026-07-05 06:35:00,78.45,413.76,128.79,0.908,1,5.63,16.07
2026-07-05 06:40:00,82.87,412.39,136.5,0.92,1,21.08,15.75
2026-07-05 06:45:00,91.28,416.22,148.97,0.929,1,24.14,18.87
2026-07-05 06:50:00,85.76,414.79,140.45,0.882,1,5.84,16.93
2026-07-05 06:55:00,83.89,411.08,138.62,0.87,1,10.72,13.47
2026-07-05 07:00:00,93.29,409.81,154.62,0.92,1,21.39,17.13
2026-07-05 07:05:00,76.8,413.57,126.13,0.91,1,16.69,14.54
2026-07-05 07:10:00,77.83,411.03,128.62,0.924,1,24.79,15.46
2026-07-05 07:15:00,91.71,410.33,151.81,0.899,1,23.31,18.66
2026-07-05 07:20:00,83.12,417.82,135.13,0.926,1,8.57,15.8
2026-07-05 07:25:00,81.41,414.76,133.32,0.831,1,18.48,15.67
2026-07-05 07:30:00,76.34,414.34,125.15,0.902,1,18.07,13.64
2026-07-05 07:35:00,84.27,414.53,138.09,0.831,1,7.22,17.97
2026-07-05 07:40:00,84.44,412.16,139.17,0.91,1,6.79,16.34
2026-07-05 07:45:00,75.92,416.03,123.95,0.895,1,16.39,14.23
2026-07-05 07:50:00,80.34,414.67,131.61,0.822,1,13.06,14.21
2026-07-05 07:55:00,79.01,413.11,129.91,0.892,1,15.91,15.66
2026-07-05 08:00:00,81.59,413.48,134.04,0.838,1,9.78,15.24
2026-07-05 08:05:00,74.33,411.93,122.56,0.837,1,16.13,10.67
2026-07-05 08:10:00,85.78,413.98,140.74,0.838,1,12.67,13.79
2026-07-05 08:15:00,83.68,414.4,137.16,0.878,1,22.75,19.21
2026-07-05 08:20:00,76.85,413.92,126.12,0.834,1,11.12,15.25
2026-07-05 08:25:00,77.14,415.14,126.22,0.835,1,22.42,13.53
2026-07-05 08:30:00,77.09,414.8,126.23,0.851,1,12.8,13.65
2026-07-05 08:35:00,73.4,415.58,119.98,0.82,1,16.56,12.05
2026-07-05 08:40:00,74.59,417.36,121.4,0.853,1,10.73,12.75
2026-07-05 08:45:00,74.96,416.48,122.26,0.894,1,21.18,16.92
2026-07-05 08:50:00,83.87,417.39,136.49,0.892,1,21.87,15.77
2026-07-05 08:55:00,80.02,412.88,131.64,0.936,1,21.18,17.39
2026-07-05 09:00:00,79.42,413.73,130.39,0.834,1,17.8,18.95
2026-07-05 09:05:00,76.05,416.63,123.99,0.924,1,11.1,13.33
2026-07-05 09:10:00,68.06,416.68,110.95,0.867,1,17.73,10.15
2026-07-05 09:15:00,72.87,413.3,119.76,0.866,1,24.19,15.33
2026-07-05 09:20:00,77.35,416.53,126.14,0.862,1,17.97,12.93
2026-07-05 09:25:00,65.62,412.64,108.01,0.835,1,24.13,13.02
2026-07-05 09:30:00,74.49,416.2,121.57,0.877,1,11.09,14.35
2026-07-05 09:35:00,82.31,414.93,134.74,0.914,1,21.92,20.2
2026-07-05 09:40:00,75.38,411.54,124.42,0.925,1,19.37,15.28
2026-07-05 09:45:00,76.52,413.91,125.57,0.936,1,21.38,13.79
2026-07-05 09:50:00,69.9,420.46,112.92,0.914,1,19.22,14.99
2026-07-05 09:55:00,73.0,415.51,119.33,0.895,1,14.61,15.75
2026-07-05 10:00:00,63.91,420.75,103.18,0.88,1,18.73,15.22
2026-07-05 10:05:00,70.81,411.39,116.92,0.925,1,23.64,11.8
2026-07-05 10:10:00,69.43,416.88,113.13,0.909,1,13.35,16.15
2026-07-05 10:15:00,66.93,408.66,111.25,0.839,1,24.03,18.53
2026-07-05 10:20:00,71.37,415.0,116.82,0.902,1,5.99,16.08
2026-07-05 10:25:00,61.4,416.58,100.12,0.872,1,5.28,14.67
2026-07-05 10:30:00,62.46,417.09,101.72,0.891,1,14.88,10.98
2026-07-05 10:35:00,63.16,413.0,103.88,0.928,1,21.97,16.37
2026-07-05 10:40:00,56.82,417.6,92.43,0.898,1,9.96,9.63
2026-07-05 10:45:00,62.39,413.67,102.44,0.933,1,18.87,12.08
2026-07-05 10:50:00,51.93,414.59,85.08,0.924,1,15.94,9.07
2026-07-05 10:55:00,65.03,413.92,106.72,0.835,1,10.82,10.9
2026-07-05 11:00:00,59.29,412.16,97.72,0.821,1,10.72,11.2
2026-07-05 11:05:00,55.71,418.92,90.34,0.866,1,6.47,7.69
2026-07-05 11:10:00,53.4,415.12,87.38,0.924,1,15.72,8.81
2026-07-05 11:15:00,55.66,417.72,90.5,0.848,1,14.0,8.47
2026-07-05 11:20:00,59.52,417.61,96.81,0.903,1,10.79,14.8
2026-07-05 11:25:00,58.06,412.58,95.59,0.877,1,24.41,15.41
2026-07-05 11:30:00,51.04,418.04,82.93,0.91,1,21.37,16.14
2026-07-05 11:35:00,49.58,416.26,80.91,0.84,1,15.5,9.54
2026-07-05 11:40:00,56.33,412.4,92.79,0.849,1,15.43,10.98
2026-07-05 11:45:00,48.68,416.12,79.46,0.849,1,8.87,10.99
2026-07-05 11:50:00,51.83,412.44,85.35,0.886,1,17.98,7.28
2026-07-05 11:55:00,51.38,419.02,83.29,0.855,1,24.07,8.19
2026-07-05 12:00:00,51.56,417.03,83.98,0.917,1,22.97,6.74
2026-07-05 12:05:00,53.53,414.82,87.65,0.862,1,6.7,11.9
2026-07-05 12:10:00,42.16,418.16,68.48,0.899,1,6.06,5.9
2026-07-05 12:15:00,38.16,411.05,63.05,0.934,1,24.22,10.39
2026-07-05 12:20:00,44.11,413.13,72.53,0.893,1,9.0,7.32
2026-07-05 12:25:00,55.2,414.37,90.48,0.849,1,16.01,10.74
2026-07-05 12:30:00,55.54,420.59,89.7,0.92,1,6.49,9.93
2026-07-05 12:35:00,53.83,412.32,88.68,0.822,1,21.87,11.22
2026-07-05 12:40:00,42.96,410.73,71.04,0.851,1,7.36,6.97
2026-07-05 12:45:00,34.26,411.39,56.57,0.866,1,17.88,9.46
2026-07-05 12:50:00,30.71,417.27,49.99,0.844,1,6.13,5.45
2026-07-05 12:55:00,38.61,413.51,63.42,0.892,1,8.13,8.2
2026-07-05 13:00:00,39.95,414.6,65.45,0.887,1,15.24,8.21
2026-07-05 13:05:00,46.71,416.91,76.1,0.869,1,5.91,6.36
2026-07-05 13:10:00,43.81,414.6,71.78,0.855,1,8.91,11.45
2026-07-05 13:15:00,39.89,415.51,65.2,0.872,1,7.72,6.06
2026-07-05 13:20:00,33.58,416.34,54.79,0.855,1,5.81,8.2
2026-07-05 13:25:00,32.51,413.92,53.35,0.847,1,24.42,8.76
2026-07-05 13:30:00,37.88,414.58,62.06,0.862,1,14.0,4.06
2026-07-05 13:35:00,39.39,415.6,64.38,0.892,1,22.18,7.78
2026-07-05 13:40:00,37.17,417.17,60.52,0.898,1,12.16,8.64
2026-07-05 13:45:00,29.35,413.02,48.26,0.856,0,0.0,4.0
2026-07-05 13:50:00,37.09,407.45,61.84,0.934,1,18.91,7.33
2026-07-05 13:55:00,35.29,416.7,57.53,0.851,1,5.78,7.14
2026-07-05 14:00:00,27.15,417.32,44.19,0.905,0,0.0,4.0
2026-07-05 14:05:00,27.92,415.5,45.65,0.83,0,0.0,4.0
2026-07-05 14:10:00,34.64,415.67,56.6,0.9,1,18.42,7.25
2026-07-05 14:15:00,29.38,413.59,48.26,0.875,0,0.0,4.0
2026-07-05 14:20:00,37.87,416.25,61.8,0.888,1,24.12,5.78
2026-07-05 14:25:00,31.81,417.13,51.8,0.842,1,15.56,7.44
2026-07-05 14:30:00,26.26,415.14,42.97,0.872,0,0.0,4.0
2026-07-05 14:35:00,28.04,421.23,45.22,0.912,0,0.0,4.0
2026-07-05 14:40:00,27.82,411.09,45.97,0.912,0,0.0,4.0
2026-07-05 14:45:00,23.28,415.41,38.07,0.849,0,0.0,4.0
2026-07-05 14:50:00,21.79,412.06,35.92,0.862,0,0.0,4.0
2026-07-05 14:55:00,29.3,417.2,47.71,0.82,0,0.0,4.0
2026-07-05 15:00:00,29.48,411.05,48.71,0.831,0,0.0,4.0
2026-07-05 15:05:00,27.74,411.67,45.77,0.835,0,0.0,4.0
2026-07-05 15:10:00,31.77,413.42,52.2,0.855,1,20.17,4.0
2026-07-05 15:15:00,20.98,415.66,34.28,0.911,0,0.0,4.0
2026-07-05 15:20:00,31.56,413.51,51.84,0.881,1,20.03,8.85
2026-07-05 15:25:00,18.2,413.54,29.89,0.915,0,0.0,4.0
2026-07-05 15:30:00,17.17,414.55,28.13,0.911,0,0.0,4.0
2026-07-05 15:35:00,12.97,414.39,21.27,0.89,0,0.0,4.0
2026-07-05 15:40:00,19.1,418.72,30.99,0.88,0,0.0,4.0
2026-07-05 15:45:00,18.38,416.71,29.96,0.932,0,0.0,4.0
2026-07-05 15:50:00,23.11,414.19,37.9,0.888,0,0.0,4.0
2026-07-05 15:55:00,21.3,420.24,34.42,0.878,0,0.0,4.0
2026-07-05 16:00:00,13.72,416.23,22.4,0.924,0,0.0,4.0
2026-07-05 16:05:00,17.35,412.58,28.57,0.829,0,0.0,4.0
2026-07-05 16:10:00,17.1,415.64,27.94,0.899,0,0.0,4.0
2026-07-05 16:15:00,10.0,416.34,16.31,0.834,0,0.0,4.0
2026-07-05 16:20:00,13.37,413.28,21.98,0.918,0,0.0,4.0
2026-07-05 16:25:00,14.11,412.37,23.24,0.915,0,0.0,4.0
2026-07-05 16:30:00,24.83,415.22,40.62,0.88,0,0.0,4.76
2026-07-05 16:35:00,18.34,414.1,30.08,0.899,0,0.0,4.0
2026-07-05 16:40:00,20.42,418.7,33.13,0.913,0,0.0,4.0
2026-07-05 16:45:00,10.0,416.85,16.29,0.878,0,0.0,4.0
2026-07-05 16:50:00,22.59,413.4,37.12,0.929,0,0.0,4.0
2026-07-05 16:55:00,22.9,416.06,37.39,0.872,0,0.0,4.0
2026-07-05 17:00:00,10.0,418.17,16.24,0.927,0,0.0,4.0
2026-07-05 17:05:00,12.48,411.52,20.59,0.89,0,0.0,4.0
2026-07-05 17:10:00,18.31,412.44,30.15,0.871,0,0.0,4.0
2026-07-05 17:15:00,18.89,414.97,30.93,0.82,0,0.0,4.0
2026-07-05 17:20:00,12.14,415.09,19.86,0.855,0,0.0,4.0
2026-07-05 17:25:00,13.88,414.87,22.73,0.924,0,0.0,4.0
2026-07-05 17:30:00,12.31,414.22,20.19,0.871,0,0.0,4.0
2026-07-05 17:35:00,15.76,414.18,25.85,0.871,0,0.0,5.53
2026-07-05 17:40:00,21.12,415.96,34.49,0.879,0,0.0,4.0
2026-07-05 17:45:00,11.22,417.83,18.24,0.854,0,0.0,4.0
2026-07-05 17:50:00,20.04,413.8,32.89,0.879,0,0.0,4.0
2026-07-05 17:55:00,11.1,421.1,17.9,0.865,0,0.0,4.0
2026-07-05 18:00:00,10.76,419.9,17.41,0.929,0,0.0,4.0
2026-07-05 18:05:00,19.1,418.32,31.02,0.888,0,0.0,4.0
2026-07-05 18:10:00,19.64,416.56,32.03,0.92,0,0.0,4.0
2026-07-05 18:15:00,19.33,420.02,31.26,0.902,0,0.0,4.0
2026-07-05 18:20:00,10.0,414.27,16.4,0.846,0,0.0,4.0
2026-07-05 18:25:00,12.88,412.92,21.18,0.924,0,0.0,4.0
2026-07-05 18:30:00,19.41,413.69,31.88,0.83,0,0.0,4.0
2026-07-05 18:35:00,15.62,412.49,25.71,0.874,0,0.0,4.0
2026-07-05 18:40:00,10.16,415.3,16.62,0.849,0,0.0,4.0
2026-07-05 18:45:00,17.96,415.75,29.35,0.885,0,0.0,4.0
2026-07-05 18:50:00,12.26,415.5,20.04,0.856,0,0.0,4.0
2026-07-05 18:55:00,24.98,414.97,40.88,0.907,0,0.0,4.0
2026-07-05 19:00:00,23.92,415.33,39.11,0.932,0,0.0,4.0
2026-07-05 19:05:00,19.42,419.34,31.45,0.905,0,0.0,4.0
2026-07-05 19:10:00,23.42,416.55,38.2,0.863,0,0.0,4.0
2026-07-05 19:15:00,17.18,417.31,27.97,0.892,0,0.0,4.0
2026-07-05 19:20:00,20.94,415.48,34.23,0.927,0,0.0,4.0
2026-07-05 19:25:00,24.77,410.96,40.94,0.852,0,0.0,4.0
2026-07-05 19:30:00,18.89,410.47,31.26,0.834,0,0.0,4.0
2026-07-05 19:35:00,16.69,420.21,26.98,0.836,0,0.0,4.0
2026-07-05 19:40:00,10.0,413.67,16.42,0.879,0,0.0,4.0
2026-07-05 19:45:00,18.19,413.46,29.89,0.908,0,0.0,4.0
2026-07-05 19:50:00,23.07,415.61,37.71,0.899,0,0.0,4.0
2026-07-05 19:55:00,24.04,416.38,39.22,0.874,0,0.0,4.0
2026-07-05 20:00:00,22.21,416.69,36.21,0.908,0,0.0,4.0
2026-07-05 20:05:00,17.37,419.44,28.13,0.896,0,0.0,4.0
2026-07-05 20:10:00,10.6,418.75,17.19,0.895,0,0.0,4.0
2026-07-05 20:15:00,18.42,412.97,30.3,0.844,0,0.0,4.0
2026-07-05 20:20:00,19.81,417.42,32.23,0.858,0,0.0,4.0
2026-07-05 20:25:00,20.21,414.04,33.16,0.861,0,0.0,4.0
2026-07-05 20:30:00,25.33,414.66,41.49,0.917,0,0.0,4.0
2026-07-05 20:35:00,32.63,412.27,53.77,0.913,1,12.25,4.0
2026-07-05 20:40:00,23.81,410.77,39.37,0.85,0,0.0,4.0
2026-07-05 20:45:00,22.6,414.92,37.0,0.827,0,0.0,4.0
2026-07-05 20:50:00,22.9,412.61,37.7,0.912,0,0.0,4.0
2026-07-05 20:55:00,25.34,417.32,41.24,0.869,0,0.0,4.0
2026-07-05 21:00:00,21.11,414.3,34.61,0.846,0,0.0,4.0
2026-07-05 21:05:00,26.4,415.77,43.13,0.834,0,0.0,4.0
2026-07-05 21:10:00,28.61,418.42,46.44,0.822,0,0.0,4.0
2026-07-05 21:15:00,27.97,411.29,46.2,0.871,0,0.0,4.0
2026-07-05 21:20:00,29.79,413.19,48.97,0.861,0,0.0,4.0
2026-07-05 21:25:00,30.26,415.45,49.48,0.904,1,17.17,4.0
2026-07-05 21:30:00,19.83,415.78,32.4,0.937,0,0.0,4.0
2026-07-05 21:35:00,32.49,417.76,52.82,0.845,1,19.83,4.81
2026-07-05 21:40:00,26.57,417.17,43.26,0.849,0,0.0,4.0
2026-07-05 21:45:00,25.08,415.24,41.02,0.86,0,0.0,4.0
2026-07-05 21:50:00,25.67,415.76,41.94,0.876,0,0.0,4.0
2026-07-05 21:55:00,34.01,415.83,55.56,0.904,1,17.32,10.27
2026-07-05 22:00:00,31.39,411.33,51.83,0.862,1,6.72,4.98
2026-07-05 22:05:00,24.76,414.61,40.56,0.833,0,0.0,4.0
2026-07-05 22:10:00,36.23,415.62,59.21,0.908,1,20.05,8.15
2026-07-05 22:15:00,27.32,416.15,44.6,0.915,0,0.0,4.0
2026-07-05 22:20:00,35.91,412.69,59.1,0.85,1,24.35,7.71
2026-07-05 22:25:00,37.1,411.83,61.19,0.836,1,12.46,10.58
2026-07-05 22:30:00,41.03,414.41,67.26,0.883,1,23.81,7.65
2026-07-05 22:35:00,46.22,419.92,74.77,0.845,1,10.87,6.6
2026-07-05 22:40:00,31.21,412.95,51.33,0.865,1,17.18,10.16
2026-07-05 22:45:00,38.49,417.93,62.55,0.913,1,15.35,6.97
2026-07-05 22:50:00,38.09,418.96,61.76,0.846,1,24.84,9.47
2026-07-05 22:55:00,42.37,415.11,69.34,0.917,1,13.17,10.06
2026-07-05 23:00:00,42.02,413.3,69.06,0.901,1,8.59,12.8
2026-07-05 23:05:00,39.92,416.28,65.14,0.846,1,21.66,7.58
2026-07-05 23:10:00,40.22,415.49,65.75,0.883,1,5.84,8.75
2026-07-05 23:15:00,37.59,412.85,61.85,0.894,1,22.7,6.09
2026-07-05 23:20:00,48.86,413.35,80.29,0.844,1,7.21,8.04
2026-07-05 23:25:00,46.97,416.13,76.67,0.837,1,16.44,7.53
2026-07-05 23:30:00,50.02,417.33,81.41,0.884,1,19.27,11.92
2026-07-05 23:35:00,44.64,414.19,73.2,0.903,1,11.73,10.75
2026-07-05 23:40:00,43.67,414.83,71.5,0.876,1,21.89,9.81
2026-07-05 23:45:00,42.32,416.67,68.99,0.828,1,16.87,6.67
2026-07-05 23:50:00,50.27,414.57,82.36,0.931,1,12.9,8.19
2026-07-05 23:55:00,44.04,414.25,72.21,0.903,1,11.51,6.88
2026-07-06 00:00:00,59.24,413.11,97.41,0.895,1,7.24,11.85
2026-07-06 00:05:00,44.23,413.07,72.72,0.897,1,17.81,5.2
2026-07-06 00:10:00,52.89,421.67,85.21,0.868,1,12.28,9.22
2026-07-06 00:15:00,60.12,414.51,98.52,0.938,1,11.41,8.3
2026-07-06 00:20:00,56.05,418.41,90.99,0.836,1,24.0,12.46
2026-07-06 00:25:00,54.69,419.21,88.61,0.909,1,10.46,8.08
2026-07-06 00:30:00,49.73,414.54,81.48,0.871,1,22.53,14.6
2026-07-06 00:35:00,48.42,415.92,79.07,0.926,1,24.5,12.35
2026-07-06 00:40:00,59.93,415.26,98.03,0.906,1,21.45,11.65
2026-07-06 00:45:00,64.36,410.97,106.37,0.887,1,5.39,12.81
2026-07-06 00:50:00,55.38,411.12,91.5,0.933,1,22.37,12.17
2026-07-06 00:55:00,52.62,415.12,86.11,0.929,1,9.27,7.72
2026-07-06 01:00:00,46.77,413.94,76.74,0.826,1,12.07,11.88
2026-07-06 01:05:00,54.89,419.73,88.83,0.843,1,24.83,10.9
2026-07-06 01:10:00,59.96,414.41,98.27,0.901,1,13.1,9.67
2026-07-06 01:15:00,69.25,419.88,112.02,0.931,1,18.1,14.62
2026-07-06 01:20:00,65.34,413.81,107.25,0.872,1,11.21,9.73
2026-07-06 01:25:00,64.21,419.78,103.9,0.825,1,12.39,13.69
2026-07-06 01:30:00,61.39,416.27,100.18,0.897,1,16.95,12.69
2026-07-06 01:35:00,61.18,416.41,99.8,0.843,1,23.97,10.71
2026-07-06 01:40:00,71.82,413.72,117.92,0.886,1,10.65,15.67
2026-07-06 01:45:00,66.48,416.44,108.44,0.866,1,9.95,14.09
2026-07-06 01:50:00,55.65,419.23,90.16,0.887,1,5.53,9.55
2026-07-06 01:55:00,63.47,414.64,103.97,0.932,1,9.04,13.12
2026-07-06 02:00:00,63.21,414.15,103.67,0.878,1,10.25,8.81
2026-07-06 02:05:00,65.43,414.38,107.25,0.824,1,6.26,13.22
2026-07-06 02:10:00,71.62,419.05,116.09,0.89,1,16.27,10.33
2026-07-06 02:15:00,68.91,417.14,112.21,0.859,1,7.54,13.08
2026-07-06 02:20:00,69.69,418.62,113.08,0.913,1,15.22,14.9
2026-07-06 02:25:00,77.26,415.78,126.22,0.876,1,8.78,15.13
2026-07-06 02:30:00,67.82,415.1,110.99,0.909,1,23.71,16.98
2026-07-06 02:35:00,81.23,416.06,132.61,0.929,1,11.14,13.35
2026-07-06 02:40:00,69.14,417.68,112.44,0.863,1,6.86,13.73
2026-07-06 02:45:00,73.52,414.38,120.52,0.939,1,21.72,9.39
2026-07-06 02:50:00,72.24,418.42,117.27,0.838,1,13.04,12.47
2026-07-06 02:55:00,74.82,415.91,122.19,0.897,1,21.4,13.84
2026-07-06 03:00:00,76.97,408.98,127.84,0.824,1,11.25,18.04
2026-07-06 03:05:00,77.45,417.21,126.1,0.846,1,15.0,14.64
2026-07-06 03:10:00,72.04,411.82,118.82,0.896,1,13.91,15.77
2026-07-06 03:15:00,70.7,417.15,115.12,0.826,1,16.16,11.44
2026-07-06 03:20:00,89.33,417.25,145.42,0.832,1,13.03,15.96
2026-07-06 03:25:00,74.88,415.82,122.31,0.855,1,14.94,12.29
2026-07-06 03:30:00,81.26,416.36,132.57,0.889,1,18.59,13.26
2026-07-06 03:35:00,70.19,417.75,114.12,0.822,1,13.29,11.16
2026-07-06 03:40:00,77.27,413.76,126.85,0.878,1,18.69,13.43
2026-07-06 03:45:00,78.47,416.98,127.82,0.895,1,19.29,19.81
2026-07-06 03:50:00,81.88,417.91,133.09,0.868,1,19.98,15.6
2026-07-06 03:55:00,66.31,419.4,107.39,0.828,1,14.42,9.53
2026-07-06 04:00:00,81.14,412.24,133.7,0.893,1,5.08,13.65
2026-07-06 04:05:00,74.94,416.02,122.35,0.893,1,20.07,16.84
2026-07-06 04:10:00,82.67,412.6,136.09,0.881,1,23.18,14.42
2026-07-06 04:15:00,76.21,412.49,125.49,0.903,1,18.05,18.06
2026-07-06 04:20:00,77.44,415.9,126.48,0.845,1,15.49,17.09
2026-07-06 04:25:00,80.67,415.19,131.97,0.901,1,16.19,14.88
2026-07-06 04:30:00,77.07,417.86,125.29,0.839,1,17.82,13.25
2026-07-06 04:35:00,80.24,414.13,131.61,0.867,1,24.97,13.5
2026-07-06 04:40:00,76.92,414.66,126.01,0.828,1,6.24,14.6
2026-07-06 04:45:00,73.98,415.53,120.93,0.918,1,5.42,14.55
2026-07-06 04:50:00,88.47,412.85,145.56,0.885,1,24.28,20.23
2026-07-06 04:55:00,77.12,413.19,126.78,0.937,1,13.81,15.4
2026-07-06 05:00:00,82.91,417.79,134.8,0.933,1,17.25,14.97
2026-07-06 05:05:00,87.76,413.63,144.12,0.94,1,20.07,19.98
2026-07-06 05:10:00,81.1,417.96,131.8,0.832,1,19.84,17.48
2026-07-06 05:15:00,80.2,416.52,130.79,0.893,1,17.94,13.74
2026-07-06 05:20:00,85.6,411.13,141.42,0.869,1,14.44,15.94
2026-07-06 05:25:00,90.18,416.33,147.14,0.884,1,16.52,18.58
2026-07-06 05:30:00,78.85,416.31,128.66,0.857,1,19.59,15.88
2026-07-06 05:35:00,84.04,416.06,137.21,0.826,1,22.02,13.9
2026-07-06 05:40:00,76.2,414.65,124.83,0.905,1,7.55,14.5
2026-07-06 05:45:00,82.96,412.65,136.56,0.936,1,10.56,13.9
2026-07-06 05:50:00,85.14,418.37,138.23,0.884,1,12.95,16.12
2026-07-06 05:55:00,80.72,414.75,132.2,0.86,1,18.31,12.44
2026-07-06 06:00:00,82.72,412.79,136.11,0.933,1,12.91,13.48
2026-07-06 06:05:00,77.95,416.14,127.24,0.864,1,9.78,19.37
2026-07-06 06:10:00,85.35,413.14,140.33,0.93,1,5.66,14.66
2026-07-06 06:15:00,90.2,412.63,148.49,0.923,1,21.85,19.9
2026-07-06 06:20:00,79.38,414.06,130.22,0.883,1,13.38,14.67
2026-07-06 06:25:00,81.68,413.34,134.23,0.901,1,11.58,12.5
2026-07-06 06:30:00,87.21,412.72,143.54,0.904,1,15.62,13.98
2026-07-06 06:35:00,90.65,417.02,147.66,0.897,1,7.46,14.86
2026-07-06 06:40:00,77.0,414.72,126.12,0.839,1,12.95,19.46
2026-07-06 06:45:00,83.48,418.13,135.62,0.903,1,20.04,15.49
2026-07-06 06:50:00,85.59,412.86,140.81,0.82,1,19.72,16.81
2026-07-06 06:55:00,83.49,410.68,138.08,0.905,1,20.44,17.62
2026-07-06 07:00:00,71.42,415.37,116.8,0.887,1,14.35,14.74
2026-07-06 07:05:00,86.11,419.64,139.38,0.851,1,12.38,18.12
2026-07-06 07:10:00,90.98,416.33,148.43,0.916,1,21.63,16.24
2026-07-06 07:15:00,83.73,423.04,134.44,0.869,1,8.47,12.76
2026-07-06 07:20:00,77.73,415.83,126.98,0.878,1,19.5,12.79
2026-07-06 07:25:00,80.05,415.59,130.84,0.823,1,22.76,12.01
2026-07-06 07:30:00,91.19,409.61,151.21,0.868,1,10.72,15.75
2026-07-06 07:35:00,86.59,416.07,141.36,0.84,1,8.96,7.43
2026-07-06 07:40:00,84.92,415.42,138.85,0.853,1,15.25,17.72
2026-07-06 07:45:00,83.17,413.98,136.47,0.85,1,9.33,16.76
2026-07-06 07:50:00,77.74,414.66,127.35,0.826,1,22.42,12.86
2026-07-06 07:55:00,79.68,414.83,130.47,0.875,1,9.89,11.66
2026-07-06 08:00:00,79.92,414.55,130.95,0.883,1,11.28,18.48
2026-07-06 08:05:00,82.67,420.22,133.63,0.889,1,22.77,18.25
2026-07-06 08:10:00,87.06,414.07,142.82,0.875,1,9.11,15.53
2026-07-06 08:15:00,84.69,415.42,138.48,0.924,1,22.7,14.82
2026-07-06 08:20:00,71.57,413.99,117.43,0.825,1,9.2,13.43
2026-07-06 08:25:00,79.35,416.96,129.26,0.894,1,23.24,12.12
2026-07-06 08:30:00,81.45,415.44,133.17,0.924,1,11.35,15.91
2026-07-06 08:35:00,80.39,414.3,131.8,0.825,1,9.92,12.19
2026-07-06 08:40:00,73.67,410.19,121.99,0.88,1,14.54,8.46
2026-07-06 08:45:00,90.88,415.61,148.54,0.891,1,12.38,15.1
2026-07-06 08:50:00,69.42,414.23,113.84,0.843,1,9.03,10.6
2026-07-06 08:55:00,69.87,414.85,114.4,0.85,1,11.77,17.34
2026-07-06 09:00:00,75.92,412.04,125.15,0.914,1,19.26,18.5
2026-07-06 09:05:00,84.79,418.58,137.59,0.888,1,21.64,13.76
2026-07-06 09:10:00,69.46,417.14,113.11,0.858,1,21.42,13.34
2026-07-06 09:15:00,71.75,418.58,116.43,0.912,1,20.14,12.41
2026-07-06 09:20:00,77.88,417.87,126.6,0.91,1,5.11,18.52
2026-07-06 09:25:00,71.82,416.48,117.13,0.861,1,13.53,9.4
2026-07-06 09:30:00,69.63,412.14,114.76,0.879,1,8.38,14.03
2026-07-06 09:35:00,73.52,419.61,119.02,0.9,1,6.47,16.51
2026-07-06 09:40:00,71.44,412.68,117.58,0.861,1,19.72,12.58
2026-07-06 09:45:00,74.6,414.33,122.3,0.895,1,20.87,14.53
2026-07-06 09:50:00,75.26,416.77,122.66,0.85,1,21.29,17.04
2026-07-06 09:55:00,69.69,416.89,113.55,0.855,1,22.81,11.13
2026-07-06 10:00:00,68.96,416.43,112.48,0.857,1,16.8,14.72
2026-07-06 10:05:00,67.91,414.0,111.41,0.932,1,24.96,9.89
2026-07-06 10:10:00,68.61,413.48,112.71,0.92,1,14.67,9.4
2026-07-06 10:15:00,65.76,421.34,106.01,0.888,1,22.67,14.93
2026-07-06 10:20:00,64.79,414.9,106.07,0.888,1,7.26,9.79
2026-07-06 10:25:00,70.08,414.6,114.81,0.827,1,7.98,13.43
2026-07-06 10:30:00,70.97,413.22,116.67,0.898,1,16.81,10.89
2026-07-06 10:35:00,55.15,415.61,90.13,0.859,1,7.48,10.95
2026-07-06 10:40:00,62.02,415.5,101.39,0.893,1,6.51,7.66
2026-07-06 10:45:00,57.81,414.96,94.63,0.921,1,8.92,13.84
2026-07-06 10:50:00,58.97,415.95,96.3,0.825,1,20.75,13.53
2026-07-06 10:55:00,61.81,419.41,100.1,0.893,1,23.55,10.91
2026-07-06 11:00:00,62.41,413.51,102.51,0.888,1,11.67,7.51
2026-07-06 11:05:00,57.76,415.11,94.51,0.845,1,24.5,11.15
2026-07-06 11:10:00,48.01,413.38,78.89,0.898,1,21.19,8.87
2026-07-06 11:15:00,52.0,415.74,84.97,0.887,1,9.52,8.58
2026-07-06 11:20:00,60.56,413.58,99.46,0.912,1,16.72,14.16
2026-07-06 11:25:00,41.62,413.69,68.34,0.833,1,24.64,11.53
2026-07-06 11:30:00,60.51,411.35,99.91,0.873,1,21.98,12.98
2026-07-06 11:35:00,56.42,415.24,92.29,0.94,1,12.27,14.21
2026-07-06 11:40:00,59.63,416.07,97.35,0.903,1,11.13,4.81
2026-07-06 11:45:00,51.3,419.65,83.03,0.902,1,21.39,9.6
2026-07-06 11:50:00,41.22,416.17,67.28,0.858,1,15.98,7.41
2026-07-06 11:55:00,52.92,413.88,86.84,0.831,1,8.27,11.88
2026-07-06 12:00:00,56.37,411.6,93.03,0.934,1,11.56,9.99
2026-07-06 12:05:00,53.86,411.95,88.81,0.833,1,18.24,11.89
2026-07-06 12:10:00,45.16,411.76,74.5,0.939,1,8.06,7.42
2026-07-06 12:15:00,48.14,419.7,77.92,0.835,1,18.97,8.06
2026-07-06 12:20:00,44.29,415.72,72.36,0.841,1,19.2,10.78
2026-07-06 12:25:00,42.09,413.54,69.14,0.857,1,10.41,8.09
2026-07-06 12:30:00,50.21,412.6,82.66,0.881,1,12.96,10.39
2026-07-06 12:35:00,38.69,412.86,63.65,0.915,1,23.71,5.28
2026-07-06 12:40:00,39.45,413.48,64.81,0.937,1,19.98,9.67
2026-07-06 12:45:00,37.65,418.29,61.14,0.863,1,20.76,5.33
2026-07-06 12:50:00,34.97,414.93,57.25,0.822,1,15.33,11.02
2026-07-06 12:55:00,42.41,411.38,70.03,0.894,1,9.26,7.5
2026-07-06 13:00:00,46.75,420.78,75.47,0.905,1,16.83,8.3
2026-07-06 13:05:00,39.28,412.15,64.74,0.868,1,20.44,10.15
2026-07-06 13:10:00,31.95,413.52,52.48,0.842,1,5.08,5.88
2026-07-06 13:15:00,42.95,418.28,69.75,0.857,1,7.28,9.75
2026-07-06 13:20:00,46.46,416.04,75.85,0.899,1,14.49,8.4
2026-07-06 13:25:00,34.08,413.83,55.94,0.879,1,13.74,8.47
2026-07-06 13:30:00,34.21,411.92,56.42,0.909,1,24.65,7.21
2026-07-06 13:35:00,38.48,412.58,63.36,0.846,1,6.84,9.27
2026-07-06 13:40:00,43.32,412.73,71.29,0.921,1,11.47,11.03
2026-07-06 13:45:00,31.92,415.02,52.24,0.839,1,21.3,4.0
2026-07-06 13:50:00,27.18,415.48,44.43,0.86,0,0.0,4.0
2026-07-06 13:55:00,36.32,414.63,59.5,0.891,1,16.23,11.58
2026-07-06 14:00:00,36.5,414.9,59.75,0.908,1,19.82,8.99
2026-07-06 14:05:00,31.87,412.37,52.5,0.852,1,5.8,11.66
2026-07-06 14:10:00,28.4,415.73,46.41,0.934,0,0.0,4.0
2026-07-06 14:15:00,35.53,418.2,57.7,0.905,1,8.83,7.43
2026-07-06 14:20:00,32.57,414.59,53.35,0.846,1,6.64,7.32
2026-07-06 14:25:00,25.46,414.54,41.72,0.907,0,0.0,4.0
2026-07-06 14:30:00,28.94,415.21,47.34,0.904,0,0.0,4.0
2026-07-06 14:35:00,21.33,417.8,34.69,0.91,0,0.0,5.01
2026-07-06 14:40:00,30.93,412.76,50.9,0.93,1,6.0,8.46
2026-07-06 14:45:00,25.61,418.63,41.56,0.905,0,0.0,4.0
2026-07-06 14:50:00,24.18,416.05,39.47,0.862,0,0.0,4.0
2026-07-06 14:55:00,25.63,415.07,41.95,0.915,0,0.0,4.0
2026-07-06 15:00:00,25.45,418.03,41.36,0.904,0,0.0,4.0
2026-07-06 15:05:00,29.19,412.04,48.12,0.889,0,0.0,4.0
2026-07-06 15:10:00,27.15,416.31,44.3,0.862,0,0.0,4.0
2026-07-06 15:15:00,22.9,416.08,37.39,0.931,0,0.0,4.0
2026-07-06 15:20:00,27.01,412.66,44.45,0.882,0,0.0,4.0
2026-07-06 15:25:00,24.71,416.15,40.33,0.895,0,0.0,4.0
2026-07-06 15:30:00,20.1,415.71,32.84,0.87,0,0.0,4.0
2026-07-06 15:35:00,21.15,414.55,34.66,0.914,0,0.0,4.0
2026-07-06 15:40:00,20.59,417.16,33.52,0.861,0,0.0,4.0
2026-07-06 15:45:00,23.42,413.57,38.47,0.917,0,0.0,4.0
2026-07-06 15:50:00,18.65,415.68,30.47,0.833,0,0.0,4.0
2026-07-06 15:55:00,18.13,414.67,29.69,0.905,0,0.0,4.0
2026-07-06 16:00:00,29.53,413.46,48.52,0.877,0,0.0,6.13
2026-07-06 16:05:00,24.01,416.26,39.19,0.904,0,0.0,4.0
2026-07-06 16:10:00,15.15,414.48,24.83,0.884,0,0.0,4.0
2026-07-06 16:15:00,21.46,411.32,35.45,0.836,0,0.0,4.0
2026-07-06 16:20:00,18.87,410.5,31.23,0.877,0,0.0,4.0
2026-07-06 16:25:00,19.92,416.97,32.45,0.936,0,0.0,4.0
2026-07-06 16:30:00,18.35,411.95,30.26,0.911,0,0.0,4.0
2026-07-06 16:35:00,23.33,415.7,38.12,0.856,0,0.0,4.0
2026-07-06 16:40:00,18.84,415.14,30.82,0.933,0,0.0,4.0
2026-07-06 16:45:00,16.55,414.08,27.14,0.913,0,0.0,4.0
2026-07-06 16:50:00,21.83,419.89,35.32,0.864,0,0.0,4.0
2026-07-06 16:55:00,17.56,415.45,28.72,0.892,0,0.0,4.0
2026-07-06 17:00:00,16.8,416.89,27.37,0.871,0,0.0,4.0
2026-07-06 17:05:00,17.57,415.71,28.71,0.832,0,0.0,4.0
2026-07-06 17:10:00,15.36,414.42,25.18,0.917,0,0.0,4.0
2026-07-06 17:15:00,15.72,414.95,25.73,0.843,0,0.0,4.0
2026-07-06 17:20:00,12.6,418.65,20.44,0.875,0,0.0,4.0
2026-07-06 17:25:00,11.65,417.72,18.95,0.904,0,0.0,4.0
2026-07-06 17:30:00,10.31,419.88,16.67,0.932,0,0.0,4.0
2026-07-06 17:35:00,10.0,415.55,16.35,0.828,0,0.0,4.0
2026-07-06 17:40:00,10.73,412.81,17.66,0.867,0,0.0,4.0
2026-07-06 17:45:00,14.2,413.9,23.31,0.894,0,0.0,4.0
2026-07-06 17:50:00,15.55,412.03,25.63,0.914,0,0.0,4.0
2026-07-06 17:55:00,13.65,416.92,22.24,0.931,0,0.0,4.0
2026-07-06 18:00:00,10.0,413.54,16.43,0.82,0,0.0,4.0
2026-07-06 18:05:00,22.88,407.36,38.15,0.895,0,0.0,4.0
2026-07-06 18:10:00,20.47,421.16,33.01,0.821,0,0.0,4.0
2026-07-06 18:15:00,17.3,413.57,28.42,0.914,0,0.0,4.0
2026-07-06 18:20:00,24.67,413.56,40.52,0.838,0,0.0,4.0
2026-07-06 18:25:00,10.32,419.18,16.72,0.927,0,0.0,4.0
2026-07-06 18:30:00,24.74,411.98,40.79,0.839,0,0.0,4.0
2026-07-06 18:35:00,10.58,417.84,17.2,0.912,0,0.0,4.0
2026-07-06 18:40:00,16.73,413.53,27.47,0.855,0,0.0,4.0
2026-07-06 18:45:00,10.0,411.69,16.5,0.887,0,0.0,4.0
2026-07-06 18:50:00,15.9,419.26,25.76,0.893,0,0.0,4.0
2026-07-06 18:55:00,17.93,417.31,29.19,0.845,0,0.0,4.0
2026-07-06 19:00:00,15.42,417.3,25.1,0.856,0,0.0,4.0
2026-07-06 19:05:00,19.97,415.92,32.61,0.833,0,0.0,4.0
2026-07-06 19:10:00,17.11,416.5,27.91,0.821,0,0.0,4.0
2026-07-06 19:15:00,14.25,411.92,23.49,0.849,0,0.0,4.0
2026-07-06 19:20:00,14.28,415.28,23.35,0.882,0,0.0,4.0
2026-07-06 19:25:00,21.43,412.68,35.28,0.906,0,0.0,4.0
2026-07-06 19:30:00,14.4,411.53,23.76,0.915,0,0.0,4.66
2026-07-06 19:35:00,22.54,416.03,36.8,0.828,0,0.0,4.0
2026-07-06 19:40:00,24.39,417.9,39.65,0.853,0,0.0,4.0
2026-07-06 19:45:00,10.27,414.04,16.84,0.912,0,0.0,4.0
2026-07-06 19:50:00,24.62,414.47,40.35,0.878,0,0.0,4.0
2026-07-06 19:55:00,29.62,412.15,48.81,0.842,0,0.0,4.0
2026-07-06 20:00:00,20.95,415.02,34.29,0.867,0,0.0,4.0
2026-07-06 20:05:00,23.07,416.9,37.59,0.852,0,0.0,4.0
2026-07-06 20:10:00,25.67,416.98,41.81,0.826,0,0.0,4.0
2026-07-06 20:15:00,19.52,416.36,31.85,0.912,0,0.0,4.0
2026-07-06 20:20:00,22.24,413.45,36.54,0.855,0,0.0,4.0
2026-07-06 20:25:00,15.2,413.37,24.98,0.933,0,0.0,4.0
2026-07-06 20:30:00,22.93,416.99,37.35,0.927,0,0.0,4.0
2026-07-06 20:35:00,25.19,417.03,41.04,0.906,0,0.0,4.0
2026-07-06 20:40:00,25.77,414.57,42.22,0.859,0,0.0,4.05
2026-07-06 20:45:00,29.01,413.93,47.61,0.854,0,0.0,4.0
2026-07-06 20:50:00,20.32,417.92,33.03,0.877,0,0.0,4.0
2026-07-06 20:55:00,22.05,414.1,36.18,0.863,0,0.0,4.0
2026-07-06 21:00:00,34.73,416.86,56.59,0.928,1,12.0,5.47
2026-07-06 21:05:00,25.05,414.66,41.03,0.835,0,0.0,4.0
2026-07-06 21:10:00,27.35,412.38,45.06,0.907,0,0.0,4.0
2026-07-06 21:15:00,26.59,419.03,43.1,0.893,0,0.0,4.0
2026-07-06 21:20:00,23.39,415.3,38.26,0.917,0,0.0,4.0
2026-07-06 21:25:00,36.21,413.22,59.52,0.885,1,14.61,7.6
2026-07-06 21:30:00,26.05,411.52,43.01,0.896,0,0.0,4.0
2026-07-06 21:35:00,23.67,411.77,39.04,0.936,0,0.0,4.0
2026-07-06 21:40:00,27.67,414.07,45.39,0.831,0,0.0,4.0
2026-07-06 21:45:00,20.55,419.81,33.24,0.833,0,0.0,4.0
2026-07-06 21:50:00,27.94,413.54,45.89,0.867,0,0.0,4.0
2026-07-06 21:55:00,27.0,418.62,43.81,0.877,0,0.0,4.0
2026-07-06 22:00:00,35.59,414.67,58.29,0.844,1,12.98,7.37
2026-07-06 22:05:00,29.8,412.05,49.12,0.83,0,0.0,4.0
2026-07-06 22:10:00,38.28,413.82,62.83,0.823,1,20.21,9.03
2026-07-06 22:15:00,41.51,411.8,68.47,0.912,1,11.4,8.71
2026-07-06 22:20:00,39.11,412.86,64.35,0.878,1,10.43,4.0
2026-07-06 22:25:00,34.83,412.79,57.31,0.921,1,19.61,10.65
2026-07-06 22:30:00,37.31,410.24,61.78,0.863,1,15.28,4.0
2026-07-06 22:35:00,29.69,418.78,48.16,0.904,0,0.0,4.0
2026-07-06 22:40:00,37.36,415.53,61.07,0.879,1,9.22,7.01
2026-07-06 22:45:00,34.45,413.28,56.62,0.893,1,20.42,7.91
2026-07-06 22:50:00,42.95,415.55,70.2,0.864,1,8.24,7.49
2026-07-06 22:55:00,53.07,412.91,87.3,0.83,1,16.7,9.14
2026-07-06 23:00:00,43.44,408.32,72.26,0.934,1,10.67,8.16
2026-07-06 23:05:00,31.73,422.39,51.02,0.92,1,7.02,7.28
2026-07-06 23:10:00,40.62,415.47,66.41,0.857,1,17.34,5.53
2026-07-06 23:15:00,43.78,413.53,71.92,0.935,1,15.14,6.06
2026-07-06 23:20:00,44.36,410.17,73.46,0.856,1,14.72,6.72
2026-07-06 23:25:00,41.02,411.26,67.75,0.873,1,16.85,11.28
2026-07-06 23:30:00,46.66,419.14,75.61,0.911,1,12.45,9.88
2026-07-06 23:35:00,39.98,418.75,64.85,0.857,1,18.4,9.44
2026-07-06 23:40:00,42.23,416.88,68.8,0.859,1,7.62,11.66
2026-07-06 23:45:00,50.94,412.21,83.94,0.869,1,19.3,11.95
2026-07-06 23:50:00,43.4,418.77,70.39,0.876,1,16.6,9.0
2026-07-06 23:55:00,51.93,416.12,84.76,0.835,1,14.73,13.68
2026-07-07 00:00:00,43.15,416.64,70.35,0.822,1,7.55,5.9
2026-07-07 00:05:00,59.59,416.12,97.27,0.93,1,10.57,10.64
2026-07-07 00:10:00,47.66,411.23,78.71,0.862,1,10.91,11.79
2026-07-07 00:15:00,51.17,412.0,84.36,0.832,1,9.68,4.63
2026-07-07 00:20:00,54.7,413.72,89.81,0.911,1,24.08,9.21
2026-07-07 00:25:00,50.98,416.61,83.13,0.855,1,23.31,12.17
2026-07-07 00:30:00,55.29,411.55,91.25,0.842,1,15.92,10.99
2026-07-07 00:35:00,58.2,414.56,95.36,0.936,1,9.11,12.12
2026-07-07 00:40:00,60.88,414.56,99.75,0.93,1,23.22,7.69
2026-07-07 00:45:00,60.79,416.98,99.02,0.833,1,19.99,10.0
2026-07-07 00:50:00,56.72,416.69,92.46,0.928,1,5.78,12.0
2026-07-07 00:55:00,57.59,412.47,94.83,0.927,1,14.81,9.02
2026-07-07 01:00:00,70.8,418.62,114.89,0.896,1,17.1,15.51
2026-07-07 01:05:00,64.54,412.09,106.39,0.884,1,6.33,12.6
2026-07-07 01:10:00,55.92,417.73,90.92,0.846,1,6.0,7.66
2026-07-07 01:15:00,61.75,413.62,101.41,0.835,1,14.27,12.63
2026-07-07 01:20:00,60.29,415.41,98.59,0.893,1,5.04,12.84
2026-07-07 01:25:00,62.01,415.56,101.36,0.919,1,5.94,12.29
2026-07-07 01:30:00,57.25,415.49,93.59,0.903,1,8.3,11.96
2026-07-07 01:35:00,62.04,416.69,101.13,0.842,1,23.2,8.33
2026-07-07 01:40:00,73.85,415.98,120.59,0.855,1,20.33,19.52
2026-07-07 01:45:00,68.38,416.96,111.39,0.886,1,14.01,19.52
2026-07-07 01:50:00,53.71,416.16,87.66,0.895,1,14.58,13.7
2026-07-07 01:55:00,72.92,411.84,120.27,0.829,1,18.72,14.33
2026-07-07 02:00:00,72.95,415.67,119.2,0.894,1,14.49,12.92
2026-07-07 02:05:00,66.36,413.59,108.99,0.908,1,6.28,11.37
2026-07-07 02:10:00,72.39,412.23,119.29,0.842,1,19.77,15.83
2026-07-07 02:15:00,65.15,414.28,106.82,0.85,1,6.15,14.5
2026-07-07 02:20:00,67.72,415.46,110.73,0.851,1,14.72,11.43
2026-07-07 02:25:00,78.19,415.62,127.78,0.933,1,22.23,15.14
2026-07-07 02:30:00,69.95,417.64,113.76,0.869,1,7.35,15.86
2026-07-07 02:35:00,62.56,418.27,101.59,0.884,1,19.13,11.98
2026-07-07 02:40:00,72.18,415.84,117.9,0.907,1,5.93,13.55
2026-07-07 02:45:00,72.68,416.29,118.6,0.865,1,24.86,17.51
2026-07-07 02:50:00,79.64,415.24,130.27,0.833,1,18.64,18.07
2026-07-07 02:55:00,74.27,416.92,121.01,0.899,1,24.38,16.45
2026-07-07 03:00:00,72.64,416.22,118.55,0.9,1,18.36,11.52
2026-07-07 03:05:00,80.51,414.86,131.82,0.851,1,9.85,12.54
2026-07-07 03:10:00,76.41,420.38,123.46,0.824,1,23.53,13.23
2026-07-07 03:15:00,72.56,413.63,119.16,0.9,1,17.53,12.73
2026-07-07 03:20:00,82.59,418.64,134.0,0.904,1,16.52,16.19
2026-07-07 03:25:00,78.26,411.61,129.15,0.823,1,13.58,14.55
2026-07-07 03:30:00,77.78,417.03,126.69,0.903,1,10.69,14.16
2026-07-07 03:35:00,79.12,418.59,128.38,0.933,1,15.6,14.42
2026-07-07 03:40:00,73.32,410.23,121.4,0.841,1,12.32,11.79
2026-07-07 03:45:00,76.46,415.35,125.05,0.883,1,22.08,13.8
2026-07-07 03:50:00,79.54,416.79,129.62,0.904,1,5.58,20.22
2026-07-07 03:55:00,78.95,415.63,129.02,0.848,1,15.6,16.61
2026-07-07 04:00:00,86.67,415.95,141.54,0.91,1,21.73,16.73
2026-07-07 04:05:00,81.77,415.34,133.73,0.924,1,5.55,11.53
2026-07-07 04:10:00,85.32,412.26,140.57,0.918,1,10.65,13.6
2026-07-07 04:15:00,81.44,420.92,131.42,0.851,1,6.03,14.86
2026-07-07 04:20:00,87.0,413.74,142.84,0.917,1,16.9,19.65
2026-07-07 04:25:00,84.02,416.09,137.17,0.87,1,11.33,16.22
2026-07-07 04:30:00,82.4,413.38,135.4,0.852,1,24.19,16.54
2026-07-07 04:35:00,82.55,409.31,137.0,0.84,1,17.33,18.29
2026-07-07 04:40:00,78.12,412.69,128.57,0.929,1,16.24,12.63
2026-07-07 04:45:00,85.68,411.38,141.47,0.871,1,23.34,19.84
2026-07-07 04:50:00,83.18,417.73,135.25,0.924,1,9.47,14.56
2026-07-07 04:55:00,81.09,413.48,133.21,0.839,1,16.24,18.08
2026-07-07 05:00:00,89.34,413.71,146.68,0.912,1,15.86,20.73
2026-07-07 05:05:00,77.75,412.34,128.07,0.833,1,6.64,12.23
2026-07-07 05:10:00,82.06,415.24,134.23,0.822,1,23.64,15.95
2026-07-07 05:15:00,89.47,413.21,147.07,0.939,1,19.0,18.88
2026-07-07 05:20:00,86.05,417.48,140.0,0.829,1,22.76,15.96
2026-07-07 05:25:00,84.35,415.76,137.82,0.875,1,24.65,15.82
2026-07-07 05:30:00,85.96,413.57,141.18,0.925,1,14.59,15.28
2026-07-07 05:35:00,85.69,417.13,139.54,0.918,1,21.07,12.18
2026-07-07 05:40:00,77.28,415.02,126.49,0.877,1,16.55,17.18
2026-07-07 05:45:00,83.18,415.05,136.13,0.893,1,24.54,13.87
2026-07-07 05:50:00,93.05,411.34,153.65,0.896,1,9.94,11.96
2026-07-07 05:55:00,81.7,414.82,133.77,0.833,1,5.28,17.39
2026-07-07 06:00:00,83.41,415.8,136.26,0.854,1,8.72,16.57
2026-07-07 06:05:00,82.28,418.33,133.61,0.856,1,7.56,12.14
2026-07-07 06:10:00,84.53,413.12,138.99,0.865,1,13.74,18.41
2026-07-07 06:15:00,82.01,420.7,132.41,0.853,1,6.55,16.63
2026-07-07 06:20:00,87.3,416.39,142.41,0.85,1,9.4,16.19
2026-07-07 06:25:00,85.78,411.2,141.7,0.863,1,6.93,14.98
2026-07-07 06:30:00,88.57,412.89,145.71,0.866,1,14.74,16.4
2026-07-07 06:35:00,79.34,418.55,128.76,0.878,1,10.34,15.27
2026-07-07 06:40:00,82.77,418.11,134.46,0.841,1,14.42,13.8
2026-07-07 06:45:00,83.2,415.05,136.16,0.915,1,6.78,17.9
2026-07-07 06:50:00,86.45,415.37,141.37,0.923,1,15.34,17.61
2026-07-07 06:55:00,80.03,412.09,131.92,0.85,1,7.6,14.47
2026-07-07 07:00:00,88.39,418.3,143.52,0.835,1,6.99,20.29
2026-07-07 07:05:00,89.53,412.53,147.42,0.907,1,11.2,15.98
2026-07-07 07:10:00,78.44,417.11,127.73,0.931,1,22.49,18.82
2026-07-07 07:15:00,80.69,418.38,131.0,0.824,1,20.77,16.24
2026-07-07 07:20:00,80.23,415.12,131.28,0.822,1,24.18,17.4
2026-07-07 07:25:00,95.78,417.42,155.86,0.842,1,14.2,17.1
2026-07-07 07:30:00,80.19,419.62,129.8,0.902,1,11.25,10.68
2026-07-07 07:35:00,90.42,415.67,147.76,0.936,1,24.42,18.6
2026-07-07 07:40:00,75.39,414.56,123.52,0.91,1,12.64,11.46
2026-07-07 07:45:00,76.44,414.83,125.17,0.889,1,5.18,12.6
2026-07-07 07:50:00,77.61,413.14,127.6,0.904,1,21.4,15.22
2026-07-07 07:55:00,76.46,413.09,125.72,0.848,1,8.38,12.7
2026-07-07 08:00:00,78.97,416.11,128.91,0.903,1,19.36,15.11
2026-07-07 08:05:00,76.38,414.59,125.14,0.859,1,5.3,14.47
2026-07-07 08:10:00,75.42,415.82,123.2,0.847,1,7.22,10.53
2026-07-07 08:15:00,84.89,411.28,140.21,0.848,1,14.67,16.65
2026-07-07 08:20:00,84.79,414.77,138.86,0.9,1,6.36,14.14
2026-07-07 08:25:00,82.97,417.58,134.97,0.912,1,22.77,13.61
2026-07-07 08:30:00,80.39,412.2,132.47,0.89,1,20.0,10.85
2026-07-07 08:35:00,77.76,415.04,127.26,0.828,1,11.56,10.98
2026-07-07 08:40:00,74.33,410.36,123.03,0.825,1,16.95,14.28
2026-07-07 08:45:00,71.55,411.74,118.04,0.846,1,19.31,13.94
2026-07-07 08:50:00,77.62,417.02,126.43,0.854,1,20.11,16.17
2026-07-07 08:55:00,69.41,414.23,113.83,0.869,1,12.91,17.1
2026-07-07 09:00:00,69.78,419.56,112.97,0.829,1,22.98,16.84
2026-07-07 09:05:00,79.97,416.08,130.55,0.907,1,23.84,17.89
2026-07-07 09:10:00,83.15,416.33,135.66,0.905,1,8.91,18.15
2026-07-07 09:15:00,75.04,412.31,123.63,0.862,1,23.22,15.09
2026-07-07 09:20:00,78.03,414.04,128.01,0.888,1,19.25,15.38
2026-07-07 09:25:00,70.68,413.17,116.2,0.832,1,22.76,17.41
2026-07-07 09:30:00,64.62,412.34,106.45,0.87,1,13.5,12.81
2026-07-07 09:35:00,73.76,416.66,120.24,0.923,1,18.22,14.74
2026-07-07 09:40:00,72.92,417.16,118.74,0.899,1,9.71,16.3
2026-07-07 09:45:00,69.8,416.0,113.98,0.832,1,20.02,12.93
2026-07-07 09:50:00,67.59,412.93,111.19,0.922,1,16.63,12.69
2026-07-07 09:55:00,72.97,415.83,119.19,0.902,1,14.62,10.72
2026-07-07 10:00:00,62.57,410.22,103.61,0.874,1,18.85,11.14
2026-07-07 10:05:00,62.97,418.31,102.24,0.903,1,16.05,11.37
2026-07-07 10:10:00,61.12,411.75,100.83,0.841,1,20.31,11.39
2026-07-07 10:15:00,65.9,412.2,108.6,0.886,1,22.17,14.84
2026-07-07 10:20:00,59.35,415.29,97.08,0.894,1,21.01,9.4
2026-07-07 10:25:00,60.67,415.51,99.19,0.931,1,11.15,14.92
2026-07-07 10:30:00,59.87,414.82,98.03,0.828,1,24.52,7.24
2026-07-07 10:35:00,61.38,412.22,101.14,0.865,1,17.99,13.33
2026-07-07 10:40:00,54.53,417.83,88.65,0.932,1,11.47,12.28
2026-07-07 10:45:00,61.69,410.79,102.0,0.846,1,5.85,12.99
2026-07-07 10:50:00,66.76,411.29,110.26,0.918,1,24.76,15.79
2026-07-07 10:55:00,60.47,414.73,99.04,0.82,1,16.98,11.25
2026-07-07 11:00:00,66.77,411.84,110.12,0.823,1,9.55,15.39
2026-07-07 11:05:00,64.99,418.06,105.59,0.859,1,14.82,10.84
2026-07-07 11:10:00,61.46,412.05,101.32,0.912,1,12.95,10.31
2026-07-07 11:15:00,57.2,418.89,92.76,0.832,1,24.03,16.28
2026-07-07 11:20:00,56.19,417.59,91.4,0.866,1,14.85,11.27
2026-07-07 11:25:00,59.14,418.09,96.09,0.836,1,14.69,13.58
2026-07-07 11:30:00,52.61,419.72,85.14,0.847,1,20.89,11.66
2026-07-07 11:35:00,44.4,415.2,72.63,0.88,1,12.82,10.3
2026-07-07 11:40:00,55.51,412.47,91.42,0.858,1,8.93,5.81
2026-07-07 11:45:00,46.63,414.74,76.38,0.845,1,20.37,10.28
2026-07-07 11:50:00,46.72,413.58,76.72,0.867,1,23.2,9.61
2026-07-07 11:55:00,50.76,413.23,83.45,0.904,1,5.91,11.68
2026-07-07 12:00:00,49.52,415.38,80.99,0.834,1,22.2,8.19
2026-07-07 12:05:00,42.18,414.22,69.16,0.878,1,13.76,11.04
2026-07-07 12:10:00,49.3,413.12,81.06,0.853,1,10.78,6.63
2026-07-07 12:15:00,52.54,414.39,86.13,0.865,1,5.78,8.7
2026-07-07 12:20:00,41.31,416.37,67.39,0.919,1,9.11,4.25
2026-07-07 12:25:00,52.55,417.39,85.52,0.932,1,11.66,7.55
2026-07-07 12:30:00,37.63,410.99,62.19,0.849,1,6.41,7.11
2026-07-07 12:35:00,55.26,414.24,90.62,0.896,1,8.78,13.55
2026-07-07 12:40:00,41.87,414.65,68.58,0.901,1,19.74,8.6
2026-07-07 12:45:00,43.9,412.04,72.37,0.921,1,18.74,5.87
2026-07-07 12:50:00,32.96,414.7,53.99,0.928,1,20.4,4.0
2026-07-07 12:55:00,41.37,415.37,67.65,0.876,1,8.31,9.42
2026-07-07 13:00:00,42.08,416.3,68.67,0.938,1,5.86,6.35
2026-07-07 13:05:00,39.78,415.19,65.07,0.936,1,14.37,6.67
2026-07-07 13:10:00,36.66,412.8,60.32,0.881,1,11.86,9.68
2026-07-07 13:15:00,34.02,420.03,55.01,0.885,1,20.53,6.84
2026-07-07 13:20:00,43.68,417.07,71.14,0.9,1,15.78,7.96
2026-07-07 13:25:00,37.47,416.38,61.12,0.865,1,23.62,8.3
2026-07-07 13:30:00,44.31,417.51,72.09,0.899,1,6.22,11.71
2026-07-07 13:35:00,33.27,415.61,54.38,0.882,1,12.27,7.19
2026-07-07 13:40:00,33.03,418.22,53.65,0.824,1,13.1,4.0
2026-07-07 13:45:00,38.6,415.14,63.15,0.922,1,7.52,5.43
2026-07-07 13:50:00,25.72,415.0,42.1,0.933,0,0.0,4.0
2026-07-07 13:55:00,27.1,416.59,44.18,0.823,0,0.0,4.0
2026-07-07 14:00:00,37.99,418.94,61.59,0.915,1,19.25,4.93
2026-07-07 14:05:00,25.98,418.78,42.14,0.866,0,0.0,4.0
2026-07-07 14:10:00,22.1,416.48,36.04,0.89,0,0.0,4.0
2026-07-07 14:15:00,39.9,416.29,65.1,0.88,1,6.3,9.84
2026-07-07 14:20:00,22.96,416.74,37.42,0.886,0,0.0,4.0
2026-07-07 14:25:00,30.22,417.46,49.18,0.879,1,8.11,6.23
2026-07-07 14:30:00,29.04,418.25,47.16,0.922,0,0.0,4.0
2026-07-07 14:35:00,14.04,414.41,23.01,0.902,0,0.0,4.0
2026-07-07 14:40:00,26.17,418.3,42.49,0.87,0,0.0,4.0
2026-07-07 14:45:00,29.16,415.86,47.64,0.903,0,0.0,4.0
2026-07-07 14:50:00,28.13,416.63,45.86,0.936,0,0.0,4.0
2026-07-07 14:55:00,30.31,418.45,49.21,0.83,1,24.82,6.44
2026-07-07 15:00:00,23.31,416.87,37.99,0.867,0,0.0,4.0
2026-07-07 15:05:00,28.28,417.29,46.03,0.924,0,0.0,4.0
2026-07-07 15:10:00,20.75,414.03,34.04,0.909,0,0.0,4.0
2026-07-07 15:15:00,16.63,418.75,26.98,0.932,0,0.0,4.03
2026-07-07 15:20:00,16.7,416.74,27.22,0.825,0,0.0,4.0
2026-07-07 15:25:00,15.39,415.32,25.18,0.924,0,0.0,4.0
2026-07-07 15:30:00,27.28,417.75,44.36,0.915,0,0.0,4.0
2026-07-07 15:35:00,14.2,421.47,22.89,0.918,0,0.0,4.0
2026-07-07 15:40:00,22.7,412.08,37.42,0.892,0,0.0,4.0
2026-07-07 15:45:00,19.57,412.99,32.19,0.826,0,0.0,4.0
2026-07-07 15:50:00,19.97,421.71,32.16,0.885,0,0.0,4.0
2026-07-07 15:55:00,26.9,416.07,43.91,0.869,0,0.0,4.0
2026-07-07 16:00:00,17.5,415.48,28.61,0.883,0,0.0,4.0
2026-07-07 16:05:00,22.37,414.71,36.64,0.909,0,0.0,4.0
2026-07-07 16:10:00,19.14,418.02,31.11,0.892,0,0.0,4.0
2026-07-07 16:15:00,17.85,421.53,28.76,0.855,0,0.0,4.0
2026-07-07 16:20:00,29.78,413.34,48.94,0.892,0,0.0,4.0
2026-07-07 16:25:00,10.76,414.76,17.62,0.83,0,0.0,4.0
2026-07-07 16:30:00,24.11,414.12,39.55,0.821,0,0.0,4.0
2026-07-07 16:35:00,20.66,416.83,33.67,0.868,0,0.0,4.0
2026-07-07 16:40:00,14.71,418.06,23.91,0.911,0,0.0,4.0
2026-07-07 16:45:00,25.0,419.05,40.53,0.919,0,0.0,4.0
2026-07-07 16:50:00,10.0,416.92,16.29,0.886,0,0.0,4.0
2026-07-07 16:55:00,13.79,421.3,22.23,0.924,0,0.0,4.0
2026-07-07 17:00:00,10.15,413.56,16.67,0.835,0,0.0,4.0
2026-07-07 17:05:00,18.06,412.91,29.71,0.936,0,0.0,4.0
2026-07-07 17:10:00,10.26,418.67,16.65,0.931,0,0.0,4.0
2026-07-07 17:15:00,17.84,415.31,29.17,0.892,0,0.0,4.0
2026-07-07 17:20:00,14.6,411.56,24.1,0.827,0,0.0,4.0
2026-07-07 17:25:00,13.01,414.21,21.34,0.875,0,0.0,4.0
2026-07-07 17:30:00,17.24,415.64,28.18,0.842,0,0.0,4.0
2026-07-07 17:35:00,13.86,413.38,22.78,0.895,0,0.0,4.0
2026-07-07 17:40:00,10.0,412.46,16.47,0.843,0,0.0,4.0
2026-07-07 17:45:00,29.08,414.48,47.66,0.878,0,0.0,4.0
2026-07-07 17:50:00,12.6,412.34,20.75,0.845,0,0.0,4.0
2026-07-07 17:55:00,10.0,416.59,16.31,0.842,0,0.0,4.0
2026-07-07 18:00:00,10.79,410.14,17.87,0.85,0,0.0,4.0
2026-07-07 18:05:00,10.0,415.23,16.36,0.824,0,0.0,4.0
2026-07-07 18:10:00,19.16,416.3,31.27,0.906,0,0.0,4.0
2026-07-07 18:15:00,16.68,414.77,27.32,0.857,0,0.0,4.0
2026-07-07 18:20:00,17.13,417.73,27.85,0.904,0,0.0,4.0
2026-07-07 18:25:00,13.36,411.57,22.05,0.898,0,0.0,4.0
2026-07-07 18:30:00,13.9,413.25,22.85,0.828,0,0.0,4.0
2026-07-07 18:35:00,13.55,414.17,22.23,0.857,0,0.0,4.0
2026-07-07 18:40:00,15.13,416.78,24.65,0.888,0,0.0,4.0
2026-07-07 18:45:00,19.85,415.55,32.45,0.93,0,0.0,4.0
2026-07-07 18:50:00,17.51,420.36,28.29,0.868,0,0.0,4.0
2026-07-07 18:55:00,18.5,412.99,30.43,0.881,0,0.0,5.45
2026-07-07 19:00:00,18.69,411.51,30.85,0.91,0,0.0,4.0
2026-07-07 19:05:00,20.82,419.47,33.71,0.916,0,0.0,4.0
2026-07-07 19:10:00,18.06,411.42,29.82,0.931,0,0.0,4.0
2026-07-07 19:15:00,18.65,416.71,30.4,0.88,0,0.0,4.0
2026-07-07 19:20:00,23.05,412.55,37.96,0.843,0,0.0,4.0
2026-07-07 19:25:00,14.05,409.83,23.29,0.912,0,0.0,4.0
2026-07-07 19:30:00,13.39,414.06,21.96,0.835,0,0.0,4.0
2026-07-07 19:35:00,12.03,417.25,19.59,0.87,0,0.0,4.0
2026-07-07 19:40:00,19.19,411.95,31.65,0.895,0,0.0,4.0
2026-07-07 19:45:00,10.0,416.44,16.31,0.903,0,0.0,4.0
2026-07-07 19:50:00,21.27,416.91,34.65,0.908,0,0.0,4.0
2026-07-07 19:55:00,18.77,411.82,30.96,0.843,0,0.0,4.0
2026-07-07 20:00:00,25.36,414.43,41.57,0.938,0,0.0,4.0
2026-07-07 20:05:00,16.72,418.94,27.11,0.841,0,0.0,4.0
2026-07-07 20:10:00,19.46,416.63,31.73,0.832,0,0.0,4.0
2026-07-07 20:15:00,26.51,414.35,43.46,0.9,0,0.0,4.0
2026-07-07 20:20:00,28.25,416.04,46.12,0.929,0,0.0,4.0
2026-07-07 20:25:00,18.37,413.29,30.2,0.887,0,0.0,4.0
2026-07-07 20:30:00,23.14,417.78,37.62,0.891,0,0.0,4.0
2026-07-07 20:35:00,24.18,417.78,39.31,0.885,0,0.0,4.0
2026-07-07 20:40:00,25.06,415.3,40.98,0.825,0,0.0,4.0
2026-07-07 20:45:00,22.37,415.58,36.57,0.902,0,0.0,4.0
2026-07-07 20:50:00,30.6,412.5,50.39,0.863,1,12.93,4.49
2026-07-07 20:55:00,15.27,411.62,25.2,0.932,0,0.0,4.0
2026-07-07 21:00:00,23.15,414.06,37.97,0.842,0,0.0,4.0
2026-07-07 21:05:00,28.04,414.78,45.91,0.856,0,0.0,4.0
2026-07-07 21:10:00,28.64,417.66,46.58,0.881,0,0.0,4.0
2026-07-07 21:15:00,33.69,417.31,54.83,0.877,1,18.56,7.73
2026-07-07 21:20:00,33.49,415.46,54.76,0.868,1,16.89,4.0
2026-07-07 21:25:00,26.66,417.98,43.33,0.858,0,0.0,4.0
2026-07-07 21:30:00,35.19,412.64,57.93,0.838,1,8.14,10.1
2026-07-07 21:35:00,25.73,417.69,41.85,0.919,0,0.0,4.0
2026-07-07 21:40:00,34.58,413.02,56.87,0.874,1,20.35,5.74
2026-07-07 21:45:00,39.61,418.1,64.35,0.889,1,18.68,6.81
2026-07-07 21:50:00,37.27,414.97,61.01,0.886,1,13.77,7.03
2026-07-07 21:55:00,32.37,410.0,53.63,0.889,1,7.07,4.0
2026-07-07 22:00:00,30.84,416.83,50.26,0.905,1,22.41,9.91
2026-07-07 22:05:00,25.52,417.02,41.57,0.896,0,0.0,4.0
2026-07-07 22:10:00,35.39,413.86,58.09,0.853,1,22.79,10.0
2026-07-07 22:15:00,28.94,414.07,47.48,0.886,0,0.0,4.0
2026-07-07 22:20:00,31.24,414.6,51.19,0.849,1,9.74,6.41
2026-07-07 22:25:00,29.95,410.19,49.6,0.891,0,0.0,4.0
2026-07-07 22:30:00,34.3,409.09,56.96,0.872,1,13.36,4.66
2026-07-07 22:35:00,37.17,418.25,60.37,0.825,1,17.28,7.39
2026-07-07 22:40:00,39.4,412.94,64.81,0.908,1,20.38,5.57
2026-07-07 22:45:00,35.75,419.64,57.86,0.853,1,9.85,8.85
2026-07-07 22:50:00,44.82,418.43,72.76,0.93,1,8.75,8.01
2026-07-07 22:55:00,39.16,418.92,63.5,0.854,1,9.05,7.29
2026-07-07 23:00:00,37.0,413.37,60.8,0.94,1,23.69,5.24
2026-07-07 23:05:00,42.81,410.98,70.76,0.876,1,8.28,11.7
2026-07-07 23:10:00,52.24,412.28,86.07,0.823,1,11.91,10.12
2026-07-07 23:15:00,44.85,413.88,73.6,0.829,1,14.72,10.64
2026-07-07 23:20:00,42.11,409.07,69.92,0.83,1,16.12,9.27
2026-07-07 23:25:00,37.04,413.81,60.8,0.827,1,22.16,5.68
2026-07-07 23:30:00,44.33,414.5,72.65,0.852,1,7.26,4.55
2026-07-07 23:35:00,47.36,411.76,78.13,0.859,1,7.16,8.44
2026-07-07 23:40:00,45.01,412.4,74.14,0.833,1,11.33,11.22
2026-07-07 23:45:00,39.38,414.45,64.55,0.873,1,13.26,4.0
2026-07-07 23:50:00,44.22,415.89,72.22,0.864,1,12.48,13.08
2026-07-07 23:55:00,56.51,412.77,92.99,0.896,1,12.84,12.74
2026-07-08 00:00:00,57.17,415.73,93.41,0.844,1,22.03,11.83
2026-07-08 00:05:00,46.33,415.34,75.77,0.93,1,21.73,9.16
2026-07-08 00:10:00,54.89,415.12,89.82,0.882,1,21.11,12.92
2026-07-08 00:15:00,46.4,413.37,76.24,0.895,1,20.11,6.54
2026-07-08 00:20:00,60.07,411.67,99.12,0.825,1,5.81,12.13
2026-07-08 00:25:00,55.04,419.24,89.17,0.887,1,7.99,11.02
2026-07-08 00:30:00,59.32,416.58,96.72,0.864,1,19.64,15.81
2026-07-08 00:35:00,46.75,417.51,76.06,0.931,1,16.9,8.42
2026-07-08 00:40:00,59.47,414.79,97.38,0.926,1,18.48,11.73
2026-07-08 00:45:00,56.79,414.59,93.04,0.897,1,19.34,11.04
2026-07-08 00:50:00,61.84,416.23,100.91,0.912,1,23.23,11.1
2026-07-08 00:55:00,62.89,410.41,104.09,0.897,1,17.7,15.62
2026-07-08 01:00:00,59.39,412.21,97.86,0.822,1,10.51,8.96
2026-07-08 01:05:00,56.79,413.01,93.4,0.904,1,6.66,7.05
2026-07-08 01:10:00,64.42,413.86,105.73,0.841,1,13.64,12.84
2026-07-08 01:15:00,60.95,412.8,100.29,0.902,1,19.2,10.26
2026-07-08 01:20:00,57.61,415.83,94.1,0.821,1,10.64,11.49
2026-07-08 01:25:00,58.08,415.2,95.02,0.857,1,7.4,12.29
2026-07-08 01:30:00,56.01,418.48,90.91,0.882,1,24.97,11.67
2026-07-08 01:35:00,61.54,421.18,99.25,0.86,1,13.38,11.8
2026-07-08 01:40:00,70.31,411.84,115.95,0.903,1,9.33,8.36
2026-07-08 01:45:00,66.37,415.37,108.53,0.883,1,8.29,13.65
2026-07-08 01:50:00,63.51,415.36,103.86,0.935,1,22.26,13.0
2026-07-08 01:55:00,70.86,414.96,115.99,0.863,1,21.39,18.15
2026-07-08 02:00:00,63.34,412.29,104.35,0.907,1,17.27,14.89
2026-07-08 02:05:00,68.63,412.71,112.96,0.92,1,15.94,9.73
2026-07-08 02:10:00,67.91,415.6,110.99,0.85,1,24.03,15.87
2026-07-08 02:15:00,73.34,412.64,120.73,0.91,1,9.57,10.68
2026-07-08 02:20:00,62.19,415.4,101.69,0.867,1,13.31,13.79
2026-07-08 02:25:00,66.44,414.39,108.92,0.835,1,5.49,15.59
2026-07-08 02:30:00,63.12,415.35,103.22,0.82,1,13.37,16.34
2026-07-08 02:35:00,70.61,412.62,116.24,0.909,1,12.68,12.43
2026-07-08 02:40:00,78.55,415.39,128.45,0.842,1,23.99,16.97
2026-07-08 02:45:00,70.55,412.8,116.09,0.826,1,12.16,15.64
2026-07-08 02:50:00,71.09,415.4,116.25,0.88,1,21.7,14.97
2026-07-08 02:55:00,78.56,418.35,127.56,0.862,1,20.33,11.3
2026-07-08 03:00:00,80.09,415.65,130.88,0.903,1,7.95,15.17
2026-07-08 03:05:00,74.84,415.8,122.26,0.833,1,24.25,16.0
2026-07-08 03:10:00,79.23,417.04,129.04,0.836,1,17.62,15.14
2026-07-08 03:15:00,70.93,411.49,117.08,0.868,1,16.93,11.63
2026-07-08 03:20:00,83.7,419.3,135.6,0.882,1,5.23,14.86
2026-07-08 03:25:00,88.04,412.36,145.02,0.919,1,18.98,18.88
2026-07-08 03:30:00,80.37,417.2,130.86,0.89,1,6.11,15.68
2026-07-08 03:35:00,67.8,416.87,110.48,0.928,1,8.71,13.72
2026-07-08 03:40:00,75.88,412.74,124.87,0.846,1,6.97,13.43
2026-07-08 03:45:00,82.17,417.52,133.67,0.892,1,12.56,16.4
2026-07-08 03:50:00,77.41,416.24,126.32,0.899,1,20.91,10.11
2026-07-08 03:55:00,86.28,419.72,139.63,0.907,1,19.15,16.39
2026-07-08 04:00:00,83.25,415.48,136.1,0.939,1,7.13,14.46
2026-07-08 04:05:00,77.15,414.73,126.36,0.876,1,20.97,15.0
2026-07-08 04:10:00,81.21,413.71,133.33,0.864,1,14.22,12.62
2026-07-08 04:15:00,76.92,410.64,127.24,0.922,1,5.65,14.98
2026-07-08 04:20:00,80.81,414.2,132.52,0.841,1,9.48,19.46
2026-07-08 04:25:00,79.26,414.31,129.95,0.824,1,20.7,15.49
2026-07-08 04:30:00,88.21,415.66,144.15,0.873,1,19.67,16.97
2026-07-08 04:35:00,93.2,411.44,153.87,0.85,1,8.77,23.01
2026-07-08 04:40:00,75.73,414.4,124.14,0.868,1,5.76,11.73
2026-07-08 04:45:00,73.53,416.44,119.93,0.938,1,10.9,14.92
2026-07-08 04:50:00,82.15,416.69,133.92,0.862,1,20.9,19.48
2026-07-08 04:55:00,76.01,410.35,125.82,0.905,1,23.77,13.97
2026-07-08 05:00:00,84.04,416.77,136.97,0.85,1,16.46,17.92
2026-07-08 05:05:00,87.74,414.38,143.83,0.856,1,6.82,16.52
2026-07-08 05:10:00,91.64,414.54,150.16,0.849,1,15.04,14.77
2026-07-08 05:15:00,85.33,409.09,141.69,0.889,1,24.98,16.23
2026-07-08 05:20:00,83.5,418.73,135.45,0.847,1,23.77,16.15
2026-07-08 05:25:00,74.7,415.44,122.14,0.906,1,24.86,13.22
2026-07-08 05:30:00,84.83,411.17,140.14,0.902,1,18.99,12.51
2026-07-08 05:35:00,85.15,415.94,139.05,0.871,1,13.52,15.05
2026-07-08 05:40:00,88.06,415.86,143.84,0.823,1,22.86,13.54
2026-07-08 05:45:00,81.38,418.06,132.23,0.823,1,22.9,17.05
2026-07-08 05:50:00,82.79,414.23,135.76,0.884,1,7.89,16.57
2026-07-08 05:55:00,77.6,415.03,127.01,0.921,1,20.51,12.05
2026-07-08 06:00:00,73.54,413.39,120.84,0.892,1,23.39,14.6
2026-07-08 06:05:00,79.45,416.49,129.57,0.872,1,22.97,12.34
2026-07-08 06:10:00,77.12,413.04,126.82,0.926,1,19.14,14.0
2026-07-08 06:15:00,86.61,412.77,142.52,0.844,1,15.75,14.83
2026-07-08 06:20:00,82.28,414.83,134.72,0.863,1,20.53,16.95
2026-07-08 06:25:00,82.1,411.94,135.38,0.888,1,15.32,11.8
2026-07-08 06:30:00,79.78,419.01,129.33,0.855,1,11.42,17.2
2026-07-08 06:35:00,68.43,419.82,110.72,0.94,1,10.18,15.66
2026-07-08 06:40:00,92.01,413.87,151.01,0.874,1,15.81,17.02
2026-07-08 06:45:00,79.33,411.53,130.93,0.826,1,14.12,11.88
2026-07-08 06:50:00,82.11,415.84,134.12,0.841,1,15.49,10.72
2026-07-08 06:55:00,76.72,413.79,125.94,0.884,1,10.21,16.85
2026-07-08 07:00:00,88.67,417.94,144.11,0.886,1,16.81,21.38
2026-07-08 07:05:00,84.32,413.03,138.67,0.938,1,18.24,16.19
2026-07-08 07:10:00,79.25,416.36,129.29,0.892,1,21.14,12.64
2026-07-08 07:15:00,81.18,415.28,132.78,0.9,1,16.8,12.92
2026-07-08 07:20:00,91.28,413.31,150.01,0.846,1,20.12,20.17
2026-07-08 07:25:00,82.26,415.6,134.44,0.833,1,8.39,15.62
2026-07-08 07:30:00,81.43,417.2,132.58,0.892,1,7.42,12.79
2026-07-08 07:35:00,77.33,415.22,126.5,0.924,1,8.59,19.66
2026-07-08 07:40:00,72.25,415.24,118.18,0.89,1,21.93,16.52
2026-07-08 07:45:00,80.59,412.82,132.6,0.873,1,16.12,16.58
2026-07-08 07:50:00,82.67,417.86,134.39,0.889,1,14.11,14.3
2026-07-08 07:55:00,86.18,417.61,140.18,0.876,1,20.24,19.39
2026-07-08 08:00:00,69.07,413.97,113.33,0.837,1,7.48,14.84
2026-07-08 08:05:00,74.3,414.69,121.7,0.909,1,5.12,13.38
2026-07-08 08:10:00,76.61,418.54,124.34,0.884,1,11.22,16.87
2026-07-08 08:15:00,79.08,412.17,130.33,0.868,1,9.98,17.15
2026-07-08 08:20:00,77.95,416.51,127.11,0.887,1,11.15,15.22
2026-07-08 08:25:00,77.62,413.6,127.47,0.849,1,24.47,12.55
2026-07-08 08:30:00,79.81,419.45,129.24,0.871,1,16.35,12.82
2026-07-08 08:35:00,72.78,415.16,119.08,0.895,1,16.78,10.28
2026-07-08 08:40:00,81.48,418.15,132.36,0.847,1,18.11,18.63
2026-07-08 08:45:00,78.48,413.1,129.05,0.91,1,12.95,11.4
2026-07-08 08:50:00,74.21,411.88,122.38,0.883,1,24.58,14.66
2026-07-08 08:55:00,83.29,414.41,136.51,0.923,1,24.47,12.54
2026-07-08 09:00:00,82.53,415.66,134.87,0.922,1,20.38,19.76
2026-07-08 09:05:00,78.87,413.72,129.49,0.879,1,9.23,11.97
2026-07-08 09:10:00,58.55,416.9,95.4,0.843,1,22.6,12.42
2026-07-08 09:15:00,80.97,414.48,132.7,0.908,1,7.02,11.3
2026-07-08 09:20:00,76.47,409.8,126.75,0.87,1,17.6,16.66
2026-07-08 09:25:00,81.94,416.38,133.67,0.891,1,14.14,17.96
2026-07-08 09:30:00,77.49,412.79,127.52,0.833,1,5.78,14.28
2026-07-08 09:35:00,78.59,414.1,128.91,0.896,1,23.08,15.15
2026-07-08 09:40:00,74.47,418.88,120.76,0.865,1,24.22,16.49
2026-07-08 09:45:00,76.19,419.43,123.38,0.86,1,23.15,13.46
2026-07-08 09:50:00,78.78,413.56,129.39,0.938,1,8.85,17.14
2026-07-08 09:55:00,69.24,416.44,112.94,0.872,1,11.66,13.73
2026-07-08 10:00:00,59.64,413.62,97.94,0.901,1,24.11,8.31
2026-07-08 10:05:00,65.3,414.28,107.06,0.895,1,7.13,16.38
2026-07-08 10:10:00,68.11,413.49,111.89,0.833,1,16.67,13.52
2026-07-08 10:15:00,65.85,410.69,108.92,0.91,1,14.71,11.81
2026-07-08 10:20:00,58.56,415.24,95.79,0.859,1,8.04,11.32
2026-07-08 10:25:00,55.94,415.72,91.4,0.916,1,22.73,9.55
2026-07-08 10:30:00,59.69,413.32,98.09,0.893,1,7.68,10.77
2026-07-08 10:35:00,66.72,417.72,108.5,0.858,1,16.85,14.68
2026-07-08 10:40:00,69.87,413.91,114.67,0.863,1,11.36,14.73
2026-07-08 10:45:00,65.83,413.41,108.17,0.908,1,13.36,13.95
2026-07-08 10:50:00,65.81,416.32,107.38,0.886,1,9.23,10.92
2026-07-08 10:55:00,59.39,411.14,98.12,0.9,1,17.49,9.58
2026-07-08 11:00:00,50.35,417.27,81.96,0.839,1,24.77,11.2
2026-07-08 11:05:00,56.04,413.99,91.95,0.914,1,21.67,12.95
2026-07-08 11:10:00,56.28,417.47,91.57,0.858,1,18.66,9.37
2026-07-08 11:15:00,54.34,418.22,88.26,0.894,1,20.13,10.26
2026-07-08 11:20:00,56.35,416.6,91.88,0.834,1,21.79,12.14
2026-07-08 11:25:00,57.53,412.97,94.63,0.859,1,14.45,10.86
2026-07-08 11:30:00,58.83,411.87,97.03,0.898,1,16.34,14.08
2026-07-08 11:35:00,52.42,411.41,86.55,0.853,1,22.91,7.56
2026-07-08 11:40:00,43.53,417.76,70.78,0.926,1,18.92,5.43
2026-07-08 11:45:00,49.87,414.66,81.7,0.899,1,7.72,11.89
2026-07-08 11:50:00,51.75,413.5,85.0,0.924,1,20.59,11.77
2026-07-08 11:55:00,56.88,414.67,93.17,0.867,1,5.45,10.72
2026-07-08 12:00:00,47.16,417.7,76.69,0.824,1,21.95,8.82
2026-07-08 12:05:00,51.8,416.95,84.39,0.889,1,20.77,11.45
2026-07-08 12:10:00,49.92,416.1,81.5,0.861,1,21.61,10.5
2026-07-08 12:15:00,47.93,416.59,78.15,0.874,1,5.47,9.59
2026-07-08 12:20:00,51.6,415.45,84.37,0.902,1,24.45,10.35
2026-07-08 12:25:00,42.89,415.76,70.07,0.904,1,17.28,9.82
2026-07-08 12:30:00,42.56,415.55,69.56,0.823,1,21.0,10.83
2026-07-08 12:35:00,44.62,415.0,73.03,0.912,1,16.33,10.94
2026-07-08 12:40:00,40.72,416.88,66.35,0.879,1,11.79,8.98
2026-07-08 12:45:00,45.71,415.9,74.66,0.887,1,10.92,8.77
2026-07-08 12:50:00,38.86,412.8,63.94,0.856,1,6.4,8.34
2026-07-08 12:55:00,42.81,416.32,69.85,0.871,1,15.85,11.26
2026-07-08 13:00:00,40.44,415.62,66.09,0.905,1,7.87,7.32
2026-07-08 13:05:00,41.28,416.53,67.32,0.913,1,16.35,7.62
2026-07-08 13:10:00,37.18,414.74,60.89,0.866,1,17.5,8.71
2026-07-08 13:15:00,37.05,417.03,60.35,0.903,1,13.84,9.07
2026-07-08 13:20:00,38.51,414.85,63.05,0.851,1,8.13,7.11
2026-07-08 13:25:00,38.33,416.81,62.46,0.92,1,13.65,8.62
2026-07-08 13:30:00,36.59,413.86,60.05,0.893,1,22.57,5.77
2026-07-08 13:35:00,44.43,414.03,72.89,0.913,1,14.16,8.68
2026-07-08 13:40:00,30.25,416.51,49.34,0.877,1,11.85,9.63
2026-07-08 13:45:00,34.2,414.17,56.09,0.847,1,17.6,8.44
2026-07-08 13:50:00,25.97,420.51,41.95,0.872,0,0.0,4.0
2026-07-08 13:55:00,35.03,416.42,57.13,0.866,1,6.81,5.46
2026-07-08 14:00:00,26.92,415.06,44.06,0.86,0,0.0,4.0
2026-07-08 14:05:00,30.45,417.05,49.6,0.845,1,14.89,9.98
2026-07-08 14:10:00,29.33,413.8,48.15,0.911,0,0.0,4.0
2026-07-08 14:15:00,31.96,417.31,52.02,0.83,1,11.4,4.0
2026-07-08 14:20:00,27.16,417.24,44.22,0.927,0,0.0,4.0
2026-07-08 14:25:00,26.33,418.13,42.77,0.841,0,0.0,4.0
2026-07-08 14:30:00,35.87,413.9,58.87,0.938,1,11.95,5.4
2026-07-08 14:35:00,29.52,411.94,48.67,0.939,0,0.0,4.0
2026-07-08 14:40:00,24.7,413.47,40.57,0.868,0,0.0,4.0
2026-07-08 14:45:00,25.67,414.3,42.08,0.939,0,0.0,4.0
2026-07-08 14:50:00,34.58,419.17,56.04,0.924,1,23.97,5.3
2026-07-08 14:55:00,24.62,420.49,39.77,0.83,0,0.0,4.0
2026-07-08 15:00:00,21.8,415.86,35.62,0.934,0,0.0,4.0
2026-07-08 15:05:00,21.29,415.02,34.85,0.825,0,0.0,4.0
2026-07-08 15:10:00,21.45,414.13,35.18,0.842,0,0.0,4.0
2026-07-08 15:15:00,20.71,417.06,33.73,0.89,0,0.0,4.0
2026-07-08 15:20:00,16.79,420.47,27.12,0.83,0,0.0,4.0
2026-07-08 15:25:00,17.08,419.46,27.66,0.839,0,0.0,4.0
2026-07-08 15:30:00,18.09,417.84,29.4,0.934,0,0.0,4.0
2026-07-08 15:35:00,24.73,417.81,40.21,0.939,0,0.0,4.0
2026-07-08 15:40:00,19.42,417.08,31.63,0.916,0,0.0,4.0
2026-07-08 15:45:00,19.86,414.88,32.52,0.882,0,0.0,4.0
2026-07-08 15:50:00,26.83,413.16,44.11,0.928,0,0.0,4.0
2026-07-08 15:55:00,26.55,414.95,43.47,0.833,0,0.0,4.0
2026-07-08 16:00:00,18.28,416.06,29.84,0.933,0,0.0,4.0
2026-07-08 16:05:00,16.16,411.37,26.68,0.862,0,0.0,4.0
2026-07-08 16:10:00,14.63,414.62,23.97,0.923,0,0.0,4.0
2026-07-08 16:15:00,22.07,412.94,36.31,0.9,0,0.0,4.0
2026-07-08 16:20:00,17.26,417.53,28.07,0.935,0,0.0,4.0
2026-07-08 16:25:00,16.03,413.63,26.33,0.924,0,0.0,4.0
2026-07-08 16:30:00,13.6,415.82,22.21,0.927,0,0.0,4.0
2026-07-08 16:35:00,13.53,413.25,22.24,0.896,0,0.0,4.0
2026-07-08 16:40:00,18.71,418.99,30.33,0.92,0,0.0,4.0
2026-07-08 16:45:00,10.28,410.75,17.0,0.911,0,0.0,4.0
2026-07-08 16:50:00,21.59,416.19,35.24,0.839,0,0.0,4.0
2026-07-08 16:55:00,13.73,411.81,22.65,0.898,0,0.0,4.0
2026-07-08 17:00:00,15.44,413.73,25.36,0.838,0,0.0,4.0
2026-07-08 17:05:00,10.0,415.52,16.35,0.924,0,0.0,4.0
2026-07-08 17:10:00,15.77,415.64,25.77,0.828,0,0.0,4.0
2026-07-08 17:15:00,14.03,415.57,22.93,0.938,0,0.0,4.0
2026-07-08 17:20:00,15.28,415.38,24.99,0.868,0,0.0,4.0
2026-07-08 17:25:00,22.77,413.4,37.41,0.84,0,0.0,4.0
2026-07-08 17:30:00,16.19,414.59,26.52,0.932,0,0.0,4.0
2026-07-08 17:35:00,11.23,415.08,18.39,0.825,0,0.0,4.0
2026-07-08 17:40:00,11.58,415.49,18.93,0.876,0,0.0,4.0
2026-07-08 17:45:00,18.05,414.84,29.56,0.912,0,0.0,4.0
2026-07-08 17:50:00,21.53,416.82,35.08,0.858,0,0.0,4.0
2026-07-08 17:55:00,16.42,415.23,26.86,0.883,0,0.0,4.0
2026-07-08 18:00:00,18.44,415.5,30.15,0.904,0,0.0,4.0
2026-07-08 18:05:00,18.06,414.04,29.62,0.934,0,0.0,4.0
2026-07-08 18:10:00,22.13,412.37,36.45,0.832,0,0.0,4.0
2026-07-08 18:15:00,10.0,415.39,16.35,0.839,0,0.0,4.0
2026-07-08 18:20:00,18.47,418.02,30.01,0.881,0,0.0,4.0
2026-07-08 18:25:00,20.13,416.11,32.85,0.87,0,0.0,4.0
2026-07-08 18:30:00,10.0,412.96,16.45,0.869,0,0.0,4.0
2026-07-08 18:35:00,10.98,417.04,17.88,0.856,0,0.0,4.0
2026-07-08 18:40:00,11.28,414.16,18.5,0.887,0,0.0,4.0
2026-07-08 18:45:00,12.03,416.79,19.6,0.926,0,0.0,4.0
2026-07-08 18:50:00,13.42,414.08,22.02,0.839,0,0.0,4.0
2026-07-08 18:55:00,17.22,415.88,28.12,0.846,0,0.0,4.0
2026-07-08 19:00:00,20.52,413.7,33.69,0.9,0,0.0,6.67
2026-07-08 19:05:00,21.8,413.77,35.8,0.827,0,0.0,4.0
2026-07-08 19:10:00,12.43,411.08,20.54,0.901,0,0.0,4.0
2026-07-08 19:15:00,12.63,416.28,20.62,0.858,0,0.0,4.0
2026-07-08 19:20:00,23.69,415.93,38.69,0.863,0,0.0,4.0
2026-07-08 19:25:00,20.61,416.07,33.65,0.869,0,0.0,4.0
2026-07-08 19:30:00,18.08,415.69,29.54,0.862,0,0.0,4.0
2026-07-08 19:35:00,20.33,413.09,33.43,0.921,0,0.0,4.57
2026-07-08 19:40:00,18.13,417.41,29.5,0.934,0,0.0,4.0
2026-07-08 19:45:00,21.23,417.48,34.55,0.886,0,0.0,4.0
2026-07-08 19:50:00,17.27,413.03,28.41,0.89,0,0.0,4.0
2026-07-08 19:55:00,20.66,416.33,33.71,0.828,0,0.0,4.0
2026-07-08 20:00:00,12.14,417.19,19.76,0.906,0,0.0,4.0
2026-07-08 20:05:00,16.64,413.82,27.31,0.89,0,0.0,4.0
2026-07-08 20:10:00,17.1,414.26,28.03,0.826,0,0.0,5.07
2026-07-08 20:15:00,19.03,416.34,31.04,0.844,0,0.0,4.0
2026-07-08 20:20:00,16.7,411.22,27.58,0.844,0,0.0,4.0
2026-07-08 20:25:00,19.11,412.28,31.48,0.841,0,0.0,4.0
2026-07-08 20:30:00,14.66,412.53,24.14,0.899,0,0.0,4.0
2026-07-08 20:35:00,25.45,410.51,42.11,0.931,0,0.0,4.0
2026-07-08 20:40:00,22.78,417.71,37.04,0.912,0,0.0,4.0
2026-07-08 20:45:00,15.16,410.03,25.11,0.877,0,0.0,4.0
2026-07-08 20:50:00,20.02,415.86,32.7,0.868,0,0.0,4.0
2026-07-08 20:55:00,26.4,417.03,43.0,0.866,0,0.0,4.0
2026-07-08 21:00:00,22.54,414.27,36.95,0.892,0,0.0,4.0
2026-07-08 21:05:00,22.31,413.33,36.67,0.863,0,0.0,4.69
2026-07-08 21:10:00,25.98,415.58,42.47,0.847,0,0.0,4.0
2026-07-08 21:15:00,28.64,415.0,46.88,0.892,0,0.0,4.0
2026-07-08 21:20:00,20.32,417.51,33.06,0.867,0,0.0,4.0
2026-07-08 21:25:00,30.84,408.43,51.3,0.822,1,19.82,4.0
2026-07-08 21:30:00,24.69,412.7,40.64,0.823,0,0.0,4.0
2026-07-08 21:35:00,29.21,416.4,47.66,0.853,0,0.0,4.0
2026-07-08 21:40:00,29.75,415.13,48.68,0.881,0,0.0,4.0
2026-07-08 21:45:00,27.92,416.88,45.49,0.863,0,0.0,4.0
2026-07-08 21:50:00,26.08,415.66,42.61,0.823,0,0.0,4.0
2026-07-08 21:55:00,30.41,414.66,49.82,0.847,1,24.46,4.0
2026-07-08 22:00:00,40.63,414.24,66.62,0.832,1,17.13,6.12
2026-07-08 22:05:00,26.36,420.81,42.54,0.934,0,0.0,4.0
2026-07-08 22:10:00,42.3,418.84,68.6,0.858,1,5.87,8.51
2026-07-08 22:15:00,33.22,416.24,54.21,0.822,1,20.77,7.48
2026-07-08 22:20:00,35.39,415.2,57.89,0.899,1,22.79,13.46
2026-07-08 22:25:00,30.47,416.35,49.71,0.848,1,17.27,4.0
2026-07-08 22:30:00,32.75,417.07,53.34,0.888,1,14.65,9.19
2026-07-08 22:35:00,34.8,416.05,56.82,0.838,1,22.22,9.82
2026-07-08 22:40:00,32.8,413.12,53.93,0.938,1,9.81,4.28
2026-07-08 22:45:00,37.71,419.46,61.06,0.936,1,12.97,6.34
2026-07-08 22:50:00,37.44,415.62,61.19,0.899,1,15.15,11.57
2026-07-08 22:55:00,49.46,420.03,79.98,0.905,1,5.99,7.76
2026-07-08 23:00:00,35.11,415.47,57.4,0.871,1,18.77,5.86
2026-07-08 23:05:00,42.19,414.39,69.16,0.935,1,8.77,8.31
2026-07-08 23:10:00,43.66,418.46,70.88,0.871,1,11.66,9.63
2026-07-08 23:15:00,37.82,415.75,61.79,0.849,1,13.29,9.78
2026-07-08 23:20:00,47.36,415.33,77.45,0.834,1,17.77,11.82
2026-07-08 23:25:00,42.68,412.0,70.37,0.845,1,6.31,9.8
2026-07-08 23:30:00,32.97,416.65,53.75,0.889,1,11.82,4.0
2026-07-08 23:35:00,49.49,413.77,81.24,0.849,1,10.49,9.34
2026-07-08 23:40:00,41.36,413.88,67.89,0.899,1,5.03,9.23
2026-07-08 23:45:00,42.47,413.77,69.72,0.866,1,18.83,10.17
2026-07-08 23:50:00,51.91,416.1,84.74,0.926,1,9.72,8.19
2026-07-08 23:55:00,47.5,411.16,78.47,0.887,1,8.33,6.6
2026-07-09 00:00:00,54.59,414.47,89.46,0.895,1,20.96,8.35
2026-07-09 00:05:00,56.81,417.45,92.45,0.887,1,5.78,11.59
2026-07-09 00:10:00,48.3,411.89,79.66,0.926,1,23.0,12.17
2026-07-09 00:15:00,56.26,415.43,91.98,0.828,1,18.74,11.39
2026-07-09 00:20:00,49.27,413.42,80.96,0.828,1,8.43,6.82
2026-07-09 00:25:00,64.98,413.99,106.61,0.904,1,12.0,12.71
2026-07-09 00:30:00,51.1,419.14,82.82,0.912,1,24.0,8.2
2026-07-09 00:35:00,60.45,410.87,99.94,0.872,1,17.38,10.05
2026-07-09 00:40:00,60.3,416.91,98.24,0.862,1,17.17,10.86
2026-07-09 00:45:00,58.41,413.81,95.88,0.853,1,18.06,9.57
2026-07-09 00:50:00,54.22,413.68,89.03,0.848,1,14.25,7.86
2026-07-09 00:55:00,57.56,412.22,94.85,0.929,1,8.35,14.36
2026-07-09 01:00:00,48.29,416.88,78.68,0.855,1,8.02,4.73
2026-07-09 01:05:00,60.92,414.52,99.82,0.898,1,18.75,10.54
2026-07-09 01:10:00,62.27,414.21,102.12,0.914,1,22.68,11.84
2026-07-09 01:15:00,61.92,415.27,101.28,0.823,1,11.0,14.53
2026-07-09 01:20:00,47.1,414.57,77.18,0.824,1,15.07,9.91
2026-07-09 01:25:00,56.36,410.0,93.37,0.86,1,24.84,10.74
2026-07-09 01:30:00,59.65,413.77,97.93,0.904,1,10.14,9.53
2026-07-09 01:35:00,65.55,417.24,106.72,0.851,1,12.8,15.09
2026-07-09 01:40:00,66.24,411.23,109.41,0.82,1,12.27,10.67
2026-07-09 01:45:00,64.63,412.28,106.48,0.855,1,5.65,12.4
2026-07-09 01:50:00,69.34,413.93,113.78,0.831,1,15.19,12.85
2026-07-09 01:55:00,61.7,413.19,101.44,0.846,1,9.17,12.67
2026-07-09 02:00:00,70.55,414.93,115.49,0.86,1,7.57,16.71
2026-07-09 02:05:00,70.53,412.27,116.21,0.835,1,19.21,15.29
2026-07-09 02:10:00,70.69,414.03,115.98,0.905,1,20.32,13.44
2026-07-09 02:15:00,68.53,414.88,112.21,0.851,1,22.78,17.35
2026-07-09 02:20:00,79.23,416.62,129.17,0.899,1,23.68,19.09
2026-07-09 02:25:00,73.16,418.11,118.86,0.892,1,22.38,16.92
2026-07-09 02:30:00,66.46,414.35,108.96,0.928,1,7.45,12.99
2026-07-09 02:35:00,73.15,419.72,118.38,0.831,1,9.47,11.86
2026-07-09 02:40:00,76.26,414.54,124.96,0.846,1,7.45,8.63
2026-07-09 02:45:00,70.14,417.07,114.23,0.924,1,12.07,13.72
2026-07-09 02:50:00,79.09,419.83,127.97,0.919,1,7.48,16.4
2026-07-09 02:55:00,76.11,415.35,124.47,0.843,1,18.07,11.51
2026-07-09 03:00:00,63.04,411.57,104.04,0.833,1,19.33,13.27
2026-07-09 03:05:00,76.78,415.23,125.6,0.923,1,8.19,13.2
2026-07-09 03:10:00,73.77,413.47,121.2,0.841,1,17.43,15.33
2026-07-09 03:15:00,79.0,414.31,129.52,0.925,1,5.46,13.07
2026-07-09 03:20:00,81.53,419.96,131.87,0.935,1,13.69,13.68
2026-07-09 03:25:00,78.27,411.94,129.06,0.846,1,10.71,14.48
2026-07-09 03:30:00,86.09,415.75,140.66,0.921,1,24.97,14.03
2026-07-09 03:35:00,77.33,412.81,127.25,0.871,1,23.46,17.31
2026-07-09 03:40:00,81.79,414.23,134.13,0.915,1,7.95,15.17
2026-07-09 03:45:00,83.13,416.86,135.45,0.869,1,23.35,13.49
2026-07-09 03:50:00,79.03,415.8,129.11,0.828,1,13.38,13.47
2026-07-09 03:55:00,83.82,414.44,137.37,0.906,1,16.53,17.28
2026-07-09 04:00:00,77.34,413.38,127.08,0.838,1,15.68,14.01
2026-07-09 04:05:00,78.57,415.79,128.36,0.931,1,19.52,16.76
2026-07-09 04:10:00,74.48,419.27,120.67,0.87,1,11.7,11.69
2026-07-09 04:15:00,82.6,412.75,135.93,0.83,1,6.39,14.54
2026-07-09 04:20:00,83.35,419.78,134.87,0.847,1,13.35,15.5
2026-07-09 04:25:00,87.93,418.0,142.89,0.924,1,15.89,21.77
2026-07-09 04:30:00,86.29,418.42,140.08,0.859,1,16.1,14.66
2026-07-09 04:35:00,81.2,415.77,132.65,0.923,1,20.85,17.11
2026-07-09 04:40:00,77.0,417.93,125.14,0.841,1,5.88,15.24
2026-07-09 04:45:00,85.31,412.48,140.48,0.876,1,24.76,20.63
2026-07-09 04:50:00,88.93,413.33,146.15,0.925,1,24.81,20.39
2026-07-09 04:55:00,87.38,416.91,142.36,0.826,1,6.98,15.01
2026-07-09 05:00:00,89.23,415.74,145.79,0.857,1,11.88,14.23
2026-07-09 05:05:00,82.94,414.63,135.87,0.929,1,16.81,12.5
2026-07-09 05:10:00,81.84,408.74,136.0,0.892,1,12.47,15.9
2026-07-09 05:15:00,80.64,413.91,132.34,0.906,1,14.75,17.6
2026-07-09 05:20:00,84.19,412.06,138.78,0.921,1,11.52,18.37
2026-07-09 05:25:00,84.2,416.23,137.41,0.883,1,19.24,15.51
2026-07-09 05:30:00,85.73,414.52,140.49,0.921,1,12.28,16.15
2026-07-09 05:35:00,84.15,413.43,138.25,0.897,1,13.6,19.12
2026-07-09 05:40:00,84.2,421.61,135.65,0.902,1,16.52,14.22
2026-07-09 05:45:00,81.04,417.6,131.82,0.838,1,24.38,10.09
2026-07-09 05:50:00,89.67,417.64,145.85,0.933,1,17.84,19.7
2026-07-09 05:55:00,85.37,420.51,137.91,0.916,1,6.94,13.03
2026-07-09 06:00:00,84.13,417.01,137.03,0.851,1,11.38,15.04
2026-07-09 06:05:00,81.25,413.07,133.61,0.89,1,13.39,16.35
2026-07-09 06:10:00,78.31,412.78,128.86,0.865,1,19.8,14.02
2026-07-09 06:15:00,91.46,417.41,148.84,0.899,1,13.94,19.66
2026-07-09 06:20:00,87.64,409.85,145.25,0.939,1,18.18,22.86
2026-07-09 06:25:00,76.67,414.81,125.55,0.825,1,21.79,13.03
2026-07-09 06:30:00,88.52,409.57,146.8,0.934,1,7.09,16.6
2026-07-09 06:35:00,89.21,415.25,145.92,0.829,1,20.31,17.08
2026-07-09 06:40:00,85.09,417.14,138.56,0.875,1,19.91,17.03
2026-07-09 06:45:00,92.32,415.7,150.85,0.878,1,21.39,16.29
2026-07-09 06:50:00,85.25,417.35,138.76,0.852,1,24.12,15.05
2026-07-09 06:55:00,76.91,419.91,124.42,0.888,1,11.19,12.96
2026-07-09 07:00:00,85.63,414.64,140.28,0.92,1,13.58,15.03
2026-07-09 07:05:00,84.83,422.02,136.53,0.855,1,10.25,14.75
2026-07-09 07:10:00,80.36,415.53,131.37,0.828,1,11.54,9.26
2026-07-09 07:15:00,86.01,417.37,139.98,0.896,1,11.6,16.27
2026-07-09 07:20:00,74.55,413.47,122.47,0.91,1,22.4,13.84
2026-07-09 07:25:00,87.57,419.05,141.95,0.935,1,6.26,14.42
2026-07-09 07:30:00,77.95,417.6,126.78,0.839,1,9.05,14.7
2026-07-09 07:35:00,77.11,418.68,125.1,0.928,1,17.21,14.73
2026-07-09 07:40:00,81.15,415.14,132.78,0.878,1,20.3,14.7
2026-07-09 07:45:00,83.56,411.86,137.8,0.848,1,18.95,16.01
2026-07-09 07:50:00,81.86,416.15,133.62,0.936,1,5.93,13.69
2026-07-09 07:55:00,76.97,410.76,127.29,0.849,1,14.08,11.86
2026-07-09 08:00:00,77.78,414.16,127.57,0.908,1,8.69,18.97
2026-07-09 08:05:00,74.26,415.48,121.4,0.914,1,24.76,13.46
2026-07-09 08:10:00,78.4,420.94,126.5,0.872,1,24.98,15.97
2026-07-09 08:15:00,84.48,415.8,138.0,0.903,1,6.02,21.5
2026-07-09 08:20:00,78.65,415.35,128.62,0.889,1,18.35,14.12
2026-07-09 08:25:00,82.52,414.84,135.12,0.843,1,21.26,16.98
2026-07-09 08:30:00,85.04,411.64,140.33,0.911,1,11.5,21.26
2026-07-09 08:35:00,74.36,415.21,121.64,0.931,1,18.87,10.52
2026-07-09 08:40:00,75.88,415.26,124.12,0.879,1,8.75,17.18
2026-07-09 08:45:00,87.17,412.58,143.51,0.939,1,7.56,16.58
2026-07-09 08:50:00,83.03,412.03,136.87,0.871,1,23.51,14.95
2026-07-09 08:55:00,66.92,413.8,109.85,0.878,1,17.85,13.05
2026-07-09 09:00:00,76.68,415.16,125.47,0.901,1,21.34,14.03
2026-07-09 09:05:00,74.21,413.86,121.79,0.842,1,15.65,17.78
2026-07-09 09:10:00,77.78,412.37,128.11,0.928,1,8.09,14.37
2026-07-09 09:15:00,69.35,415.72,113.32,0.916,1,12.53,14.72
2026-07-09 09:20:00,68.3,416.35,111.43,0.925,1,22.63,12.2
2026-07-09 09:25:00,68.53,415.3,112.08,0.893,1,5.31,13.28
2026-07-09 09:30:00,68.45,413.59,112.41,0.926,1,9.14,11.89
2026-07-09 09:35:00,74.77,416.49,121.95,0.902,1,10.07,10.68
2026-07-09 09:40:00,64.17,414.52,105.15,0.881,1,10.26,15.09
2026-07-09 09:45:00,66.33,412.03,109.35,0.932,1,6.97,13.09
2026-07-09 09:50:00,59.86,417.59,97.37,0.873,1,21.96,13.65
2026-07-09 09:55:00,73.19,415.88,119.54,0.88,1,8.19,11.9
2026-07-09 10:00:00,73.86,414.7,120.97,0.84,1,21.59,17.11
2026-07-09 10:05:00,65.2,411.07,107.74,0.934,1,12.1,13.42
2026-07-09 10:10:00,64.67,413.14,106.33,0.847,1,14.15,12.7
2026-07-09 10:15:00,67.75,420.05,109.55,0.844,1,14.26,15.28
2026-07-09 10:20:00,72.16,411.23,119.2,0.832,1,19.26,13.19
2026-07-09 10:25:00,66.14,414.37,108.42,0.874,1,19.63,15.88
2026-07-09 10:30:00,59.91,414.96,98.06,0.853,1,17.81,10.14
2026-07-09 10:35:00,54.59,415.8,89.18,0.909,1,20.48,10.93
2026-07-09 10:40:00,56.4,411.26,93.15,0.857,1,5.17,8.25
2026-07-09 10:45:00,61.62,415.44,100.75,0.906,1,15.1,9.19
2026-07-09 10:50:00,57.25,410.78,94.66,0.844,1,15.48,10.0
2026-07-09 10:55:00,60.77,415.24,99.41,0.848,1,9.79,11.06
2026-07-09 11:00:00,56.29,413.37,92.5,0.917,1,16.13,12.21
2026-07-09 11:05:00,53.03,412.84,87.25,0.865,1,14.34,8.78
2026-07-09 11:10:00,51.69,417.09,84.18,0.833,1,14.44,11.38
2026-07-09 11:15:00,64.64,414.41,105.95,0.935,1,7.37,11.26
2026-07-09 11:20:00,60.52,416.18,98.78,0.841,1,13.71,10.44
2026-07-09 11:25:00,63.98,416.27,104.4,0.838,1,20.33,13.99
2026-07-09 11:30:00,57.27,418.17,93.02,0.863,1,13.2,9.71
2026-07-09 11:35:00,51.66,411.98,85.18,0.831,1,14.75,14.25
2026-07-09 11:40:00,59.67,417.3,97.12,0.839,1,24.35,12.96
2026-07-09 11:45:00,52.12,415.04,85.31,0.922,1,22.44,7.34
2026-07-09 11:50:00,52.63,414.05,86.34,0.841,1,23.57,10.38
2026-07-09 11:55:00,50.55,412.13,83.31,0.833,1,6.55,7.93
2026-07-09 12:00:00,35.27,416.52,57.51,0.926,1,17.37,4.0
2026-07-09 12:05:00,57.26,412.69,94.24,0.873,1,9.47,13.22
2026-07-09 12:10:00,50.93,416.29,83.1,0.839,1,13.08,12.32
2026-07-09 12:15:00,49.36,419.82,79.86,0.89,1,18.6,8.14
2026-07-09 12:20:00,46.64,417.45,75.89,0.825,1,16.58,10.87
2026-07-09 12:25:00,47.01,418.48,76.3,0.871,1,15.11,11.24
2026-07-09 12:30:00,42.45,413.2,69.77,0.891,1,21.29,8.68
2026-07-09 12:35:00,47.76,416.91,77.81,0.935,1,18.65,11.73
2026-07-09 12:40:00,37.39,412.14,61.62,0.859,1,21.42,8.48
2026-07-09 12:45:00,44.1,414.42,72.29,0.912,1,23.64,11.77
2026-07-09 12:50:00,45.23,419.35,73.27,0.836,1,19.24,6.4
2026-07-09 12:55:00,40.69,413.48,66.84,0.872,1,12.91,8.31
2026-07-09 13:00:00,42.8,417.78,69.58,0.847,1,9.26,8.63
2026-07-09 13:05:00,35.25,417.54,57.34,0.879,1,10.42,4.19
2026-07-09 13:10:00,34.65,417.69,56.34,0.87,1,12.93,4.43
2026-07-09 13:15:00,39.93,411.83,65.86,0.938,1,19.8,4.52
2026-07-09 13:20:00,41.42,416.31,67.58,0.93,1,5.8,7.85
2026-07-09 13:25:00,27.94,414.61,45.77,0.89,0,0.0,4.0
2026-07-09 13:30:00,39.22,417.72,63.77,0.841,1,20.16,5.09
2026-07-09 13:35:00,33.19,410.86,54.87,0.887,1,14.99,9.54
2026-07-09 13:40:00,34.24,415.92,55.93,0.915,1,12.99,7.74
2026-07-09 13:45:00,27.82,415.57,45.48,0.825,0,0.0,4.0
2026-07-09 13:50:00,29.58,410.02,49.0,0.872,0,0.0,4.0
2026-07-09 13:55:00,38.0,412.79,62.52,0.825,1,7.19,6.65
2026-07-09 14:00:00,32.66,410.42,54.06,0.849,1,21.38,4.0
2026-07-09 14:05:00,29.93,413.18,49.2,0.831,0,0.0,4.0
2026-07-09 14:10:00,30.61,416.37,49.94,0.935,1,9.94,9.8
2026-07-09 14:15:00,33.0,415.49,53.95,0.84,1,5.36,9.47
2026-07-09 14:20:00,32.13,415.42,52.53,0.838,1,15.48,6.8
2026-07-09 14:25:00,28.93,412.4,47.65,0.937,0,0.0,4.0
2026-07-09 14:30:00,34.16,417.8,55.53,0.882,1,20.33,8.47
2026-07-09 14:35:00,32.94,414.95,53.93,0.911,1,9.29,7.01
2026-07-09 14:40:00,29.57,415.08,48.39,0.859,0,0.0,4.0
2026-07-09 14:45:00,27.2,417.35,44.26,0.884,0,0.0,4.3
2026-07-09 14:50:00,29.64,412.52,48.81,0.821,0,0.0,4.0
2026-07-09 14:55:00,27.37,415.57,44.73,0.869,0,0.0,4.0
2026-07-09 15:00:00,30.56,416.06,49.88,0.887,1,7.49,6.21
2026-07-09 15:05:00,29.22,413.64,47.98,0.882,0,0.0,4.0
2026-07-09 15:10:00,19.1,416.63,31.15,0.869,0,0.0,4.0
2026-07-09 15:15:00,18.26,416.19,29.79,0.915,0,0.0,4.0
2026-07-09 15:20:00,19.68,414.75,32.23,0.88,0,0.0,4.0
2026-07-09 15:25:00,27.58,414.67,45.19,0.896,0,0.0,4.0
2026-07-09 15:30:00,14.35,416.31,23.42,0.842,0,0.0,4.0
2026-07-09 15:35:00,23.75,416.97,38.69,0.923,0,0.0,4.0
2026-07-09 15:40:00,23.14,415.16,37.86,0.864,0,0.0,4.0
2026-07-09 15:45:00,26.71,417.8,43.43,0.878,0,0.0,4.0
2026-07-09 15:50:00,21.38,416.65,34.86,0.862,0,0.0,4.0
2026-07-09 15:55:00,13.36,410.53,22.11,0.927,0,0.0,4.0
2026-07-09 16:00:00,14.89,411.49,24.58,0.928,0,0.0,4.0
2026-07-09 16:05:00,13.4,417.96,21.78,0.847,0,0.0,4.0
2026-07-09 16:10:00,16.26,414.38,26.66,0.91,0,0.0,4.0
2026-07-09 16:15:00,17.69,415.41,28.93,0.832,0,0.0,4.0
2026-07-09 16:20:00,12.45,417.85,20.24,0.824,0,0.0,4.0
2026-07-09 16:25:00,25.32,414.98,41.44,0.92,0,0.0,4.0
2026-07-09 16:30:00,11.04,415.09,18.06,0.836,0,0.0,4.0
2026-07-09 16:35:00,24.11,412.83,39.67,0.839,0,0.0,4.0
2026-07-09 16:40:00,23.04,415.92,37.62,0.893,0,0.0,4.0
2026-07-09 16:45:00,21.35,416.47,34.82,0.918,0,0.0,4.0
2026-07-09 16:50:00,13.15,413.56,21.6,0.843,0,0.0,4.0
2026-07-09 16:55:00,18.11,412.69,29.81,0.834,0,0.0,4.0
2026-07-09 17:00:00,10.0,421.57,16.11,0.829,0,0.0,4.0
2026-07-09 17:05:00,20.56,414.77,33.67,0.823,0,0.0,4.0
2026-07-09 17:10:00,15.46,413.29,25.41,0.834,0,0.0,4.0
2026-07-09 17:15:00,13.63,416.77,22.21,0.933,0,0.0,4.0
2026-07-09 17:20:00,10.0,414.87,16.37,0.831,0,0.0,4.0
2026-07-09 17:25:00,10.0,412.29,16.48,0.892,0,0.0,4.0
2026-07-09 17:30:00,10.11,416.21,16.49,0.931,0,0.0,4.0
2026-07-09 17:35:00,20.77,412.87,34.17,0.895,0,0.0,4.0
2026-07-09 17:40:00,13.12,418.94,21.27,0.824,0,0.0,4.0
2026-07-09 17:45:00,14.23,416.24,23.22,0.892,0,0.0,4.0
2026-07-09 17:50:00,18.31,414.31,30.02,0.928,0,0.0,4.0
2026-07-09 17:55:00,24.04,415.27,39.32,0.859,0,0.0,4.46
2026-07-09 18:00:00,21.63,417.26,35.2,0.858,0,0.0,4.0
2026-07-09 18:05:00,10.15,415.46,16.59,0.85,0,0.0,4.0
2026-07-09 18:10:00,10.0,420.31,16.16,0.881,0,0.0,4.0
2026-07-09 18:15:00,26.87,417.84,43.69,0.849,0,0.0,4.0
2026-07-09 18:20:00,26.48,416.22,43.21,0.907,0,0.0,4.0
2026-07-09 18:25:00,16.15,412.66,26.58,0.897,0,0.0,4.0
2026-07-09 18:30:00,10.0,414.63,16.38,0.868,0,0.0,4.0
2026-07-09 18:35:00,20.22,416.2,33.01,0.907,0,0.0,4.0
2026-07-09 18:40:00,14.99,412.94,24.66,0.832,0,0.0,4.0
2026-07-09 18:45:00,15.11,418.23,24.54,0.91,0,0.0,4.0
2026-07-09 18:50:00,20.3,412.56,33.43,0.892,0,0.0,4.0
2026-07-09 18:55:00,17.67,413.41,29.04,0.896,0,0.0,4.0
2026-07-09 19:00:00,10.26,413.59,16.86,0.828,0,0.0,4.0
2026-07-09 19:05:00,14.77,416.86,24.07,0.894,0,0.0,4.0
2026-07-09 19:10:00,19.93,412.99,32.77,0.879,0,0.0,4.0
2026-07-09 19:15:00,19.41,410.5,32.12,0.878,0,0.0,4.0
2026-07-09 19:20:00,18.42,417.72,29.95,0.859,0,0.0,4.0
2026-07-09 19:25:00,22.05,413.89,36.18,0.821,0,0.0,4.0
2026-07-09 19:30:00,15.86,412.33,26.12,0.871,0,0.0,4.0
2026-07-09 19:35:00,18.86,413.11,31.01,0.868,0,0.0,4.0
2026-07-09 19:40:00,10.0,419.29,16.2,0.871,0,0.0,4.0
2026-07-09 19:45:00,16.36,413.36,26.89,0.893,0,0.0,4.0
2026-07-09 19:50:00,22.77,414.69,37.3,0.856,0,0.0,4.0
2026-07-09 19:55:00,17.36,413.88,28.5,0.852,0,0.0,4.0
2026-07-09 20:00:00,17.36,411.92,28.62,0.88,0,0.0,4.0
2026-07-09 20:05:00,14.87,413.14,24.45,0.891,0,0.0,4.0
2026-07-09 20:10:00,25.5,411.75,42.06,0.888,0,0.0,4.0
2026-07-09 20:15:00,23.64,417.39,38.47,0.926,0,0.0,4.0
2026-07-09 20:20:00,25.46,415.25,41.64,0.912,0,0.0,4.0
2026-07-09 20:25:00,13.14,421.21,21.2,0.826,0,0.0,4.0
2026-07-09 20:30:00,21.43,413.23,35.23,0.888,0,0.0,4.0
2026-07-09 20:35:00,21.3,412.85,35.05,0.87,0,0.0,4.0
2026-07-09 20:40:00,21.79,418.83,35.33,0.863,0,0.0,4.0
2026-07-09 20:45:00,20.61,417.64,33.51,0.935,0,0.0,4.0
2026-07-09 20:50:00,22.46,415.96,36.68,0.875,0,0.0,4.0
2026-07-09 20:55:00,28.97,412.22,47.73,0.906,0,0.0,4.0
2026-07-09 21:00:00,15.69,419.36,25.41,0.936,0,0.0,4.0
2026-07-09 21:05:00,34.68,414.82,56.79,0.838,1,18.31,6.01
2026-07-09 21:10:00,28.77,413.92,47.22,0.827,0,0.0,4.0
2026-07-09 21:15:00,26.71,417.86,43.42,0.858,0,0.0,4.0
2026-07-09 21:20:00,32.04,414.94,52.44,0.825,1,18.74,6.27
2026-07-09 21:25:00,20.83,412.09,34.34,0.834,0,0.0,4.0
2026-07-09 21:30:00,25.37,415.1,41.51,0.939,0,0.0,4.0
2026-07-09 21:35:00,28.7,413.05,47.2,0.935,0,0.0,4.0
2026-07-09 21:40:00,36.75,407.48,61.27,0.903,1,18.55,4.0
2026-07-09 21:45:00,30.32,412.8,49.9,0.91,1,19.49,4.56
2026-07-09 21:50:00,33.44,413.68,54.92,0.837,1,12.85,4.4
2026-07-09 21:55:00,28.9,412.11,47.63,0.891,0,0.0,4.0
2026-07-09 22:00:00,34.93,416.44,56.98,0.839,1,12.12,7.43
2026-07-09 22:05:00,41.55,413.06,68.33,0.865,1,6.69,7.35
2026-07-09 22:10:00,38.82,416.2,63.35,0.861,1,11.07,7.07
2026-07-09 22:15:00,34.11,411.92,56.25,0.894,1,6.99,4.0
2026-07-09 22:20:00,38.59,417.27,62.81,0.83,1,11.79,10.67
2026-07-09 22:25:00,38.79,411.81,63.98,0.832,1,7.56,6.55
2026-07-09 22:30:00,39.14,409.15,64.98,0.893,1,13.79,9.1
2026-07-09 22:35:00,42.87,418.09,69.66,0.896,1,20.56,7.23
2026-07-09 22:40:00,43.55,412.86,71.65,0.861,1,6.35,8.02
2026-07-09 22:45:00,38.11,419.39,61.73,0.838,1,16.26,5.55
2026-07-09 22:50:00,42.68,416.41,69.63,0.926,1,5.88,7.4
2026-07-09 22:55:00,38.29,416.98,62.38,0.826,1,22.69,10.43
2026-07-09 23:00:00,36.33,417.61,59.08,0.906,1,23.43,7.95
2026-07-09 23:05:00,40.33,415.28,65.97,0.837,1,14.85,8.87
2026-07-09 23:10:00,42.04,415.31,68.76,0.896,1,20.38,8.73
2026-07-09 23:15:00,34.86,418.2,56.63,0.9,1,16.86,10.89
2026-07-09 23:20:00,48.22,415.28,78.88,0.917,1,11.81,7.38
2026-07-09 23:25:00,30.84,413.18,50.7,0.867,1,9.9,5.73
2026-07-09 23:30:00,59.01,416.46,96.24,0.823,1,20.17,12.06
2026-07-09 23:35:00,53.7,409.72,89.03,0.917,1,13.6,8.05
2026-07-09 23:40:00,45.64,418.3,74.12,0.873,1,23.4,9.68
2026-07-09 23:45:00,47.76,418.35,77.54,0.922,1,24.51,9.89
2026-07-09 23:50:00,49.99,418.0,81.23,0.913,1,9.21,9.72
2026-07-09 23:55:00,46.29,417.9,75.24,0.88,1,16.22,9.42
2026-07-10 00:00:00,50.96,414.79,83.46,0.94,1,15.74,8.41
2026-07-10 00:05:00,50.04,414.73,81.96,0.875,1,22.36,6.37
2026-07-10 00:10:00,51.06,411.93,84.19,0.904,1,18.82,10.55
2026-07-10 00:15:00,53.2,419.37,86.16,0.9,1,17.15,8.37
2026-07-10 00:20:00,46.48,413.79,76.3,0.882,1,18.58,9.08
2026-07-10 00:25:00,54.01,415.85,88.22,0.89,1,12.79,8.63
2026-07-10 00:30:00,55.39,415.64,90.51,0.916,1,24.21,7.76
2026-07-10 00:35:00,55.97,411.65,92.35,0.889,1,6.15,11.22
2026-07-10 00:40:00,55.0,410.64,90.98,0.874,1,5.58,11.8
2026-07-10 00:45:00,62.52,415.01,102.32,0.899,1,13.31,14.47
2026-07-10 00:50:00,55.81,413.87,91.59,0.824,1,8.09,9.42
2026-07-10 00:55:00,59.46,414.78,97.37,0.833,1,15.9,11.59
2026-07-10 01:00:00,65.55,417.66,106.6,0.835,1,5.18,12.84
2026-07-10 01:05:00,59.4,415.56,97.09,0.871,1,14.19,13.76
2026-07-10 01:10:00,61.6,416.9,100.36,0.925,1,10.9,7.59
2026-07-10 01:15:00,60.77,416.11,99.2,0.897,1,9.05,8.0
2026-07-10 01:20:00,68.16,414.21,111.77,0.937,1,13.89,16.17
2026-07-10 01:25:00,61.4,412.5,101.1,0.825,1,22.09,8.26
2026-07-10 01:30:00,69.81,415.66,114.08,0.907,1,18.11,15.59
2026-07-10 01:35:00,63.58,415.21,104.01,0.858,1,8.2,14.93
2026-07-10 01:40:00,60.49,417.29,98.47,0.823,1,14.98,13.49
2026-07-10 01:45:00,68.88,414.62,112.84,0.919,1,23.63,11.26
2026-07-10 01:50:00,64.64,414.26,105.99,0.84,1,13.78,10.26
2026-07-10 01:55:00,69.94,414.43,114.63,0.846,1,14.41,13.18
2026-07-10 02:00:00,53.85,412.7,88.63,0.861,1,23.83,14.93
2026-07-10 02:05:00,68.18,418.62,110.64,0.915,1,7.72,16.69
2026-07-10 02:10:00,66.51,417.85,108.11,0.895,1,19.7,13.65
2026-07-10 02:15:00,64.13,411.97,105.74,0.852,1,10.98,8.41
2026-07-10 02:20:00,67.31,417.01,109.64,0.84,1,22.32,13.61
2026-07-10 02:25:00,67.83,410.39,112.26,0.833,1,6.09,12.03
2026-07-10 02:30:00,71.07,417.46,115.63,0.838,1,24.81,14.08
2026-07-10 02:35:00,65.07,413.26,106.95,0.924,1,20.37,8.9
2026-07-10 02:40:00,74.08,415.9,120.99,0.931,1,10.69,14.43
2026-07-10 02:45:00,79.91,410.18,132.33,0.936,1,20.22,11.92
2026-07-10 02:50:00,75.05,412.0,123.73,0.92,1,23.46,8.84
2026-07-10 02:55:00,78.25,416.17,127.71,0.926,1,7.26,14.97
2026-07-10 03:00:00,80.22,413.25,131.86,0.918,1,23.27,20.04
2026-07-10 03:05:00,81.47,412.9,134.02,0.935,1,12.2,13.34
2026-07-10 03:10:00,85.16,418.49,138.22,0.921,1,5.13,14.49
2026-07-10 03:15:00,73.82,420.53,119.23,0.875,1,7.25,15.72
2026-07-10 03:20:00,73.22,417.34,119.17,0.859,1,22.7,17.0
2026-07-10 03:25:00,81.21,412.27,133.81,0.89,1,24.65,16.09
2026-07-10 03:30:00,81.31,419.41,131.68,0.893,1,22.91,14.14
2026-07-10 03:35:00,82.1,411.1,135.66,0.889,1,13.83,18.53
2026-07-10 03:40:00,88.12,414.24,144.49,0.905,1,24.23,14.23
2026-07-10 03:45:00,79.16,415.14,129.52,0.904,1,13.14,13.7
2026-07-10 03:50:00,81.65,419.81,132.11,0.83,1,7.27,16.42
2026-07-10 03:55:00,75.02,417.28,122.12,0.854,1,11.82,10.47
2026-07-10 04:00:00,90.99,413.84,149.34,0.927,1,24.97,18.52
2026-07-10 04:05:00,79.0,412.64,130.05,0.891,1,17.52,17.73
2026-07-10 04:10:00,79.5,417.51,129.35,0.859,1,11.8,18.77
2026-07-10 04:15:00,79.66,413.67,130.8,0.922,1,17.48,14.31
2026-07-10 04:20:00,78.5,415.54,128.31,0.85,1,13.58,13.79
2026-07-10 04:25:00,78.39,411.58,129.37,0.869,1,5.99,16.06
2026-07-10 04:30:00,79.72,416.42,130.03,0.853,1,9.02,13.37
2026-07-10 04:35:00,75.79,416.22,123.69,0.925,1,5.38,13.2
2026-07-10 04:40:00,78.96,411.9,130.22,0.907,1,10.1,15.46
2026-07-10 04:45:00,92.89,417.58,151.1,0.875,1,19.79,18.57
2026-07-10 04:50:00,87.06,416.39,142.02,0.932,1,8.87,11.71
2026-07-10 04:55:00,88.23,416.85,143.77,0.931,1,15.56,13.97
2026-07-10 05:00:00,89.69,414.05,147.14,0.905,1,19.03,12.86
2026-07-10 05:05:00,93.17,415.45,152.33,0.927,1,15.97,13.72
2026-07-10 05:10:00,75.31,415.16,123.22,0.906,1,5.31,11.24
2026-07-10 05:15:00,78.18,414.63,128.07,0.895,1,12.27,14.17
2026-07-10 05:20:00,80.45,415.43,131.54,0.87,1,13.83,14.88
2026-07-10 05:25:00,82.24,418.14,133.6,0.853,1,11.86,10.43
2026-07-10 05:30:00,83.2,417.69,135.3,0.827,1,15.93,13.62
2026-07-10 05:35:00,82.56,412.05,136.1,0.916,1,15.26,12.12
2026-07-10 05:40:00,85.96,417.46,139.87,0.835,1,8.75,15.45
2026-07-10 05:45:00,85.1,417.98,138.3,0.869,1,20.04,14.8
2026-07-10 05:50:00,81.35,414.62,133.28,0.848,1,8.22,17.96
2026-07-10 05:55:00,74.11,416.27,120.94,0.875,1,14.18,13.73
2026-07-10 06:00:00,80.04,416.24,130.61,0.858,1,20.13,14.01
2026-07-10 06:05:00,82.25,412.88,135.31,0.92,1,18.95,15.15
2026-07-10 06:10:00,83.73,414.05,137.36,0.937,1,13.64,14.27
2026-07-10 06:15:00,79.28,416.88,129.17,0.933,1,20.78,18.41
2026-07-10 06:20:00,82.41,413.76,135.29,0.895,1,19.28,15.02
2026-07-10 06:25:00,79.14,417.44,128.77,0.938,1,12.69,15.93
2026-07-10 06:30:00,84.07,418.26,136.53,0.868,1,22.91,18.1
2026-07-10 06:35:00,79.23,417.86,128.79,0.883,1,7.84,13.13
2026-07-10 06:40:00,80.22,419.95,129.76,0.851,1,12.17,10.88
2026-07-10 06:45:00,77.78,414.77,127.38,0.928,1,18.96,13.84
2026-07-10 06:50:00,83.4,415.44,136.36,0.842,1,22.46,17.61
2026-07-10 06:55:00,79.66,415.8,130.14,0.893,1,11.45,11.0
2026-07-10 07:00:00,88.34,414.85,144.65,0.916,1,16.22,17.3
2026-07-10 07:05:00,85.63,416.36,139.7,0.891,1,5.24,17.62
2026-07-10 07:10:00,83.03,410.72,137.32,0.829,1,12.42,18.78
2026-07-10 07:15:00,79.16,415.51,129.4,0.893,1,11.62,16.39
2026-07-10 07:20:00,84.79,411.56,139.95,0.912,1,21.85,17.03
2026-07-10 07:25:00,86.07,412.59,141.7,0.843,1,6.48,16.25
2026-07-10 07:30:00,83.05,416.83,135.33,0.908,1,6.24,12.47
2026-07-10 07:35:00,90.05,414.5,147.57,0.925,1,13.85,14.72
2026-07-10 07:40:00,84.02,416.74,136.94,0.938,1,13.15,11.78
2026-07-10 07:45:00,85.96,414.45,140.88,0.869,1,8.23,16.05
2026-07-10 07:50:00,81.71,417.77,132.86,0.823,1,10.27,16.24
2026-07-10 07:55:00,84.06,414.4,137.79,0.87,1,24.48,16.63
2026-07-10 08:00:00,76.33,410.11,126.42,0.899,1,15.26,15.16
2026-07-10 08:05:00,77.63,415.56,126.89,0.927,1,6.76,16.07
2026-07-10 08:10:00,81.27,409.58,134.77,0.933,1,5.99,11.86
2026-07-10 08:15:00,80.81,411.37,133.44,0.929,1,5.84,14.98
2026-07-10 08:20:00,81.21,412.79,133.63,0.899,1,12.78,15.83
2026-07-10 08:25:00,83.73,412.48,137.88,0.902,1,22.31,15.1
2026-07-10 08:30:00,70.64,413.64,116.01,0.82,1,21.66,8.89
2026-07-10 08:35:00,72.42,412.39,119.29,0.864,1,12.36,11.29
2026-07-10 08:40:00,77.96,411.49,128.69,0.929,1,20.49,13.88
2026-07-10 08:45:00,72.69,418.85,117.89,0.903,1,20.04,14.43
2026-07-10 08:50:00,92.69,413.3,152.34,0.876,1,14.66,17.5
2026-07-10 08:55:00,77.86,409.42,129.18,0.833,1,13.09,19.11
2026-07-10 09:00:00,74.36,414.1,121.97,0.85,1,8.61,15.99
2026-07-10 09:05:00,71.63,412.19,118.03,0.887,1,10.58,13.37
2026-07-10 09:10:00,71.24,412.79,117.24,0.928,1,11.77,13.69
2026-07-10 09:15:00,73.23,416.78,119.35,0.831,1,21.25,17.18
2026-07-10 09:20:00,73.06,413.88,119.9,0.838,1,16.06,16.98
2026-07-10 09:25:00,69.62,412.12,114.75,0.899,1,9.02,13.75
2026-07-10 09:30:00,69.94,416.12,114.17,0.855,1,6.92,16.94
2026-07-10 09:35:00,77.42,417.87,125.84,0.84,1,14.93,12.61
2026-07-10 09:40:00,77.0,416.34,125.62,0.841,1,18.33,14.71
2026-07-10 09:45:00,70.71,408.87,117.46,0.879,1,21.38,21.11
2026-07-10 09:50:00,62.1,412.21,102.33,0.89,1,20.95,13.87
2026-07-10 09:55:00,70.85,415.12,115.93,0.929,1,21.48,13.5
2026-07-10 10:00:00,75.27,414.39,123.38,0.884,1,13.96,14.49
2026-07-10 10:05:00,73.68,414.18,120.84,0.903,1,22.31,14.79
2026-07-10 10:10:00,69.83,412.54,114.98,0.842,1,13.89,17.12
2026-07-10 10:15:00,72.59,411.49,119.83,0.906,1,8.36,15.34
2026-07-10 10:20:00,65.06,420.02,105.21,0.898,1,12.95,12.18
2026-07-10 10:25:00,67.24,415.07,110.03,0.846,1,11.8,8.82
2026-07-10 10:30:00,59.99,416.61,97.81,0.9,1,12.84,9.76
2026-07-10 10:35:00,64.15,415.02,104.99,0.845,1,18.17,12.59
2026-07-10 10:40:00,68.62,415.12,112.28,0.891,1,18.14,12.96
2026-07-10 10:45:00,58.3,414.84,95.46,0.9,1,9.5,13.5
2026-07-10 10:50:00,56.22,412.2,92.64,0.903,1,11.32,10.15
2026-07-10 10:55:00,60.28,411.21,99.57,0.929,1,16.91,13.63
2026-07-10 11:00:00,57.93,415.97,94.59,0.934,1,6.68,7.36
2026-07-10 11:05:00,61.56,415.47,100.65,0.917,1,18.77,10.81
2026-07-10 11:10:00,55.31,417.35,90.02,0.925,1,8.58,11.99
2026-07-10 11:15:00,65.42,416.84,106.61,0.822,1,22.01,17.65
2026-07-10 11:20:00,49.63,412.98,81.63,0.864,1,13.03,9.26
2026-07-10 11:25:00,61.59,417.83,100.13,0.825,1,9.42,13.47
2026-07-10 11:30:00,50.74,416.91,82.68,0.847,1,18.36,13.14
2026-07-10 11:35:00,44.83,416.73,73.07,0.866,1,16.08,11.08
2026-07-10 11:40:00,54.24,420.62,87.59,0.924,1,8.44,11.91
2026-07-10 11:45:00,51.02,420.11,82.49,0.881,1,21.54,9.44
2026-07-10 11:50:00,45.98,416.72,74.94,0.898,1,14.07,12.49
2026-07-10 11:55:00,42.36,416.41,69.09,0.864,1,8.04,4.98
2026-07-10 12:00:00,49.96,417.7,81.24,0.892,1,20.92,7.11
2026-07-10 12:05:00,54.12,413.54,88.89,0.918,1,7.67,14.44
2026-07-10 12:10:00,51.4,413.58,84.42,0.856,1,24.36,11.31
2026-07-10 12:15:00,47.99,416.68,78.24,0.932,1,13.84,6.47
2026-07-10 12:20:00,49.34,412.86,81.18,0.846,1,19.56,6.55
2026-07-10 12:25:00,46.05,416.48,75.11,0.93,1,14.04,5.58
2026-07-10 12:30:00,38.28,415.39,62.6,0.823,1,8.75,12.03
2026-07-10 12:35:00,37.57,412.86,61.81,0.885,1,20.16,7.58
2026-07-10 12:40:00,42.91,415.06,70.22,0.938,1,10.79,7.07
2026-07-10 12:45:00,42.37,418.26,68.81,0.893,1,18.65,12.32
2026-07-10 12:50:00,46.68,415.21,76.37,0.887,1,10.15,9.49
2026-07-10 12:55:00,45.47,415.22,74.38,0.902,1,9.82,7.92
2026-07-10 13:00:00,43.97,415.82,71.82,0.855,1,14.15,11.07
2026-07-10 13:05:00,38.8,416.15,63.34,0.826,1,21.32,9.43
2026-07-10 13:10:00,32.57,414.17,53.42,0.85,1,17.27,8.11
2026-07-10 13:15:00,40.81,415.88,66.66,0.841,1,6.29,7.04
2026-07-10 13:20:00,40.66,412.38,66.97,0.931,1,19.68,6.23
2026-07-10 13:25:00,25.37,413.0,41.73,0.922,0,0.0,4.0
2026-07-10 13:30:00,32.43,413.32,53.3,0.858,1,17.47,6.95
2026-07-10 13:35:00,32.45,416.17,52.96,0.92,1,12.07,6.46
2026-07-10 13:40:00,35.8,415.4,58.54,0.845,1,16.12,8.37
2026-07-10 13:45:00,30.5,414.66,49.97,0.844,1,12.44,5.13
2026-07-10 13:50:00,33.65,416.73,54.85,0.912,1,6.63,9.35
2026-07-10 13:55:00,32.11,415.95,52.44,0.859,1,21.89,4.0
2026-07-10 14:00:00,31.7,414.28,51.98,0.828,1,18.56,7.6
2026-07-10 14:05:00,28.26,412.41,46.55,0.906,0,0.0,4.0
2026-07-10 14:10:00,28.0,412.95,46.06,0.939,0,0.0,4.0
2026-07-10 14:15:00,25.15,411.33,41.54,0.888,0,0.0,4.0
2026-07-10 14:20:00,31.83,415.35,52.05,0.852,1,9.64,5.36
2026-07-10 14:25:00,32.16,412.84,52.91,0.865,1,18.75,4.25
2026-07-10 14:30:00,24.84,413.76,40.78,0.898,0,0.0,4.0
2026-07-10 14:35:00,35.7,414.68,58.47,0.904,1,8.15,9.06
2026-07-10 14:40:00,25.93,417.61,42.18,0.926,0,0.0,4.0
2026-07-10 14:45:00,34.57,417.32,56.27,0.929,1,7.09,8.08
2026-07-10 14:50:00,23.14,414.86,37.89,0.923,0,0.0,4.0
2026-07-10 14:55:00,15.66,418.16,25.44,0.898,0,0.0,4.0
2026-07-10 15:00:00,27.26,409.97,45.17,0.874,0,0.0,4.0
2026-07-10 15:05:00,25.96,419.69,42.02,0.902,0,0.0,4.0
2026-07-10 15:10:00,24.37,416.73,39.72,0.9,0,0.0,4.0
2026-07-10 15:15:00,20.47,415.26,33.49,0.846,0,0.0,4.0
2026-07-10 15:20:00,23.02,412.77,37.87,0.881,0,0.0,4.0
2026-07-10 15:25:00,20.15,413.9,33.06,0.845,0,0.0,4.0
2026-07-10 15:30:00,20.72,416.52,33.79,0.928,0,0.0,4.0
2026-07-10 15:35:00,25.98,416.58,42.37,0.859,0,0.0,4.0
2026-07-10 15:40:00,22.25,416.67,36.27,0.917,0,0.0,4.0
2026-07-10 15:45:00,23.95,413.18,39.37,0.865,0,0.0,4.0
2026-07-10 15:50:00,19.32,412.68,31.8,0.912,0,0.0,4.0
2026-07-10 15:55:00,18.37,415.49,30.03,0.847,0,0.0,4.0
2026-07-10 16:00:00,13.92,416.92,22.68,0.912,0,0.0,4.0
2026-07-10 16:05:00,17.46,415.01,28.58,0.842,0,0.0,4.0
2026-07-10 16:10:00,10.0,418.7,16.22,0.879,0,0.0,4.0
2026-07-10 16:15:00,15.66,415.08,25.62,0.834,0,0.0,4.0
2026-07-10 16:20:00,17.87,415.0,29.25,0.883,0,0.0,4.0
2026-07-10 16:25:00,20.78,416.68,33.88,0.918,0,0.0,4.0
2026-07-10 16:30:00,16.32,418.05,26.52,0.911,0,0.0,4.0
2026-07-10 16:35:00,19.12,411.63,31.55,0.826,0,0.0,4.0
2026-07-10 16:40:00,10.0,412.2,16.48,0.879,0,0.0,4.87
2026-07-10 16:45:00,16.57,414.22,27.18,0.922,0,0.0,4.0
2026-07-10 16:50:00,10.0,422.9,16.06,0.898,0,0.0,4.0
2026-07-10 16:55:00,10.36,414.35,16.98,0.827,0,0.0,4.0
2026-07-10 17:00:00,15.26,414.7,24.99,0.859,0,0.0,4.0
2026-07-10 17:05:00,22.38,416.55,36.5,0.887,0,0.0,4.0
2026-07-10 17:10:00,17.69,417.44,28.78,0.841,0,0.0,4.0
2026-07-10 17:15:00,15.76,415.42,25.77,0.902,0,0.0,4.0
2026-07-10 17:20:00,15.43,417.91,25.09,0.896,0,0.0,4.0
2026-07-10 17:25:00,11.84,412.02,19.52,0.844,0,0.0,4.0
2026-07-10 17:30:00,12.58,413.08,20.69,0.886,0,0.0,4.0
2026-07-10 17:35:00,17.34,417.91,28.19,0.917,0,0.0,4.0
2026-07-10 17:40:00,10.0,415.03,16.37,0.865,0,0.0,4.0
2026-07-10 17:45:00,18.04,411.84,29.75,0.85,0,0.0,4.0
2026-07-10 17:50:00,13.09,411.69,21.6,0.904,0,0.0,4.0
2026-07-10 17:55:00,19.14,412.97,31.47,0.828,0,0.0,4.0
2026-07-10 18:00:00,19.81,415.01,32.42,0.92,0,0.0,4.0
2026-07-10 18:05:00,10.0,416.17,16.32,0.933,0,0.0,4.0
2026-07-10 18:10:00,12.13,414.18,19.89,0.936,0,0.0,4.0
2026-07-10 18:15:00,10.8,415.96,17.63,0.872,0,0.0,4.0
2026-07-10 18:20:00,10.0,413.91,16.41,0.895,0,0.0,4.0
2026-07-10 18:25:00,10.05,418.06,16.32,0.923,0,0.0,4.0
2026-07-10 18:30:00,27.51,421.38,44.34,0.847,0,0.0,4.18
2026-07-10 18:35:00,18.45,414.02,30.28,0.823,0,0.0,4.0
2026-07-10 18:40:00,25.12,416.2,40.99,0.866,0,0.0,4.0
2026-07-10 18:45:00,19.82,416.0,32.36,0.926,0,0.0,4.0
2026-07-10 18:50:00,12.12,415.35,19.82,0.881,0,0.0,4.0
2026-07-10 18:55:00,14.09,416.63,22.98,0.884,0,0.0,4.0
2026-07-10 19:00:00,19.13,416.2,31.23,0.903,0,0.0,4.0
2026-07-10 19:05:00,18.59,413.82,30.51,0.889,0,0.0,4.0
2026-07-10 19:10:00,13.73,418.29,22.3,0.827,0,0.0,4.0
2026-07-10 19:15:00,10.0,415.5,16.35,0.887,0,0.0,4.0
2026-07-10 19:20:00,33.55,414.04,55.04,0.898,1,21.31,4.0
2026-07-10 19:25:00,16.67,421.11,26.9,0.897,0,0.0,4.0
2026-07-10 19:30:00,16.04,414.71,26.26,0.907,0,0.0,4.0
2026-07-10 19:35:00,18.53,415.64,30.28,0.882,0,0.0,4.0
2026-07-10 19:40:00,17.07,415.44,27.9,0.928,0,0.0,4.0
2026-07-10 19:45:00,19.22,414.68,31.49,0.876,0,0.0,4.0
2026-07-10 19:50:00,25.39,416.12,41.44,0.882,0,0.0,4.0
2026-07-10 19:55:00,18.69,412.89,30.75,0.914,0,0.0,4.0
2026-07-10 20:00:00,13.88,416.49,22.63,0.92,0,0.0,4.0
2026-07-10 20:05:00,19.27,410.6,31.88,0.898,0,0.0,4.0
2026-07-10 20:10:00,18.16,411.75,29.96,0.835,0,0.0,4.0
2026-07-10 20:15:00,28.02,419.56,45.36,0.86,0,0.0,4.0
2026-07-10 20:20:00,27.19,411.86,44.84,0.822,0,0.0,4.0
2026-07-10 20:25:00,22.31,410.1,36.96,0.855,0,0.0,4.0
2026-07-10 20:30:00,15.84,411.92,26.12,0.888,0,0.0,4.0
2026-07-10 20:35:00,16.57,419.35,26.85,0.917,0,0.0,4.0
2026-07-10 20:40:00,23.26,410.52,38.49,0.89,0,0.0,4.0
2026-07-10 20:45:00,25.37,412.61,41.76,0.825,0,0.0,4.0
2026-07-10 20:50:00,22.32,411.35,36.86,0.851,0,0.0,4.0
2026-07-10 20:55:00,22.32,414.31,36.59,0.889,0,0.0,4.0
2026-07-10 21:00:00,22.29,413.91,36.57,0.905,0,0.0,4.0
2026-07-10 21:05:00,25.68,413.8,42.15,0.924,0,0.0,4.0
2026-07-10 21:10:00,14.44,419.64,23.37,0.936,0,0.0,4.0
2026-07-10 21:15:00,21.42,412.0,35.31,0.927,0,0.0,4.0
2026-07-10 21:20:00,24.37,414.74,39.91,0.876,0,0.0,4.0
2026-07-10 21:25:00,34.13,415.85,55.75,0.91,1,8.98,4.0
2026-07-10 21:30:00,24.62,412.55,40.54,0.849,0,0.0,4.0
2026-07-10 21:35:00,30.21,416.22,49.3,0.828,1,16.73,6.26
2026-07-10 21:40:00,31.06,414.0,50.96,0.827,1,11.58,4.0
2026-07-10 21:45:00,37.04,415.94,60.5,0.849,1,17.36,6.67
2026-07-10 21:50:00,37.51,414.73,61.43,0.825,1,9.2,8.28
2026-07-10 21:55:00,31.56,409.87,52.29,0.922,1,21.68,4.0
2026-07-10 22:00:00,30.12,418.27,48.92,0.879,1,5.44,7.97
2026-07-10 22:05:00,29.85,420.18,48.25,0.917,0,0.0,4.0
2026-07-10 22:10:00,32.63,414.56,53.47,0.933,1,11.38,10.75
2026-07-10 22:15:00,32.35,412.76,53.24,0.939,1,22.63,10.36
2026-07-10 22:20:00,37.98,418.77,61.6,0.932,1,14.99,13.16
2026-07-10 22:25:00,38.01,419.73,61.51,0.906,1,21.05,8.42
2026-07-10 22:30:00,39.57,414.58,64.82,0.873,1,23.48,10.16
2026-07-10 22:35:00,43.61,414.45,71.48,0.892,1,11.69,7.85
2026-07-10 22:40:00,47.34,414.8,77.53,0.918,1,22.61,11.18
2026-07-10 22:45:00,39.37,410.81,65.1,0.928,1,19.53,8.38
2026-07-10 22:50:00,44.97,414.27,73.74,0.935,1,7.16,4.61
2026-07-10 22:55:00,38.45,419.29,62.29,0.908,1,7.08,4.0
2026-07-10 23:00:00,46.87,414.58,76.79,0.885,1,21.35,13.68
2026-07-10 23:05:00,46.99,412.4,77.39,0.936,1,14.37,9.53
2026-07-10 23:10:00,47.47,416.24,77.46,0.935,1,14.9,12.57
2026-07-10 23:15:00,43.64,413.33,71.72,0.877,1,22.82,7.69
2026-07-10 23:20:00,40.58,414.83,66.45,0.898,1,23.08,6.4
2026-07-10 23:25:00,37.7,411.83,62.19,0.917,1,7.25,6.95
2026-07-10 23:30:00,45.23,412.41,74.5,0.872,1,12.47,10.58
2026-07-10 23:35:00,53.85,416.84,87.76,0.92,1,22.9,14.05
2026-07-10 23:40:00,45.4,415.29,74.26,0.833,1,21.4,9.67
2026-07-10 23:45:00,51.64,413.06,84.91,0.878,1,19.42,11.78
2026-07-10 23:50:00,52.69,415.3,86.18,0.878,1,7.04,9.5
2026-07-10 23:55:00,47.82,413.48,78.55,0.902,1,17.42,12.84
2026-07-11 00:00:00,56.58,413.04,93.05,0.834,1,16.64,14.41
2026-07-11 00:05:00,36.22,417.91,58.87,0.832,1,8.34,5.12
2026-07-11 00:10:00,45.41,416.96,73.98,0.928,1,20.48,10.08
2026-07-11 00:15:00,47.71,414.95,78.1,0.856,1,11.24,6.85
2026-07-11 00:20:00,48.95,415.36,80.05,0.859,1,17.41,11.57
2026-07-11 00:25:00,55.49,414.98,90.83,0.913,1,12.24,9.69
2026-07-11 00:30:00,56.02,416.22,91.42,0.87,1,6.69,8.58
2026-07-11 00:35:00,57.29,413.0,94.23,0.92,1,15.5,6.38
2026-07-11 00:40:00,59.06,417.16,96.16,0.868,1,11.13,13.69
2026-07-11 00:45:00,52.08,415.88,85.06,0.911,1,6.43,10.14
2026-07-11 00:50:00,51.48,414.34,84.4,0.883,1,8.97,10.3
2026-07-11 00:55:00,60.3,413.78,98.99,0.932,1,17.38,13.64
2026-07-11 01:00:00,55.91,417.1,91.05,0.859,1,7.03,8.65
2026-07-11 01:05:00,51.94,414.62,85.09,0.864,1,6.75,7.57
2026-07-11 01:10:00,65.38,413.25,107.47,0.936,1,23.88,14.23
2026-07-11 01:15:00,68.23,414.04,111.93,0.909,1,7.15,15.31
2026-07-11 01:20:00,69.76,416.92,113.65,0.913,1,12.52,14.41
2026-07-11 01:25:00,63.62,410.97,105.15,0.856,1,7.67,15.54
2026-07-11 01:30:00,66.52,414.11,109.12,0.884,1,23.79,14.47
2026-07-11 01:35:00,70.95,417.68,115.38,0.858,1,14.62,14.68
2026-07-11 01:40:00,61.58,414.58,100.9,0.851,1,7.22,13.35
2026-07-11 01:45:00,71.03,415.68,116.07,0.884,1,20.38,13.27
2026-07-11 01:50:00,67.54,417.72,109.82,0.939,1,20.62,10.32
2026-07-11 01:55:00,71.4,417.23,116.24,0.846,1,23.02,14.05
2026-07-11 02:00:00,68.43,413.9,112.3,0.849,1,19.11,14.92
2026-07-11 02:05:00,74.64,414.67,122.26,0.849,1,6.09,11.75
2026-07-11 02:10:00,69.92,417.26,113.83,0.915,1,16.01,10.14
2026-07-11 02:15:00,62.03,417.35,100.95,0.881,1,12.68,10.12
2026-07-11 02:20:00,77.33,414.78,126.65,0.866,1,19.97,18.0
2026-07-11 02:25:00,65.96,414.87,107.99,0.921,1,16.82,13.86
2026-07-11 02:30:00,77.57,415.67,126.76,0.856,1,19.5,14.65
2026-07-11 02:35:00,71.46,418.42,116.0,0.867,1,8.61,11.06
2026-07-11 02:40:00,78.38,417.67,127.47,0.829,1,13.74,15.43
2026-07-11 02:45:00,78.75,416.73,128.36,0.834,1,13.64,15.28
2026-07-11 02:50:00,75.8,412.3,124.87,0.836,1,24.62,15.93
2026-07-11 02:55:00,76.75,414.31,125.82,0.862,1,5.38,19.87
2026-07-11 03:00:00,76.86,414.44,125.97,0.883,1,21.32,16.04
2026-07-11 03:05:00,65.21,418.55,105.83,0.82,1,6.94,10.48
2026-07-11 03:10:00,76.4,414.4,125.22,0.843,1,6.61,10.88
2026-07-11 03:15:00,70.73,418.13,114.91,0.841,1,11.56,12.02
2026-07-11 03:20:00,77.67,413.57,127.56,0.85,1,19.02,13.88
2026-07-11 03:25:00,71.58,413.77,117.51,0.84,1,18.57,15.73
2026-07-11 03:30:00,71.84,416.2,117.25,0.843,1,17.56,12.38
2026-07-11 03:35:00,86.25,418.92,139.85,0.938,1,20.49,14.26
2026-07-11 03:40:00,84.02,414.47,137.69,0.891,1,9.65,16.85
2026-07-11 03:45:00,79.08,408.59,131.47,0.912,1,17.68,13.69
2026-07-11 03:50:00,80.44,411.09,132.92,0.918,1,17.76,16.7
2026-07-11 03:55:00,78.68,415.74,128.55,0.9,1,18.09,13.11
2026-07-11 04:00:00,83.16,411.31,137.33,0.904,1,16.89,14.72
2026-07-11 04:05:00,77.31,412.84,127.19,0.896,1,9.43,13.04
2026-07-11 04:10:00,86.01,415.03,140.77,0.898,1,23.29,17.6
2026-07-11 04:15:00,80.13,408.88,133.11,0.931,1,24.52,15.32
2026-07-11 04:20:00,79.62,414.05,130.62,0.842,1,18.78,12.45
2026-07-11 04:25:00,82.14,412.09,135.4,0.853,1,13.88,12.46
2026-07-11 04:30:00,79.38,411.25,131.11,0.831,1,15.74,14.35
2026-07-11 04:35:00,84.26,412.99,138.59,0.92,1,7.17,12.26
2026-07-11 04:40:00,80.2,412.33,132.12,0.874,1,12.27,14.09
2026-07-11 04:45:00,85.49,416.17,139.52,0.929,1,24.52,17.21
2026-07-11 04:50:00,89.46,417.99,145.38,0.869,1,15.95,14.17
2026-07-11 04:55:00,80.01,414.09,131.24,0.873,1,16.21,17.17
2026-07-11 05:00:00,83.15,413.51,136.59,0.874,1,24.08,19.37
2026-07-11 05:05:00,86.3,413.96,141.61,0.893,1,22.73,19.17
2026-07-11 05:10:00,81.99,412.23,135.1,0.912,1,16.37,17.12
2026-07-11 05:15:00,86.65,411.78,142.93,0.862,1,10.38,17.09
2026-07-11 05:20:00,87.25,410.89,144.23,0.896,1,7.34,16.63
2026-07-11 05:25:00,90.01,411.68,148.51,0.844,1,22.27,18.17
2026-07-11 05:30:00,81.67,419.08,132.37,0.886,1,23.4,14.47
2026-07-11 05:35:00,80.08,413.27,131.62,0.886,1,14.89,15.1
2026-07-11 05:40:00,83.33,407.65,138.85,0.927,1,6.89,15.69
2026-07-11 05:45:00,80.09,413.53,131.55,0.928,1,17.12,16.75
2026-07-11 05:50:00,87.79,411.02,145.08,0.878,1,12.35,12.75
2026-07-11 05:55:00,79.18,415.15,129.56,0.823,1,8.16,15.15
2026-07-11 06:00:00,96.67,414.88,158.26,0.921,1,23.38,21.02
2026-07-11 06:05:00,91.47,415.14,149.67,0.82,1,9.79,15.56
2026-07-11 06:10:00,85.03,414.9,139.21,0.877,1,19.22,16.01
2026-07-11 06:15:00,89.26,414.07,146.43,0.822,1,13.59,12.44
2026-07-11 06:20:00,76.68,411.36,126.62,0.862,1,21.56,15.03
2026-07-11 06:25:00,97.41,414.81,159.51,0.896,1,19.02,15.05
2026-07-11 06:30:00,81.75,417.55,132.99,0.865,1,7.46,13.81
2026-07-11 06:35:00,83.99,419.53,135.99,0.931,1,13.99,15.71
2026-07-11 06:40:00,75.19,414.41,123.24,0.897,1,10.2,12.64
2026-07-11 06:45:00,86.76,414.68,142.11,0.898,1,19.27,16.2
2026-07-11 06:50:00,78.64,416.25,128.33,0.865,1,15.89,15.81
2026-07-11 06:55:00,84.51,418.73,137.08,0.825,1,11.8,15.71
2026-07-11 07:00:00,81.09,413.78,133.11,0.909,1,11.59,15.5
2026-07-11 07:05:00,78.21,416.73,127.48,0.906,1,7.29,10.12
2026-07-11 07:10:00,79.36,412.94,130.54,0.884,1,9.28,14.38
2026-07-11 07:15:00,84.27,415.82,137.66,0.87,1,19.27,11.0
2026-07-11 07:20:00,76.48,417.43,124.45,0.885,1,17.2,13.71
2026-07-11 07:25:00,78.88,411.77,130.11,0.91,1,12.11,19.06
2026-07-11 07:30:00,85.65,413.69,140.64,0.906,1,21.72,18.67
2026-07-11 07:35:00,95.05,417.39,154.68,0.899,1,14.69,14.55
2026-07-11 07:40:00,84.11,416.54,137.16,0.928,1,20.89,14.93
2026-07-11 07:45:00,76.8,417.59,124.93,0.893,1,20.62,14.45
2026-07-11 07:50:00,79.21,417.12,128.99,0.822,1,21.96,16.53
2026-07-11 07:55:00,80.84,414.15,132.59,0.894,1,22.0,17.62
2026-07-11 08:00:00,78.56,420.5,126.91,0.894,1,18.58,18.83
2026-07-11 08:05:00,84.44,415.34,138.09,0.828,1,19.99,13.99
2026-07-11 08:10:00,80.61,407.36,134.41,0.871,1,20.54,16.04
2026-07-11 08:15:00,83.64,414.29,137.13,0.898,1,8.38,11.4
2026-07-11 08:20:00,77.1,413.83,126.55,0.905,1,11.0,15.37
2026-07-11 08:25:00,84.85,416.99,138.22,0.927,1,7.08,16.77
2026-07-11 08:30:00,76.93,413.87,126.27,0.921,1,8.79,14.33
2026-07-11 08:35:00,72.44,417.75,117.79,0.834,1,20.57,15.58
2026-07-11 08:40:00,87.7,416.4,143.06,0.893,1,23.94,14.99
2026-07-11 08:45:00,67.19,412.5,110.64,0.892,1,18.47,9.97
2026-07-11 08:50:00,72.11,414.65,118.13,0.856,1,22.72,11.92
2026-07-11 08:55:00,72.15,413.06,118.64,0.842,1,11.36,14.41
2026-07-11 09:00:00,87.29,415.46,142.71,0.844,1,21.92,19.84
2026-07-11 09:05:00,83.24,413.05,136.88,0.841,1,11.78,13.59
2026-07-11 09:10:00,81.12,415.19,132.71,0.917,1,22.88,14.17
2026-07-11 09:15:00,71.42,414.32,117.1,0.838,1,20.96,14.17
2026-07-11 09:20:00,84.63,414.62,138.64,0.852,1,24.67,24.43
2026-07-11 09:25:00,73.75,420.13,119.24,0.846,1,21.55,13.32
2026-07-11 09:30:00,76.19,414.1,124.98,0.906,1,12.96,16.59
2026-07-11 09:35:00,71.59,410.16,118.56,0.839,1,7.2,12.83
2026-07-11 09:40:00,69.83,417.54,113.6,0.823,1,22.49,12.45
2026-07-11 09:45:00,68.19,417.52,110.93,0.865,1,16.42,10.02
2026-07-11 09:50:00,67.76,410.05,112.24,0.857,1,22.16,12.6
2026-07-11 09:55:00,71.2,413.25,117.03,0.868,1,12.74,15.41
2026-07-11 10:00:00,69.34,416.09,113.19,0.91,1,5.58,10.75
2026-07-11 10:05:00,66.68,416.31,108.79,0.821,1,6.05,12.53
2026-07-11 10:10:00,73.71,414.99,120.65,0.825,1,18.41,12.22
2026-07-11 10:15:00,50.65,415.04,82.89,0.851,1,7.29,8.52
2026-07-11 10:20:00,67.34,412.65,110.85,0.927,1,19.91,9.62
2026-07-11 10:25:00,67.68,409.0,112.41,0.84,1,13.39,18.21
2026-07-11 10:30:00,69.13,420.12,111.77,0.94,1,16.26,13.96
2026-07-11 10:35:00,62.36,412.58,102.67,0.917,1,21.02,11.52
2026-07-11 10:40:00,63.01,415.44,103.02,0.875,1,10.06,14.83
2026-07-11 10:45:00,66.18,414.6,108.42,0.91,1,13.26,12.37
2026-07-11 10:50:00,67.98,417.24,110.67,0.882,1,19.59,14.28
2026-07-11 10:55:00,58.29,415.29,95.34,0.888,1,23.37,15.27
2026-07-11 11:00:00,60.39,415.38,98.76,0.89,1,10.81,14.82
2026-07-11 11:05:00,66.71,408.41,110.95,0.898,1,17.45,10.24
2026-07-11 11:10:00,46.96,412.92,77.24,0.827,1,24.02,9.68
2026-07-11 11:15:00,53.38,416.86,86.98,0.894,1,17.98,13.46
2026-07-11 11:20:00,63.41,416.64,103.37,0.906,1,22.86,10.06
2026-07-11 11:25:00,60.79,412.62,100.07,0.857,1,23.79,11.54
2026-07-11 11:30:00,57.18,411.05,94.49,0.937,1,23.59,10.79
2026-07-11 11:35:00,51.57,415.32,84.34,0.837,1,20.17,11.45
2026-07-11 11:40:00,48.64,407.73,81.03,0.929,1,16.04,11.41
2026-07-11 11:45:00,49.33,412.13,81.31,0.901,1,6.94,11.88
2026-07-11 11:50:00,59.27,419.4,95.99,0.9,1,9.45,11.33
2026-07-11 11:55:00,47.62,418.61,77.27,0.925,1,10.12,6.67
2026-07-11 12:00:00,50.51,416.22,82.43,0.92,1,5.67,8.56
2026-07-11 12:05:00,45.47,415.77,74.28,0.861,1,7.04,6.09
2026-07-11 12:10:00,52.69,410.12,87.26,0.905,1,10.9,8.45
2026-07-11 12:15:00,45.02,413.15,74.01,0.826,1,6.81,10.08
2026-07-11 12:20:00,46.46,414.26,76.18,0.876,1,8.39,5.47
2026-07-11 12:25:00,37.77,413.2,62.09,0.933,1,6.09,5.83
2026-07-11 12:30:00,37.36,414.12,61.29,0.853,1,13.33,9.45
2026-07-11 12:35:00,44.71,418.25,72.62,0.826,1,21.43,10.7
2026-07-11 12:40:00,37.3,413.65,61.25,0.89,1,21.24,5.92
2026-07-11 12:45:00,53.7,414.15,88.07,0.863,1,23.1,8.74
2026-07-11 12:50:00,32.12,416.85,52.33,0.866,1,19.91,10.42
2026-07-11 12:55:00,37.68,411.45,62.21,0.89,1,9.89,8.14
2026-07-11 13:00:00,41.02,412.9,67.49,0.895,1,19.05,6.46
2026-07-11 13:05:00,38.38,413.16,63.1,0.872,1,20.08,7.82
2026-07-11 13:10:00,33.95,415.14,55.56,0.881,1,15.86,9.41
2026-07-11 13:15:00,33.96,414.14,55.7,0.939,1,21.14,5.1
2026-07-11 13:20:00,33.08,414.22,54.24,0.935,1,6.43,4.16
2026-07-11 13:25:00,35.88,413.34,58.96,0.905,1,16.9,7.81
2026-07-11 13:30:00,46.37,412.32,76.38,0.839,1,14.6,5.95
2026-07-11 13:35:00,36.29,416.52,59.19,0.863,1,21.1,6.03
2026-07-11 13:40:00,41.12,414.16,67.45,0.926,1,7.56,6.78
2026-07-11 13:45:00,37.05,416.55,60.42,0.871,1,9.25,4.0
2026-07-11 13:50:00,39.41,412.22,64.94,0.935,1,16.17,8.09
2026-07-11 13:55:00,19.17,413.34,31.5,0.879,0,0.0,4.0
2026-07-11 14:00:00,30.98,414.45,50.77,0.923,1,6.66,10.41
2026-07-11 14:05:00,38.38,414.68,62.87,0.824,1,19.87,9.28
2026-07-11 14:10:00,28.34,416.89,46.17,0.872,0,0.0,4.0
2026-07-11 14:15:00,39.37,413.92,64.6,0.904,1,7.11,6.4
2026-07-11 14:20:00,37.34,416.87,60.85,0.924,1,12.9,11.67
2026-07-11 14:25:00,26.96,415.94,44.03,0.893,0,0.0,4.0
2026-07-11 14:30:00,26.18,414.73,42.87,0.841,0,0.0,4.0
2026-07-11 14:35:00,23.02,412.62,37.9,0.926,0,0.0,4.0
2026-07-11 14:40:00,24.35,416.89,39.68,0.889,0,0.0,4.0
2026-07-11 14:45:00,20.76,412.68,34.17,0.833,0,0.0,4.0
2026-07-11 14:50:00,28.5,414.95,46.65,0.876,0,0.0,4.0
2026-07-11 14:55:00,18.52,414.87,30.32,0.904,0,0.0,4.0
2026-07-11 15:00:00,28.27,414.48,46.33,0.874,0,0.0,4.0
2026-07-11 15:05:00,27.86,414.03,45.7,0.924,0,0.0,4.0
2026-07-11 15:10:00,15.89,412.94,26.14,0.871,0,0.0,4.0
2026-07-11 15:15:00,31.43,410.96,51.96,0.89,1,24.22,6.86
2026-07-11 15:20:00,25.76,418.51,41.8,0.845,0,0.0,4.0
2026-07-11 15:25:00,26.45,413.77,43.43,0.882,0,0.0,4.0
2026-07-11 15:30:00,18.44,414.68,30.2,0.847,0,0.0,4.0
2026-07-11 15:35:00,24.89,414.66,40.77,0.847,0,0.0,4.0
2026-07-11 15:40:00,26.96,417.74,43.84,0.854,0,0.0,4.0
2026-07-11 15:45:00,20.41,419.83,33.01,0.825,0,0.0,4.0
2026-07-11 15:50:00,30.49,415.4,49.86,0.84,1,5.48,5.09
2026-07-11 15:55:00,20.3,414.61,33.26,0.871,0,0.0,4.0
2026-07-11 16:00:00,25.39,412.19,41.85,0.836,0,0.0,4.0
2026-07-11 16:05:00,20.78,411.39,34.31,0.836,0,0.0,4.0
2026-07-11 16:10:00,21.88,410.57,36.2,0.936,0,0.0,4.0
2026-07-11 16:15:00,10.25,413.01,16.86,0.871,0,0.0,4.0
2026-07-11 16:20:00,20.13,409.77,33.38,0.868,0,0.0,4.0
2026-07-11 16:25:00,14.29,417.7,23.24,0.852,0,0.0,4.0
2026-07-11 16:30:00,13.43,416.06,21.93,0.881,0,0.0,4.0
2026-07-11 16:35:00,26.1,414.37,42.78,0.892,0,0.0,4.0
2026-07-11 16:40:00,16.04,417.77,26.08,0.87,0,0.0,4.0
2026-07-11 16:45:00,11.84,412.32,19.51,0.867,0,0.0,4.0
2026-07-11 16:50:00,14.82,412.95,24.38,0.904,0,0.0,4.0
2026-07-11 16:55:00,10.0,410.17,16.56,0.934,0,0.0,4.0
2026-07-11 17:00:00,23.36,416.94,38.06,0.925,0,0.0,4.0
2026-07-11 17:05:00,12.52,412.97,20.6,0.834,0,0.0,4.0
2026-07-11 17:10:00,18.48,415.04,30.24,0.898,0,0.0,4.0
2026-07-11 17:15:00,22.45,417.51,36.53,0.821,0,0.0,4.0
2026-07-11 17:20:00,13.03,418.43,21.15,0.896,0,0.0,4.0
2026-07-11 17:25:00,18.07,414.93,29.58,0.876,0,0.0,4.0
2026-07-11 17:30:00,10.15,415.96,16.57,0.879,0,0.0,4.0
2026-07-11 17:35:00,27.44,412.74,45.15,0.891,0,0.0,4.0
2026-07-11 17:40:00,19.82,419.21,32.11,0.909,0,0.0,4.0
2026-07-11 17:45:00,14.11,414.58,23.12,0.908,0,0.0,4.0
2026-07-11 17:50:00,11.17,415.2,18.27,0.825,0,0.0,4.26
2026-07-11 17:55:00,14.44,413.98,23.69,0.908,0,0.0,4.0
2026-07-11 18:00:00,13.3,418.0,21.61,0.92,0,0.0,4.0
2026-07-11 18:05:00,24.77,415.5,40.5,0.828,0,0.0,4.0
2026-07-11 18:10:00,10.0,416.9,16.29,0.859,0,0.0,4.0
2026-07-11 18:15:00,15.75,415.88,25.72,0.915,0,0.0,4.0
2026-07-11 18:20:00,15.04,414.45,24.65,0.879,0,0.0,4.0
2026-07-11 18:25:00,14.62,417.32,23.8,0.903,0,0.0,4.0
2026-07-11 18:30:00,14.76,415.86,24.1,0.88,0,0.0,4.0
2026-07-11 18:35:00,14.83,412.6,24.41,0.937,0,0.0,4.0
2026-07-11 18:40:00,19.9,412.53,32.76,0.932,0,0.0,4.0
2026-07-11 18:45:00,18.72,415.37,30.61,0.854,0,0.0,4.0
2026-07-11 18:50:00,17.92,417.27,29.18,0.866,0,0.0,4.0
2026-07-11 18:55:00,10.0,419.1,16.21,0.872,0,0.0,4.0
2026-07-11 19:00:00,17.69,410.56,29.27,0.833,0,0.0,4.0
2026-07-11 19:05:00,10.0,415.06,16.37,0.868,0,0.0,4.0
2026-07-11 19:10:00,19.85,416.22,32.4,0.913,0,0.0,4.0
2026-07-11 19:15:00,24.23,415.74,39.59,0.922,0,0.0,4.0
2026-07-11 19:20:00,12.48,417.52,20.3,0.926,0,0.0,4.0
2026-07-11 19:25:00,16.07,416.64,26.2,0.822,0,0.0,4.0
2026-07-11 19:30:00,14.67,412.54,24.15,0.915,0,0.0,4.0
2026-07-11 19:35:00,24.14,412.46,39.76,0.88,0,0.0,4.0
2026-07-11 19:40:00,18.75,415.78,30.64,0.845,0,0.0,4.0
2026-07-11 19:45:00,27.25,417.48,44.34,0.88,0,0.0,4.0
2026-07-11 19:50:00,21.02,415.36,34.38,0.921,0,0.0,4.21
2026-07-11 19:55:00,20.53,411.06,33.92,0.872,0,0.0,4.0
2026-07-11 20:00:00,20.03,412.38,32.99,0.939,0,0.0,4.0
2026-07-11 20:05:00,24.17,416.73,39.39,0.894,0,0.0,4.0
2026-07-11 20:10:00,11.79,414.13,19.34,0.879,0,0.0,4.0
2026-07-11 20:15:00,21.33,415.29,34.88,0.855,0,0.0,4.0
2026-07-11 20:20:00,20.98,417.66,34.12,0.821,0,0.0,4.0
2026-07-11 20:25:00,25.4,411.99,41.88,0.893,0,0.0,4.0
2026-07-11 20:30:00,21.29,413.96,34.94,0.889,0,0.0,4.0
2026-07-11 20:35:00,17.51,413.69,28.75,0.882,0,0.0,4.0
2026-07-11 20:40:00,23.23,415.89,37.93,0.885,0,0.0,4.0
2026-07-11 20:45:00,18.27,416.93,29.77,0.921,0,0.0,4.0
2026-07-11 20:50:00,14.57,411.3,24.06,0.858,0,0.0,4.0
2026-07-11 20:55:00,28.35,414.99,46.41,0.886,0,0.0,4.0
2026-07-11 21:00:00,28.15,417.17,45.83,0.902,0,0.0,4.0
2026-07-11 21:05:00,28.13,410.36,46.57,0.845,0,0.0,4.0
2026-07-11 21:10:00,32.87,414.84,53.82,0.931,1,6.41,4.04
2026-07-11 21:15:00,23.6,411.96,38.91,0.908,0,0.0,4.0
2026-07-11 21:20:00,20.35,413.4,33.43,0.826,0,0.0,4.0
2026-07-11 21:25:00,27.74,408.74,46.1,0.924,0,0.0,4.0
2026-07-11 21:30:00,26.96,418.48,43.75,0.932,0,0.0,4.0
2026-07-11 21:35:00,25.09,414.11,41.16,0.915,0,0.0,4.0
2026-07-11 21:40:00,29.53,412.98,48.56,0.871,0,0.0,4.0
2026-07-11 21:45:00,27.5,415.82,44.92,0.939,0,0.0,4.0
2026-07-11 21:50:00,22.01,412.39,36.26,0.835,0,0.0,4.0
2026-07-11 21:55:00,29.64,412.16,48.84,0.884,0,0.0,4.0
2026-07-11 22:00:00,26.82,418.78,43.5,0.84,0,0.0,4.0
2026-07-11 22:05:00,34.32,419.52,55.57,0.873,1,12.08,5.57
2026-07-11 22:10:00,30.56,413.52,50.2,0.931,1,10.96,4.0
2026-07-11 22:15:00,40.08,417.67,65.18,0.915,1,7.75,11.92
2026-07-11 22:20:00,43.23,415.89,70.6,0.914,1,24.99,8.89
2026-07-11 22:25:00,39.3,411.47,64.88,0.862,1,7.94,8.6
2026-07-11 22:30:00,28.85,412.68,47.49,0.932,0,0.0,4.0
2026-07-11 22:35:00,44.84,418.88,72.71,0.864,1,22.6,9.17
2026-07-11 22:40:00,45.91,411.43,75.79,0.825,1,7.89,7.76
2026-07-11 22:45:00,38.84,420.7,62.72,0.897,1,14.39,6.36
2026-07-11 22:50:00,46.09,413.57,75.7,0.864,1,24.51,14.66
2026-07-11 22:55:00,37.45,418.95,60.71,0.838,1,9.95,4.0
2026-07-11 23:00:00,31.61,414.24,51.83,0.932,1,19.06,5.64
2026-07-11 23:05:00,37.88,417.0,61.7,0.896,1,6.6,5.09
2026-07-11 23:10:00,51.07,418.49,82.89,0.933,1,17.02,11.24
2026-07-11 23:15:00,35.72,418.47,57.97,0.89,1,11.78,6.06
2026-07-11 23:20:00,43.92,413.54,72.14,0.828,1,18.99,7.7
2026-07-11 23:25:00,44.85,412.86,73.78,0.824,1,13.66,10.24
2026-07-11 23:30:00,42.87,414.8,70.2,0.928,1,10.98,12.74
2026-07-11 23:35:00,43.97,411.75,72.54,0.825,1,15.92,6.79
2026-07-11 23:40:00,47.31,415.6,77.32,0.894,1,7.79,5.32
2026-07-11 23:45:00,44.9,412.95,73.86,0.856,1,21.29,9.29
2026-07-11 23:50:00,41.36,417.71,67.26,0.903,1,20.01,10.38
2026-07-11 23:55:00,50.31,413.57,82.63,0.854,1,15.9,9.35
2026-07-12 00:00:00,55.37,410.64,91.58,0.824,1,12.34,12.05
2026-07-12 00:05:00,55.11,418.5,89.45,0.908,1,23.3,9.82
2026-07-12 00:10:00,47.48,415.46,77.62,0.857,1,17.69,14.96
2026-07-12 00:15:00,46.03,415.07,75.33,0.886,1,10.7,10.24
2026-07-12 00:20:00,51.63,417.74,83.95,0.913,1,21.13,9.23
2026-07-12 00:25:00,61.65,417.18,100.38,0.904,1,17.7,10.24
2026-07-12 00:30:00,57.8,413.1,95.04,0.862,1,7.54,11.4
2026-07-12 00:35:00,58.84,413.88,96.58,0.91,1,7.28,12.51
2026-07-12 00:40:00,60.53,412.22,99.74,0.931,1,23.76,9.06
2026-07-12 00:45:00,58.93,411.34,97.32,0.893,1,10.76,11.17
2026-07-12 00:50:00,58.18,416.45,94.89,0.904,1,18.27,13.1
2026-07-12 00:55:00,61.63,415.98,100.64,0.924,1,5.73,12.15
2026-07-12 01:00:00,56.33,416.9,91.77,0.921,1,16.13,12.39
2026-07-12 01:05:00,52.72,418.2,85.63,0.862,1,9.62,13.42
2026-07-12 01:10:00,64.14,416.94,104.49,0.939,1,7.79,4.75
2026-07-12 01:15:00,67.44,417.16,109.81,0.823,1,20.47,13.67
2026-07-12 01:20:00,56.38,409.81,93.45,0.938,1,21.19,5.78
2026-07-12 01:25:00,66.79,414.23,109.53,0.85,1,19.3,12.88
2026-07-12 01:30:00,71.8,417.41,116.84,0.873,1,5.22,16.19
2026-07-12 01:35:00,64.08,412.08,105.64,0.926,1,10.7,11.77
2026-07-12 01:40:00,60.7,415.23,99.3,0.849,1,12.22,9.38
2026-07-12 01:45:00,66.1,416.3,107.84,0.847,1,18.82,14.75
2026-07-12 01:50:00,63.41,416.11,103.51,0.897,1,20.11,12.74
2026-07-12 01:55:00,63.75,415.92,104.11,0.905,1,17.56,12.79
2026-07-12 02:00:00,69.67,416.5,113.62,0.821,1,20.78,18.56
2026-07-12 02:05:00,60.14,415.45,98.33,0.874,1,13.55,8.02
2026-07-12 02:10:00,61.59,411.34,101.7,0.879,1,15.84,10.41
2026-07-12 02:15:00,69.54,416.27,113.48,0.853,1,6.29,13.7
2026-07-12 02:20:00,69.96,415.71,114.32,0.886,1,13.54,16.09
2026-07-12 02:25:00,72.41,411.38,119.57,0.839,1,13.65,11.5
2026-07-12 02:30:00,80.68,418.45,130.97,0.859,1,17.23,14.44
2026-07-12 02:35:00,72.43,416.33,118.17,0.906,1,12.56,13.51
2026-07-12 02:40:00,75.49,411.55,124.59,0.925,1,9.77,13.72
2026-07-12 02:45:00,68.2,412.96,112.18,0.891,1,9.75,14.37
2026-07-12 02:50:00,77.49,413.59,127.26,0.829,1,7.68,14.22
2026-07-12 02:55:00,71.57,413.59,117.54,0.901,1,19.02,15.33
2026-07-12 03:00:00,75.11,415.73,122.71,0.928,1,17.45,11.61
2026-07-12 03:05:00,74.74,412.56,123.05,0.881,1,16.58,14.62
2026-07-12 03:10:00,80.97,417.82,131.63,0.879,1,15.62,15.44
2026-07-12 03:15:00,69.76,417.61,113.47,0.939,1,12.35,15.12
2026-07-12 03:20:00,65.4,416.55,106.64,0.896,1,20.37,18.61
2026-07-12 03:25:00,76.23,415.11,124.74,0.917,1,23.44,17.1
2026-07-12 03:30:00,80.11,417.34,130.38,0.898,1,13.8,13.48
2026-07-12 03:35:00,78.99,414.31,129.5,0.847,1,13.18,16.34
2026-07-12 03:40:00,84.83,413.19,139.46,0.854,1,8.25,15.57
2026-07-12 03:45:00,81.29,417.98,132.1,0.9,1,18.41,14.77
2026-07-12 03:50:00,76.7,415.79,125.3,0.875,1,16.16,13.39
2026-07-12 03:55:00,68.29,413.29,112.24,0.869,1,24.76,12.19
2026-07-12 04:00:00,79.12,413.96,129.83,0.823,1,16.69,12.43
2026-07-12 04:05:00,85.83,413.16,141.1,0.926,1,10.77,12.99
2026-07-12 04:10:00,79.09,420.06,127.89,0.926,1,16.26,16.56
2026-07-12 04:15:00,81.53,415.01,133.45,0.875,1,24.69,15.09
2026-07-12 04:20:00,83.83,415.39,137.08,0.904,1,19.47,16.48
2026-07-12 04:25:00,76.96,416.8,125.42,0.841,1,7.57,12.22
2026-07-12 04:30:00,85.45,411.96,140.9,0.88,1,11.86,17.31
2026-07-12 04:35:00,90.81,417.74,147.65,0.873,1,10.97,15.27
2026-07-12 04:40:00,82.03,413.48,134.75,0.899,1,22.14,12.78
2026-07-12 04:45:00,77.5,419.58,125.46,0.876,1,17.22,18.43
2026-07-12 04:50:00,83.05,414.22,136.18,0.88,1,21.2,16.49
2026-07-12 04:55:00,72.48,417.59,117.9,0.855,1,8.52,12.75
2026-07-12 05:00:00,85.49,408.76,142.07,0.826,1,23.16,16.1
2026-07-12 05:05:00,86.26,412.06,142.19,0.93,1,6.17,15.0
2026-07-12 05:10:00,92.55,414.27,151.75,0.821,1,12.5,18.42
2026-07-12 05:15:00,83.36,409.92,138.13,0.854,1,5.28,11.69
2026-07-12 05:20:00,86.51,416.5,141.09,0.874,1,8.69,11.84
2026-07-12 05:25:00,80.29,415.78,131.16,0.858,1,24.24,15.92
2026-07-12 05:30:00,82.92,412.52,136.53,0.886,1,6.57,11.23
2026-07-12 05:35:00,77.17,414.96,126.31,0.875,1,7.91,9.88
2026-07-12 05:40:00,83.89,417.02,136.65,0.851,1,23.5,18.36
2026-07-12 05:45:00,83.4,409.74,138.25,0.831,1,19.2,16.36
2026-07-12 05:50:00,86.46,411.82,142.61,0.837,1,13.14,16.64
2026-07-12 05:55:00,81.87,414.16,134.28,0.878,1,6.38,12.47
2026-07-12 06:00:00,85.42,415.06,139.79,0.922,1,20.7,19.62
2026-07-12 06:05:00,83.32,414.85,136.43,0.832,1,14.85,18.06
2026-07-12 06:10:00,83.31,417.22,135.63,0.901,1,11.46,12.43
2026-07-12 06:15:00,85.33,416.19,139.26,0.915,1,12.22,15.72
2026-07-12 06:20:00,85.07,416.74,138.66,0.853,1,15.11,15.12
2026-07-12 06:25:00,88.6,411.53,146.24,0.9,1,16.02,16.65
2026-07-12 06:30:00,84.1,415.36,137.53,0.902,1,21.36,18.72
2026-07-12 06:35:00,82.84,414.23,135.85,0.905,1,20.43,15.05
2026-07-12 06:40:00,83.56,418.66,135.58,0.927,1,20.34,18.33
2026-07-12 06:45:00,80.75,415.44,132.04,0.868,1,19.59,11.52
2026-07-12 06:50:00,82.37,413.33,135.37,0.849,1,20.16,14.41
2026-07-12 06:55:00,94.15,417.13,153.32,0.885,1,18.55,16.95
2026-07-12 07:00:00,79.24,416.41,129.26,0.828,1,22.36,14.13
2026-07-12 07:05:00,82.21,412.95,135.22,0.86,1,16.15,15.66
2026-07-12 07:10:00,81.44,414.13,133.58,0.926,1,15.42,15.8
2026-07-12 07:15:00,81.91,414.17,134.33,0.884,1,19.03,16.23
2026-07-12 07:20:00,81.23,418.07,131.98,0.872,1,8.32,17.09
2026-07-12 07:25:00,84.02,415.51,137.35,0.852,1,20.54,17.84
2026-07-12 07:30:00,73.78,416.82,120.24,0.85,1,23.72,11.0
2026-07-12 07:35:00,87.22,413.77,143.19,0.848,1,10.93,16.59
2026-07-12 07:40:00,84.88,415.84,138.65,0.92,1,17.22,14.73
2026-07-12 07:45:00,75.18,418.26,122.09,0.938,1,5.65,15.71
2026-07-12 07:50:00,69.7,414.1,114.33,0.884,1,20.32,16.55
2026-07-12 07:55:00,75.8,415.29,123.98,0.83,1,16.19,16.4
2026-07-12 08:00:00,79.1,411.59,130.54,0.91,1,18.47,19.56
2026-07-12 08:05:00,92.82,413.09,152.63,0.925,1,7.86,18.84
2026-07-12 08:10:00,82.23,414.16,134.87,0.932,1,21.19,18.17
2026-07-12 08:15:00,70.06,412.35,115.41,0.895,1,10.12,11.28
2026-07-12 08:20:00,75.22,418.3,122.15,0.881,1,18.7,14.42
2026-07-12 08:25:00,77.96,412.9,128.25,0.894,1,16.86,16.47
2026-07-12 08:30:00,79.04,416.97,128.75,0.822,1,18.08,15.8
2026-07-12 08:35:00,70.72,415.47,115.63,0.899,1,6.0,10.92
2026-07-12 08:40:00,76.14,415.08,124.59,0.905,1,19.84,12.56
2026-07-12 08:45:00,72.73,418.72,117.98,0.907,1,20.9,9.95
2026-07-12 08:50:00,70.29,409.35,116.63,0.888,1,14.5,14.24
2026-07-12 08:55:00,76.58,414.51,125.49,0.904,1,13.18,12.06
2026-07-12 09:00:00,78.62,412.3,129.52,0.897,1,11.85,16.3
2026-07-12 09:05:00,78.41,410.1,129.87,0.834,1,23.56,16.96
2026-07-12 09:10:00,76.52,412.01,126.15,0.928,1,20.1,15.29
2026-07-12 09:15:00,70.59,415.04,115.53,0.895,1,18.97,14.57
2026-07-12 09:20:00,76.07,413.19,125.06,0.907,1,23.51,17.22
2026-07-12 09:25:00,73.45,417.24,119.58,0.861,1,11.98,16.48
2026-07-12 09:30:00,71.98,414.47,117.96,0.93,1,17.6,8.68
2026-07-12 09:35:00,67.64,414.19,110.92,0.88,1,18.72,14.74
2026-07-12 09:40:00,67.59,414.2,110.84,0.901,1,24.92,14.54
2026-07-12 09:45:00,69.81,414.75,114.34,0.934,1,13.54,13.93
2026-07-12 09:50:00,81.0,413.95,132.92,0.93,1,13.0,16.32
2026-07-12 09:55:00,69.66,412.87,114.61,0.897,1,6.69,12.15
2026-07-12 10:00:00,64.44,417.47,104.85,0.84,1,6.97,6.41
2026-07-12 10:05:00,62.67,413.44,102.97,0.934,1,15.24,10.64
2026-07-12 10:10:00,63.7,414.04,104.51,0.938,1,8.42,7.66
2026-07-12 10:15:00,76.37,416.07,124.67,0.832,1,6.46,10.25
2026-07-12 10:20:00,62.8,415.8,102.58,0.874,1,24.3,14.99
2026-07-12 10:25:00,68.63,412.77,112.94,0.886,1,24.03,12.3
2026-07-12 10:30:00,61.51,416.89,100.23,0.831,1,11.51,12.27
2026-07-12 10:35:00,63.99,416.34,104.4,0.843,1,20.8,12.57
2026-07-12 10:40:00,65.93,415.44,107.8,0.885,1,22.45,16.08
2026-07-12 10:45:00,58.39,413.92,95.82,0.936,1,14.29,11.4
2026-07-12 10:50:00,57.32,413.98,94.05,0.823,1,9.47,9.41
2026-07-12 10:55:00,68.09,414.5,111.58,0.929,1,7.6,16.06
2026-07-12 11:00:00,63.98,411.92,105.51,0.928,1,7.82,10.76
2026-07-12 11:05:00,62.27,414.9,101.95,0.923,1,20.94,13.22
2026-07-12 11:10:00,61.51,417.23,100.14,0.865,1,12.69,12.86
2026-07-12 11:15:00,59.13,417.19,96.27,0.879,1,18.87,8.72
2026-07-12 11:20:00,66.17,414.05,108.55,0.868,1,15.77,14.82
2026-07-12 11:25:00,55.54,417.66,90.33,0.934,1,12.89,13.77
2026-07-12 11:30:00,57.45,419.76,92.97,0.883,1,7.48,8.1
2026-07-12 11:35:00,46.56,414.21,76.35,0.83,1,11.67,9.03
2026-07-12 11:40:00,48.93,416.73,79.75,0.853,1,21.8,12.99
2026-07-12 11:45:00,46.29,409.34,76.8,0.875,1,21.23,5.64
2026-07-12 11:50:00,57.9,411.85,95.49,0.934,1,5.57,12.15
2026-07-12 11:55:00,38.0,415.23,62.16,0.888,1,7.81,4.34
2026-07-12 12:00:00,47.99,412.48,79.02,0.904,1,20.12,8.91
2026-07-12 12:05:00,34.27,420.1,55.41,0.831,1,11.71,6.27
2026-07-12 12:10:00,44.32,416.49,72.28,0.925,1,17.87,6.15
2026-07-12 12:15:00,45.26,417.41,73.64,0.885,1,16.25,6.86
2026-07-12 12:20:00,53.87,414.93,88.19,0.931,1,18.04,10.43
2026-07-12 12:25:00,48.17,412.49,79.33,0.873,1,6.07,12.16
2026-07-12 12:30:00,41.27,413.7,67.75,0.902,1,23.62,9.72
2026-07-12 12:35:00,50.01,415.64,81.72,0.877,1,5.42,5.49
2026-07-12 12:40:00,44.01,413.41,72.31,0.837,1,5.16,9.26
2026-07-12 12:45:00,43.36,416.68,70.68,0.853,1,9.52,8.38
2026-07-12 12:50:00,36.41,416.78,59.34,0.828,1,24.87,6.34
2026-07-12 12:55:00,36.73,415.01,60.12,0.873,1,6.45,5.92
2026-07-12 13:00:00,36.82,410.44,60.93,0.898,1,22.49,8.9
2026-07-12 13:05:00,40.44,419.29,65.51,0.849,1,8.18,4.06
2026-07-12 13:10:00,39.86,414.47,65.33,0.879,1,7.18,6.04
2026-07-12 13:15:00,46.47,421.77,74.84,0.875,1,20.58,6.75
2026-07-12 13:20:00,39.95,416.63,65.14,0.884,1,21.93,6.44
2026-07-12 13:25:00,23.78,414.48,38.97,0.842,0,0.0,4.0
2026-07-12 13:30:00,37.92,416.12,61.9,0.884,1,9.82,7.43
2026-07-12 13:35:00,28.65,409.95,47.48,0.864,0,0.0,4.0
2026-07-12 13:40:00,30.38,417.57,49.42,0.854,1,6.44,4.0
2026-07-12 13:45:00,30.46,421.42,49.09,0.89,1,11.84,5.45
2026-07-12 13:50:00,30.52,409.78,50.59,0.838,1,14.26,5.96
2026-07-12 13:55:00,26.29,414.28,43.1,0.928,0,0.0,4.0
2026-07-12 14:00:00,33.52,414.74,54.89,0.932,1,16.6,5.27
2026-07-12 14:05:00,24.79,417.19,40.36,0.899,0,0.0,4.0
2026-07-12 14:10:00,32.98,420.26,53.3,0.856,1,24.84,7.92
2026-07-12 14:15:00,41.74,415.96,68.16,0.895,1,17.43,9.19
2026-07-12 14:20:00,23.28,420.35,37.62,0.892,0,0.0,4.0
2026-07-12 14:25:00,27.88,415.43,45.59,0.867,0,0.0,4.0
2026-07-12 14:30:00,16.08,416.13,26.24,0.854,0,0.0,4.0
2026-07-12 14:35:00,26.59,415.82,43.43,0.84,0,0.0,4.0
2026-07-12 14:40:00,30.72,418.05,49.91,0.846,1,6.11,4.84
2026-07-12 14:45:00,30.53,413.94,50.09,0.898,1,11.45,4.62
2026-07-12 14:50:00,26.74,417.05,43.55,0.926,0,0.0,7.32
2026-07-12 14:55:00,30.24,411.92,49.87,0.866,1,19.05,4.0
2026-07-12 15:00:00,37.98,414.29,62.27,0.835,1,6.98,7.15
2026-07-12 15:05:00,33.28,413.41,54.68,0.822,1,20.94,8.14
2026-07-12 15:10:00,21.58,415.22,35.31,0.869,0,0.0,4.0
2026-07-12 15:15:00,16.43,414.21,26.94,0.848,0,0.0,4.0
2026-07-12 15:20:00,21.16,417.83,34.4,0.859,0,0.0,4.0
2026-07-12 15:25:00,17.97,412.8,29.57,0.849,0,0.0,4.0
2026-07-12 15:30:00,24.49,410.67,40.51,0.9,0,0.0,4.0
2026-07-12 15:35:00,15.87,411.61,26.19,0.897,0,0.0,4.0
2026-07-12 15:40:00,20.97,417.49,34.11,0.929,0,0.0,4.0
2026-07-12 15:45:00,25.09,412.58,41.31,0.904,0,0.0,4.0
2026-07-12 15:50:00,19.98,415.99,32.62,0.84,0,0.0,4.0
2026-07-12 15:55:00,15.35,414.26,25.16,0.91,0,0.0,4.0
2026-07-12 16:00:00,25.56,417.06,41.63,0.842,0,0.0,4.0
2026-07-12 16:05:00,10.0,414.42,16.39,0.887,0,0.0,4.0
2026-07-12 16:10:00,17.32,421.91,27.88,0.829,0,0.0,4.0
2026-07-12 16:15:00,18.4,419.75,29.78,0.826,0,0.0,4.0
2026-07-12 16:20:00,18.36,414.21,30.11,0.876,0,0.0,4.0
2026-07-12 16:25:00,18.87,413.87,30.96,0.833,0,0.0,4.0
2026-07-12 16:30:00,20.72,422.83,33.28,0.857,0,0.0,4.0
2026-07-12 16:35:00,17.2,412.3,28.34,0.861,0,0.0,4.0
2026-07-12 16:40:00,15.27,414.86,25.0,0.912,0,0.0,4.0
2026-07-12 16:45:00,14.82,415.06,24.25,0.86,0,0.0,4.0
2026-07-12 16:50:00,13.56,414.99,22.2,0.879,0,0.0,4.0
2026-07-12 16:55:00,20.34,410.65,33.64,0.913,0,0.0,4.0
2026-07-12 17:00:00,12.96,416.24,21.15,0.845,0,0.0,4.0
2026-07-12 17:05:00,20.24,412.57,33.32,0.917,0,0.0,4.0
2026-07-12 17:10:00,15.92,418.59,25.84,0.92,0,0.0,4.0
2026-07-12 17:15:00,13.07,411.36,21.58,0.939,0,0.0,4.0
2026-07-12 17:20:00,18.62,415.15,30.47,0.873,0,0.0,4.0
2026-07-12 17:25:00,11.77,409.46,19.53,0.864,0,0.0,4.0
2026-07-12 17:30:00,18.49,409.61,30.66,0.904,0,0.0,4.0
2026-07-12 17:35:00,16.27,412.9,26.77,0.827,0,0.0,4.0
2026-07-12 17:40:00,12.15,413.25,19.97,0.825,0,0.0,4.0
2026-07-12 17:45:00,17.72,418.66,28.75,0.86,0,0.0,4.0
2026-07-12 17:50:00,17.77,414.9,29.09,0.908,0,0.0,4.0
2026-07-12 17:55:00,20.8,418.23,33.77,0.834,0,0.0,4.0
2026-07-12 18:00:00,19.83,414.05,32.53,0.896,0,0.0,4.0
2026-07-12 18:05:00,17.46,416.52,28.48,0.852,0,0.0,4.0
2026-07-12 18:10:00,10.0,413.19,16.44,0.898,0,0.0,4.0
2026-07-12 18:15:00,27.32,413.02,44.93,0.875,0,0.0,4.0
2026-07-12 18:20:00,10.0,410.45,16.55,0.834,0,0.0,4.0
2026-07-12 18:25:00,19.95,415.84,32.59,0.85,0,0.0,4.0
2026-07-12 18:30:00,17.46,415.66,28.53,0.846,0,0.0,4.0
2026-07-12 18:35:00,10.0,416.94,16.29,0.84,0,0.0,4.0
2026-07-12 18:40:00,14.91,415.54,24.37,0.876,0,0.0,4.0
2026-07-12 18:45:00,15.28,420.07,24.71,0.935,0,0.0,4.0
2026-07-12 18:50:00,22.36,415.44,36.56,0.899,0,0.0,4.0
2026-07-12 18:55:00,12.44,417.48,20.23,0.92,0,0.0,4.0
2026-07-12 19:00:00,14.88,414.19,24.41,0.938,0,0.0,4.0
2026-07-12 19:05:00,10.0,412.73,16.46,0.885,0,0.0,4.0
2026-07-12 19:10:00,25.29,416.79,41.22,0.849,0,0.0,4.38
2026-07-12 19:15:00,11.51,414.78,18.84,0.931,0,0.0,4.0
2026-07-12 19:20:00,18.75,417.08,30.53,0.904,0,0.0,4.0
2026-07-12 19:25:00,16.87,415.88,27.56,0.935,0,0.0,4.0
2026-07-12 19:30:00,17.17,413.02,28.24,0.898,0,0.0,4.0
2026-07-12 19:35:00,22.01,417.69,35.8,0.913,0,0.0,4.0
2026-07-12 19:40:00,26.64,412.82,43.83,0.927,0,0.0,4.0
2026-07-12 19:45:00,19.87,416.56,32.4,0.911,0,0.0,4.0
2026-07-12 19:50:00,22.23,418.2,36.11,0.888,0,0.0,4.0
2026-07-12 19:55:00,20.96,414.04,34.38,0.877,0,0.0,4.0
2026-07-12 20:00:00,24.78,417.89,40.27,0.919,0,0.0,4.27
2026-07-12 20:05:00,17.76,415.99,29.01,0.913,0,0.0,4.0
2026-07-12 20:10:00,25.86,417.13,42.11,0.864,0,0.0,4.0
2026-07-12 20:15:00,26.45,412.91,43.51,0.88,0,0.0,4.0
2026-07-12 20:20:00,26.74,415.54,43.71,0.896,0,0.0,4.0
2026-07-12 20:25:00,18.47,411.48,30.5,0.823,0,0.0,4.0
2026-07-12 20:30:00,21.39,419.28,34.65,0.85,0,0.0,4.0
2026-07-12 20:35:00,23.9,409.97,39.6,0.85,0,0.0,4.0
2026-07-12 20:40:00,16.33,414.11,26.79,0.926,0,0.0,4.0
2026-07-12 20:45:00,31.66,412.67,52.11,0.86,1,7.03,5.61
2026-07-12 20:50:00,24.13,416.69,39.34,0.885,0,0.0,4.0
2026-07-12 20:55:00,26.14,419.81,42.29,0.92,0,0.0,4.0
2026-07-12 21:00:00,22.37,416.64,36.46,0.851,0,0.0,4.0
2026-07-12 21:05:00,19.16,422.4,30.81,0.835,0,0.0,4.0
2026-07-12 21:10:00,23.33,411.56,38.51,0.934,0,0.0,4.0
2026-07-12 21:15:00,28.02,411.75,46.22,0.905,0,0.0,4.0
2026-07-12 21:20:00,30.87,412.77,50.8,0.841,1,16.41,8.16
2026-07-12 21:25:00,28.9,415.3,47.27,0.918,0,0.0,4.0
2026-07-12 21:30:00,30.43,412.43,50.11,0.914,1,5.54,8.33
2026-07-12 21:35:00,27.62,413.12,45.41,0.921,0,0.0,4.0
2026-07-12 21:40:00,32.41,416.55,52.84,0.853,1,17.93,4.71
2026-07-12 21:45:00,37.97,411.9,62.61,0.874,1,6.27,4.0
2026-07-12 21:50:00,34.72,412.17,57.22,0.903,1,12.3,4.36
2026-07-12 21:55:00,35.89,414.0,58.89,0.867,1,6.8,7.07
2026-07-12 22:00:00,33.97,414.24,55.7,0.828,1,12.24,4.0
2026-07-12 22:05:00,25.65,417.53,41.73,0.836,0,0.0,4.0
2026-07-12 22:10:00,28.62,412.75,47.09,0.892,0,0.0,4.0
2026-07-12 22:15:00,36.79,413.2,60.49,0.865,1,16.52,4.0
2026-07-12 22:20:00,35.15,416.45,57.34,0.821,1,16.69,9.19
2026-07-12 22:25:00,38.1,417.0,62.07,0.912,1,11.66,6.47
2026-07-12 22:30:00,44.99,418.57,73.01,0.87,1,12.79,4.96
2026-07-12 22:35:00,40.94,416.17,66.83,0.858,1,13.82,4.15
2026-07-12 22:40:00,44.32,415.33,72.49,0.906,1,12.51,8.48
2026-07-12 22:45:00,39.22,416.44,63.98,0.875,1,20.21,8.27
2026-07-12 22:50:00,35.44,414.33,58.1,0.903,1,7.8,6.73
2026-07-12 22:55:00,39.92,414.31,65.44,0.822,1,22.14,10.69
2026-07-12 23:00:00,36.92,410.56,61.08,0.821,1,11.63,7.37
2026-07-12 23:05:00,49.47,417.23,80.54,0.887,1,19.48,8.54
2026-07-12 23:10:00,46.38,415.53,75.81,0.938,1,22.68,8.74
2026-07-12 23:15:00,45.77,416.94,74.57,0.853,1,22.75,11.88
2026-07-12 23:20:00,50.1,407.96,83.42,0.902,1,14.05,7.13
2026-07-12 23:25:00,34.58,414.88,56.61,0.841,1,10.13,7.1
2026-07-12 23:30:00,48.37,412.86,79.58,0.857,1,17.12,10.04
2026-07-12 23:35:00,39.64,418.75,64.29,0.829,1,8.68,9.93
2026-07-12 23:40:00,46.91,416.54,76.5,0.926,1,20.81,9.74
2026-07-12 23:45:00,46.15,415.59,75.43,0.857,1,19.23,7.06
2026-07-12 23:50:00,51.78,413.92,84.98,0.848,1,20.91,10.81
2026-07-12 23:55:00,50.38,415.99,82.26,0.908,1,13.67,11.41
2026-07-13 00:00:00,56.73,412.68,93.37,0.844,1,16.15,11.34
2026-07-13 00:05:00,47.75,414.75,78.21,0.849,1,7.05,11.48
2026-07-13 00:10:00,55.07,413.55,90.46,0.832,1,18.75,7.83
2026-07-13 00:15:00,53.1,420.67,85.74,0.936,1,14.74,9.93
2026-07-13 00:20:00,44.87,418.67,72.8,0.85,1,15.18,8.85
2026-07-13 00:25:00,49.22,417.66,80.04,0.939,1,21.94,11.74
2026-07-13 00:30:00,53.82,411.27,88.89,0.841,1,20.45,12.79
2026-07-13 00:35:00,60.89,417.16,99.14,0.822,1,15.7,11.8
2026-07-13 00:40:00,58.4,415.47,95.47,0.927,1,12.1,10.28
2026-07-13 00:45:00,50.99,418.06,82.85,0.89,1,13.93,10.31
2026-07-13 00:50:00,56.87,415.81,92.91,0.862,1,12.02,8.2
2026-07-13 00:55:00,68.41,414.98,111.97,0.882,1,8.03,11.58
2026-07-13 01:00:00,59.61,415.58,97.44,0.851,1,17.92,12.94
2026-07-13 01:05:00,58.16,410.49,96.24,0.896,1,18.83,12.23
2026-07-13 01:10:00,62.98,413.08,103.57,0.894,1,24.42,11.03
2026-07-13 01:15:00,65.07,415.93,106.26,0.83,1,14.11,10.61
2026-07-13 01:20:00,59.69,417.85,97.03,0.929,1,24.95,10.14
2026-07-13 01:25:00,65.2,413.62,107.07,0.875,1,8.74,10.49
2026-07-13 01:30:00,61.75,414.9,101.09,0.843,1,18.13,12.36
2026-07-13 01:35:00,67.69,411.0,111.88,0.857,1,24.9,16.2
2026-07-13 01:40:00,65.64,418.65,106.5,0.924,1,17.81,15.76
2026-07-13 01:45:00,67.89,417.78,110.38,0.866,1,14.05,10.79
2026-07-13 01:50:00,62.37,416.63,101.68,0.887,1,15.31,12.75
2026-07-13 01:55:00,62.73,416.02,102.42,0.934,1,21.91,13.04
2026-07-13 02:00:00,72.23,418.88,117.12,0.898,1,23.78,14.68
2026-07-13 02:05:00,67.76,412.99,111.45,0.901,1,14.08,10.64
2026-07-13 02:10:00,70.23,412.72,115.59,0.85,1,20.45,11.95
2026-07-13 02:15:00,67.91,417.65,110.45,0.9,1,23.67,14.2
2026-07-13 02:20:00,74.57,417.49,121.32,0.867,1,10.64,13.07
2026-07-13 02:25:00,67.66,412.02,111.54,0.929,1,14.86,13.13
2026-07-13 02:30:00,70.63,413.67,115.97,0.836,1,24.91,11.62
2026-07-13 02:35:00,75.84,419.22,122.88,0.854,1,12.07,13.12
2026-07-13 02:40:00,78.36,416.03,127.94,0.828,1,17.39,11.89
2026-07-13 02:45:00,70.46,416.97,114.78,0.866,1,18.14,14.2
2026-07-13 02:50:00,83.44,412.1,137.54,0.838,1,8.08,14.62
2026-07-13 02:55:00,75.77,416.64,123.53,0.921,1,21.13,15.31
2026-07-13 03:00:00,69.53,411.45,114.79,0.931,1,13.26,12.33
2026-07-13 03:05:00,77.13,410.05,127.76,0.9,1,15.01,15.18
2026-07-13 03:10:00,73.89,416.82,120.41,0.832,1,17.86,18.36
2026-07-13 03:15:00,78.48,418.59,127.36,0.861,1,13.21,13.58
2026-07-13 03:20:00,76.6,414.37,125.56,0.936,1,11.5,15.5
2026-07-13 03:25:00,77.67,413.63,127.54,0.836,1,15.93,13.25
2026-07-13 03:30:00,73.21,419.28,118.6,0.887,1,11.94,13.47
2026-07-13 03:35:00,83.18,414.51,136.3,0.862,1,13.68,16.75
2026-07-13 03:40:00,72.89,414.84,119.35,0.94,1,7.17,14.13
2026-07-13 03:45:00,73.56,419.23,119.18,0.854,1,21.89,15.93
2026-07-13 03:50:00,81.36,414.12,133.44,0.826,1,13.23,17.52
2026-07-13 03:55:00,87.94,413.36,144.5,0.904,1,6.66,17.7
2026-07-13 04:00:00,78.55,417.04,127.94,0.859,1,20.8,17.3
2026-07-13 04:05:00,84.19,413.22,138.39,0.899,1,5.39,15.92
2026-07-13 04:10:00,86.41,414.64,141.56,0.833,1,16.99,14.72
2026-07-13 04:15:00,85.46,411.7,141.0,0.883,1,19.05,18.19
2026-07-13 04:20:00,80.16,415.46,131.06,0.865,1,8.82,13.99
2026-07-13 04:25:00,76.58,415.17,125.29,0.884,1,7.63,15.77
2026-07-13 04:30:00,71.3,417.42,116.02,0.922,1,7.28,10.3
2026-07-13 04:35:00,81.31,417.14,132.39,0.937,1,24.87,15.06
2026-07-13 04:40:00,88.78,416.38,144.83,0.91,1,20.1,15.39
2026-07-13 04:45:00,77.52,415.99,126.58,0.912,1,11.25,15.42
2026-07-13 04:50:00,86.88,414.82,142.27,0.883,1,11.71,14.89
2026-07-13 04:55:00,78.85,416.52,128.59,0.832,1,17.97,15.06
2026-07-13 05:00:00,84.34,412.22,138.97,0.9,1,14.15,15.55
2026-07-13 05:05:00,87.54,409.13,145.33,0.838,1,10.43,18.65
2026-07-13 05:10:00,80.87,417.9,131.45,0.849,1,6.14,15.95
2026-07-13 05:15:00,85.18,416.69,138.86,0.905,1,20.68,17.04
2026-07-13 05:20:00,82.39,414.68,134.96,0.899,1,22.76,16.02
2026-07-13 05:25:00,88.12,417.69,143.3,0.858,1,9.12,14.55
2026-07-13 05:30:00,85.88,413.17,141.18,0.913,1,6.27,13.75
2026-07-13 05:35:00,85.07,413.24,139.84,0.933,1,7.37,16.32
2026-07-13 05:40:00,92.66,412.89,152.44,0.885,1,13.29,14.08
2026-07-13 05:45:00,88.24,416.42,143.93,0.901,1,10.99,16.35
2026-07-13 05:50:00,81.51,411.04,134.7,0.853,1,6.47,15.24
2026-07-13 05:55:00,84.56,413.08,139.05,0.936,1,14.1,12.67
2026-07-13 06:00:00,84.62,415.72,138.26,0.853,1,9.08,15.56
2026-07-13 06:05:00,85.39,411.99,140.79,0.926,1,6.34,15.7
2026-07-13 06:10:00,97.59,413.35,160.37,0.931,1,18.16,23.28
2026-07-13 06:15:00,86.78,409.47,143.95,0.906,1,16.45,16.46
2026-07-13 06:20:00,74.69,416.51,121.8,0.917,1,21.53,16.54
2026-07-13 06:25:00,82.08,413.28,134.9,0.875,1,11.05,16.36
2026-07-13 06:30:00,75.04,412.25,123.64,0.93,1,7.72,14.49
2026-07-13 06:35:00,82.94,411.76,136.83,0.909,1,12.2,17.46
2026-07-13 06:40:00,74.53,413.95,122.3,0.859,1,20.57,11.11
2026-07-13 06:45:00,79.97,411.05,132.15,0.824,1,9.83,14.68
2026-07-13 06:50:00,76.57,419.86,123.87,0.885,1,10.1,14.94
2026-07-13 06:55:00,85.92,409.04,142.68,0.921,1,7.95,13.64
2026-07-13 07:00:00,83.81,413.87,137.55,0.923,1,24.73,16.21
2026-07-13 07:05:00,85.12,415.27,139.23,0.92,1,24.35,16.76
2026-07-13 07:10:00,82.86,413.06,136.25,0.846,1,18.16,15.43
2026-07-13 07:15:00,76.17,415.53,124.51,0.871,1,9.3,12.13
2026-07-13 07:20:00,85.46,413.0,140.55,0.894,1,20.33,14.66
2026-07-13 07:25:00,92.23,418.83,149.58,0.9,1,16.68,16.69
2026-07-13 07:30:00,84.38,412.2,139.05,0.86,1,19.99,17.08
2026-07-13 07:35:00,79.91,409.12,132.67,0.903,1,22.21,15.71
2026-07-13 07:40:00,74.58,411.75,123.03,0.891,1,11.37,14.45
2026-07-13 07:45:00,76.85,415.97,125.49,0.888,1,23.27,14.46
2026-07-13 07:50:00,83.31,414.71,136.46,0.9,1,22.97,14.2
2026-07-13 07:55:00,86.05,416.88,140.21,0.892,1,15.94,15.58
2026-07-13 08:00:00,81.62,416.25,133.18,0.84,1,18.69,13.7
2026-07-13 08:05:00,83.92,413.41,137.89,0.925,1,13.22,8.77
2026-07-13 08:10:00,83.06,413.78,136.35,0.849,1,18.1,15.82
2026-07-13 08:15:00,81.63,414.04,133.93,0.909,1,15.98,14.89
2026-07-13 08:20:00,75.38,419.71,121.99,0.841,1,11.46,17.0
2026-07-13 08:25:00,79.1,416.73,128.92,0.899,1,11.46,16.4
2026-07-13 08:30:00,73.53,419.73,118.99,0.927,1,18.03,15.24
2026-07-13 08:35:00,77.38,417.1,126.02,0.821,1,24.13,12.83
2026-07-13 08:40:00,78.47,414.84,128.48,0.938,1,9.03,16.93
2026-07-13 08:45:00,84.71,412.45,139.5,0.824,1,12.85,16.22
2026-07-13 08:50:00,69.26,415.5,113.22,0.821,1,21.11,12.7
2026-07-13 08:55:00,77.69,414.85,127.21,0.923,1,7.46,12.55
2026-07-13 09:00:00,82.15,414.77,134.54,0.905,1,24.88,14.52
2026-07-13 09:05:00,78.0,414.48,127.82,0.833,1,18.56,14.37
2026-07-13 09:10:00,77.81,409.87,128.95,0.932,1,23.22,12.79
2026-07-13 09:15:00,76.02,418.15,123.48,0.901,1,21.76,14.86
2026-07-13 09:20:00,78.99,414.87,129.33,0.833,1,20.54,14.86
2026-07-13 09:25:00,66.47,411.46,109.73,0.923,1,5.66,13.83
2026-07-13 09:30:00,64.38,416.2,105.06,0.878,1,13.13,11.9
2026-07-13 09:35:00,70.66,412.86,116.26,0.853,1,9.04,8.97
2026-07-13 09:40:00,59.27,416.41,96.68,0.919,1,22.43,11.07
2026-07-13 09:45:00,75.6,417.2,123.08,0.909,1,18.61,11.93
2026-07-13 09:50:00,74.91,417.55,121.86,0.895,1,7.14,12.46
2026-07-13 09:55:00,65.99,414.6,108.12,0.928,1,12.19,10.31
2026-07-13 10:00:00,65.65,413.97,107.72,0.923,1,6.39,16.96
2026-07-13 10:05:00,66.47,413.44,109.21,0.847,1,19.8,12.17
2026-07-13 10:10:00,66.42,413.19,109.19,0.925,1,13.37,14.28
2026-07-13 10:15:00,66.12,414.96,108.23,0.865,1,9.69,11.68
2026-07-13 10:20:00,67.58,414.48,110.76,0.872,1,15.35,12.41
2026-07-13 10:25:00,63.23,412.94,104.01,0.937,1,5.84,10.58
2026-07-13 10:30:00,68.11,412.14,112.25,0.911,1,10.15,11.16
2026-07-13 10:35:00,64.92,414.73,106.32,0.859,1,8.51,10.55
2026-07-13 10:40:00,58.94,413.91,96.72,0.898,1,23.61,12.65
2026-07-13 10:45:00,67.93,412.15,111.95,0.885,1,12.54,12.72
2026-07-13 10:50:00,53.73,417.08,87.51,0.834,1,16.69,13.58
2026-07-13 10:55:00,59.33,419.43,96.09,0.927,1,15.06,10.92
2026-07-13 11:00:00,63.89,417.41,103.98,0.919,1,18.18,11.77
2026-07-13 11:05:00,54.7,413.2,89.93,0.913,1,10.58,10.47
2026-07-13 11:10:00,59.12,414.87,96.8,0.887,1,7.42,12.41
2026-07-13 11:15:00,59.54,418.85,96.56,0.847,1,6.63,11.32
2026-07-13 11:20:00,51.78,412.07,85.35,0.926,1,8.87,12.87
2026-07-13 11:25:00,54.96,416.96,89.54,0.862,1,14.66,16.58
2026-07-13 11:30:00,53.79,411.38,88.81,0.822,1,9.72,12.06
2026-07-13 11:35:00,51.05,419.21,82.72,0.938,1,13.68,10.74
2026-07-13 11:40:00,64.56,413.92,105.94,0.923,1,5.59,7.28
2026-07-13 11:45:00,48.47,420.57,78.29,0.895,1,17.55,12.8
2026-07-13 11:50:00,56.55,419.32,91.61,0.821,1,22.56,14.14
2026-07-13 11:55:00,48.8,414.73,79.92,0.847,1,5.95,12.63
2026-07-13 12:00:00,44.57,413.2,73.26,0.874,1,9.36,10.33
2026-07-13 12:05:00,49.75,415.49,81.33,0.895,1,11.36,7.33
2026-07-13 12:10:00,51.72,414.55,84.74,0.905,1,10.74,7.62
2026-07-13 12:15:00,52.31,414.0,85.83,0.915,1,5.81,7.19
2026-07-13 12:20:00,54.76,410.85,90.53,0.887,1,7.13,10.4
2026-07-13 12:25:00,60.92,413.71,100.01,0.899,1,23.25,10.51
2026-07-13 12:30:00,46.68,412.22,76.93,0.917,1,19.23,11.35
2026-07-13 12:35:00,41.36,416.38,67.47,0.906,1,24.17,7.33
2026-07-13 12:40:00,46.19,417.48,75.15,0.935,1,13.81,8.25
2026-07-13 12:45:00,41.84,416.85,68.18,0.925,1,22.58,9.27
2026-07-13 12:50:00,47.05,415.86,76.86,0.84,1,21.33,8.43
2026-07-13 12:55:00,35.2,412.87,57.9,0.934,1,22.5,5.36
2026-07-13 13:00:00,52.78,415.51,86.29,0.845,1,5.78,5.6
2026-07-13 13:05:00,44.49,416.98,72.47,0.939,1,18.05,11.06
2026-07-13 13:10:00,31.06,413.53,51.01,0.904,1,16.33,4.28
2026-07-13 13:15:00,35.2,415.3,57.58,0.895,1,15.9,6.25
2026-07-13 13:20:00,42.11,414.64,68.98,0.859,1,15.09,7.48
2026-07-13 13:25:00,43.2,419.16,70.0,0.836,1,20.92,4.06
2026-07-13 13:30:00,30.24,417.13,49.25,0.835,1,24.36,7.32
2026-07-13 13:35:00,39.47,416.52,64.37,0.924,1,21.58,11.43
2026-07-13 13:40:00,25.47,410.71,42.13,0.872,0,0.0,4.0
2026-07-13 13:45:00,34.07,415.43,55.71,0.887,1,14.68,6.0
2026-07-13 13:50:00,39.4,414.61,64.55,0.932,1,18.81,10.47
2026-07-13 13:55:00,30.41,414.59,49.82,0.851,1,13.31,4.0
2026-07-13 14:00:00,24.97,411.09,41.25,0.912,0,0.0,4.0
2026-07-13 14:05:00,32.57,412.28,53.67,0.876,1,22.91,5.32
2026-07-13 14:10:00,28.17,414.83,46.13,0.846,0,0.0,4.0
2026-07-13 14:15:00,33.7,417.79,54.8,0.922,1,18.64,7.08
2026-07-13 14:20:00,25.5,413.52,41.88,0.902,0,0.0,4.0
2026-07-13 14:25:00,25.44,414.0,41.74,0.831,0,0.0,4.0
2026-07-13 14:30:00,18.59,419.45,30.1,0.885,0,0.0,4.0
2026-07-13 14:35:00,28.94,414.26,47.46,0.922,0,0.0,4.0
2026-07-13 14:40:00,26.7,414.68,43.73,0.828,0,0.0,4.0
2026-07-13 14:45:00,20.98,414.71,34.36,0.87,0,0.0,4.0
2026-07-13 14:50:00,27.32,411.64,45.09,0.917,0,0.0,4.0
2026-07-13 14:55:00,30.93,416.43,50.46,0.923,1,12.96,6.06
2026-07-13 15:00:00,24.17,413.37,39.72,0.913,0,0.0,4.0
2026-07-13 15:05:00,26.06,414.92,42.66,0.857,0,0.0,4.0
2026-07-13 15:10:00,25.56,416.11,41.73,0.881,0,0.0,4.0
2026-07-13 15:15:00,17.66,419.86,28.58,0.909,0,0.0,4.0
2026-07-13 15:20:00,33.47,411.71,55.22,0.838,1,13.92,7.18
2026-07-13 15:25:00,20.35,417.16,33.14,0.891,0,0.0,4.0
2026-07-13 15:30:00,25.51,417.17,41.54,0.906,0,0.0,4.0
2026-07-13 15:35:00,25.62,413.4,42.1,0.922,0,0.0,4.0
2026-07-13 15:40:00,20.63,416.5,33.65,0.833,0,0.0,4.0
2026-07-13 15:45:00,23.93,419.11,38.79,0.86,0,0.0,4.0
2026-07-13 15:50:00,21.71,413.09,35.7,0.885,0,0.0,4.0
2026-07-13 15:55:00,12.99,415.6,21.23,0.904,0,0.0,4.0
2026-07-13 16:00:00,18.03,416.01,29.44,0.908,0,0.0,4.08
2026-07-13 16:05:00,16.25,416.34,26.51,0.85,0,0.0,4.0
2026-07-13 16:10:00,16.65,416.92,27.12,0.822,0,0.0,4.0
2026-07-13 16:15:00,12.09,415.42,19.77,0.903,0,0.0,4.0
2026-07-13 16:20:00,23.91,416.28,39.02,0.929,0,0.0,4.0
2026-07-13 16:25:00,25.97,412.72,42.75,0.916,0,0.0,4.0
2026-07-13 16:30:00,22.55,415.41,36.88,0.895,0,0.0,4.0
2026-07-13 16:35:00,23.73,413.81,38.96,0.937,0,0.0,4.0
2026-07-13 16:40:00,15.39,411.93,25.37,0.872,0,0.0,4.0
2026-07-13 16:45:00,13.68,413.73,22.45,0.883,0,0.0,4.0
2026-07-13 16:50:00,12.73,415.67,20.8,0.821,0,0.0,4.0
2026-07-13 16:55:00,19.62,416.09,32.03,0.934,0,0.0,4.0
2026-07-13 17:00:00,17.33,411.83,28.58,0.89,0,0.0,4.0
2026-07-13 17:05:00,15.62,412.66,25.71,0.867,0,0.0,4.0
2026-07-13 17:10:00,22.31,416.81,36.35,0.825,0,0.0,4.0
2026-07-13 17:15:00,17.7,416.27,28.88,0.863,0,0.0,4.0
2026-07-13 17:20:00,11.34,417.22,18.46,0.82,0,0.0,4.0
2026-07-13 17:25:00,12.0,418.42,19.49,0.859,0,0.0,4.0
2026-07-13 17:30:00,18.71,416.34,30.52,0.934,0,0.0,4.0
2026-07-13 17:35:00,20.42,413.96,33.5,0.839,0,0.0,4.25
2026-07-13 17:40:00,17.89,415.29,29.26,0.885,0,0.0,4.0
2026-07-13 17:45:00,24.56,419.15,39.8,0.842,0,0.0,4.0
2026-07-13 17:50:00,23.21,421.91,37.36,0.914,0,0.0,4.0
2026-07-13 17:55:00,17.21,416.16,28.1,0.887,0,0.0,4.0
2026-07-13 18:00:00,10.81,416.34,17.63,0.844,0,0.0,4.0
2026-07-13 18:05:00,10.0,416.81,16.3,0.924,0,0.0,4.0
2026-07-13 18:10:00,13.1,415.06,21.43,0.914,0,0.0,4.0
2026-07-13 18:15:00,18.84,417.91,30.62,0.934,0,0.0,4.0
2026-07-13 18:20:00,24.27,417.52,39.48,0.82,0,0.0,4.0
2026-07-13 18:25:00,17.3,415.89,28.25,0.875,0,0.0,4.0
2026-07-13 18:30:00,21.14,414.2,34.67,0.94,0,0.0,4.0
2026-07-13 18:35:00,14.18,411.2,23.43,0.917,0,0.0,4.0
2026-07-13 18:40:00,18.65,416.83,30.38,0.92,0,0.0,4.0
2026-07-13 18:45:00,19.79,415.53,32.35,0.895,0,0.0,4.0
2026-07-13 18:50:00,10.0,413.16,16.44,0.906,0,0.0,4.0
2026-07-13 18:55:00,13.94,412.18,22.97,0.917,0,0.0,4.0
2026-07-13 19:00:00,20.94,416.65,34.14,0.831,0,0.0,4.0
2026-07-13 19:05:00,17.77,411.0,29.37,0.903,0,0.0,4.0
2026-07-13 19:10:00,10.64,415.75,17.38,0.918,0,0.0,4.0
2026-07-13 19:15:00,10.0,417.11,16.28,0.825,0,0.0,4.0
2026-07-13 19:20:00,15.28,416.37,24.93,0.856,0,0.0,4.0
2026-07-13 19:25:00,17.02,414.02,27.93,0.859,0,0.0,4.0
2026-07-13 19:30:00,13.24,411.88,21.84,0.923,0,0.0,4.0
2026-07-13 19:35:00,18.68,416.47,30.47,0.914,0,0.0,4.0
2026-07-13 19:40:00,20.81,418.0,33.82,0.899,0,0.0,4.0
2026-07-13 19:45:00,21.96,413.57,36.07,0.917,0,0.0,4.0
2026-07-13 19:50:00,10.0,416.27,16.32,0.874,0,0.0,4.0
2026-07-13 19:55:00,12.74,418.95,20.66,0.925,0,0.0,4.0
2026-07-13 20:00:00,18.17,415.85,29.67,0.848,0,0.0,4.0
2026-07-13 20:05:00,22.94,414.01,37.64,0.905,0,0.0,4.0
2026-07-13 20:10:00,22.93,417.6,37.29,0.849,0,0.0,4.0
2026-07-13 20:15:00,23.26,413.16,38.24,0.825,0,0.0,4.0
2026-07-13 20:20:00,19.41,411.75,32.02,0.854,0,0.0,4.0
2026-07-13 20:25:00,20.14,417.03,32.8,0.879,0,0.0,4.0
2026-07-13 20:30:00,18.59,413.98,30.5,0.921,0,0.0,4.0
2026-07-13 20:35:00,26.55,414.21,43.53,0.881,0,0.0,4.0
2026-07-13 20:40:00,18.59,413.43,30.54,0.841,0,0.0,4.0
2026-07-13 20:45:00,27.94,413.82,45.85,0.939,0,0.0,4.0
2026-07-13 20:50:00,25.23,418.51,40.96,0.852,0,0.0,4.0
2026-07-13 20:55:00,24.49,419.16,39.69,0.938,0,0.0,4.0
2026-07-13 21:00:00,21.97,419.49,35.57,0.932,0,0.0,4.0
2026-07-13 21:05:00,19.02,417.73,30.93,0.885,0,0.0,4.0
2026-07-13 21:10:00,23.12,416.17,37.73,0.831,0,0.0,4.0
2026-07-13 21:15:00,25.27,411.42,41.73,0.903,0,0.0,4.0
2026-07-13 21:20:00,15.66,414.53,25.66,0.921,0,0.0,4.0
2026-07-13 21:25:00,27.11,420.39,43.8,0.873,0,0.0,4.0
2026-07-13 21:30:00,33.32,413.91,54.67,0.849,1,20.47,4.39
2026-07-13 21:35:00,32.14,418.79,52.13,0.916,1,9.19,5.76
2026-07-13 21:40:00,27.44,415.14,44.9,0.885,0,0.0,4.0
2026-07-13 21:45:00,30.79,408.3,51.22,0.844,1,12.61,4.46
2026-07-13 21:50:00,28.41,416.6,46.33,0.934,0,0.0,4.0
2026-07-13 21:55:00,32.59,418.17,52.93,0.934,1,10.19,9.45
2026-07-13 22:00:00,40.2,414.88,65.82,0.864,1,18.05,8.06
2026-07-13 22:05:00,38.01,418.08,61.75,0.828,1,9.25,4.65
2026-07-13 22:10:00,36.44,410.83,60.25,0.896,1,5.44,6.89
2026-07-13 22:15:00,32.06,411.54,52.91,0.858,1,21.29,4.0
2026-07-13 22:20:00,38.96,415.51,63.69,0.828,1,22.12,11.84
2026-07-13 22:25:00,27.47,416.19,44.83,0.927,0,0.0,4.0
2026-07-13 22:30:00,35.34,418.39,57.38,0.94,1,5.73,7.13
2026-07-13 22:35:00,40.23,416.6,65.6,0.862,1,20.22,8.63
2026-07-13 22:40:00,41.73,412.02,68.8,0.909,1,21.72,6.79
2026-07-13 22:45:00,42.1,415.53,68.82,0.828,1,11.23,11.14
2026-07-13 22:50:00,40.95,416.5,66.78,0.864,1,14.41,12.84
2026-07-13 22:55:00,39.23,410.31,64.94,0.833,1,13.16,5.99
2026-07-13 23:00:00,43.63,414.89,71.43,0.827,1,13.8,10.19
2026-07-13 23:05:00,36.92,414.16,60.55,0.891,1,21.93,5.46
2026-07-13 23:10:00,38.2,413.36,62.77,0.916,1,13.36,10.6
2026-07-13 23:15:00,43.48,416.25,70.95,0.874,1,11.05,11.3
2026-07-13 23:20:00,44.79,412.13,73.82,0.883,1,7.61,10.77
2026-07-13 23:25:00,35.55,416.04,58.04,0.852,1,18.5,4.0
2026-07-13 23:30:00,47.71,416.4,77.82,0.908,1,6.68,7.67
2026-07-13 23:35:00,50.05,417.71,81.39,0.863,1,6.22,8.1
2026-07-13 23:40:00,46.56,412.19,76.73,0.828,1,18.63,7.94
2026-07-13 23:45:00,59.58,411.24,98.42,0.84,1,18.89,14.74
2026-07-13 23:50:00,45.06,415.7,73.63,0.835,1,8.98,4.38
2026-07-13 23:55:00,47.43,414.28,77.77,0.872,1,24.14,10.65
2026-07-14 00:00:00,48.02,422.26,77.25,0.828,1,20.76,11.4
2026-07-14 00:05:00,50.38,416.15,82.24,0.917,1,18.73,8.38
2026-07-14 00:10:00,49.88,415.15,81.62,0.929,1,20.09,11.15
2026-07-14 00:15:00,45.26,414.57,74.15,0.85,1,13.24,9.83
2026-07-14 00:20:00,50.32,411.95,82.97,0.878,1,14.11,9.14
2026-07-14 00:25:00,53.32,416.41,86.98,0.882,1,22.4,13.23
2026-07-14 00:30:00,60.71,414.8,99.42,0.938,1,5.51,9.95
2026-07-14 00:35:00,66.34,414.8,108.63,0.828,1,21.05,15.51
2026-07-14 00:40:00,62.76,415.24,102.66,0.9,1,13.95,12.3
2026-07-14 00:45:00,52.95,415.55,86.55,0.861,1,14.28,9.53
2026-07-14 00:50:00,54.1,410.65,89.48,0.88,1,11.51,9.8
2026-07-14 00:55:00,57.52,417.09,93.68,0.846,1,17.14,8.0
2026-07-14 01:00:00,67.98,412.88,111.84,0.839,1,18.51,12.33
2026-07-14 01:05:00,58.97,414.65,96.59,0.849,1,8.22,8.43
2026-07-14 01:10:00,53.89,418.21,87.52,0.829,1,16.31,11.13
2026-07-14 01:15:00,58.74,419.45,95.13,0.853,1,14.3,13.37
2026-07-14 01:20:00,65.76,410.75,108.74,0.903,1,20.64,13.92
2026-07-14 01:25:00,66.14,415.08,108.23,0.898,1,15.91,11.05
2026-07-14 01:30:00,62.39,415.68,101.95,0.887,1,13.59,11.3
2026-07-14 01:35:00,67.51,411.23,111.52,0.82,1,15.58,13.57
2026-07-14 01:40:00,53.43,417.01,87.02,0.835,1,14.81,11.12
2026-07-14 01:45:00,66.0,415.29,107.95,0.921,1,23.7,16.85
2026-07-14 01:50:00,70.46,415.49,115.2,0.853,1,11.24,14.69
2026-07-14 01:55:00,62.67,412.71,103.15,0.929,1,5.75,11.91
2026-07-14 02:00:00,63.32,416.03,103.38,0.925,1,18.24,12.55
2026-07-14 02:05:00,58.82,417.1,95.8,0.839,1,17.08,10.64
2026-07-14 02:10:00,76.75,415.32,125.53,0.928,1,23.2,14.98
2026-07-14 02:15:00,65.84,413.72,108.11,0.895,1,7.35,13.88
2026-07-14 02:20:00,71.28,413.91,116.98,0.896,1,15.45,11.97
2026-07-14 02:25:00,73.72,415.55,120.49,0.922,1,8.02,14.62
2026-07-14 02:30:00,78.87,415.12,129.05,0.869,1,14.11,14.65
2026-07-14 02:35:00,71.14,417.26,115.8,0.908,1,20.99,17.82
2026-07-14 02:40:00,69.8,413.8,114.58,0.9,1,22.15,14.35
2026-07-14 02:45:00,73.94,411.95,121.92,0.913,1,21.68,15.15
2026-07-14 02:50:00,80.07,415.9,130.77,0.899,1,15.95,13.23
2026-07-14 02:55:00,73.35,413.81,120.41,0.83,1,17.68,17.47
2026-07-14 03:00:00,69.97,416.96,113.99,0.855,1,16.03,14.57
2026-07-14 03:05:00,67.58,415.02,110.61,0.933,1,16.22,16.13
2026-07-14 03:10:00,69.7,416.64,113.63,0.847,1,22.7,13.26
2026-07-14 03:15:00,80.64,412.46,132.79,0.877,1,9.19,14.97
2026-07-14 03:20:00,75.21,415.36,122.99,0.863,1,13.78,11.06
2026-07-14 03:25:00,74.26,413.25,122.06,0.83,1,17.2,18.49
2026-07-14 03:30:00,74.19,411.95,122.33,0.842,1,20.31,15.22
2026-07-14 03:35:00,78.65,412.85,129.4,0.854,1,20.24,19.46
2026-07-14 03:40:00,77.47,413.64,127.22,0.876,1,7.34,13.51
2026-07-14 03:45:00,77.74,418.11,126.29,0.925,1,9.44,15.55
2026-07-14 03:50:00,86.27,413.57,141.68,0.882,1,23.23,18.98
2026-07-14 03:55:00,87.61,411.82,144.51,0.898,1,12.15,17.14
2026-07-14 04:00:00,72.26,415.33,118.18,0.871,1,5.05,12.49
2026-07-14 04:05:00,82.32,415.07,134.72,0.924,1,9.0,14.17
2026-07-14 04:10:00,77.16,413.77,126.67,0.9,1,24.39,14.31
2026-07-14 04:15:00,80.15,414.6,131.31,0.831,1,11.19,21.16
2026-07-14 04:20:00,83.27,417.44,135.49,0.877,1,17.27,14.42
2026-07-14 04:25:00,80.97,416.68,132.0,0.919,1,19.53,10.96
2026-07-14 04:30:00,83.49,416.46,136.17,0.908,1,17.93,16.01
2026-07-14 04:35:00,85.99,412.04,141.75,0.929,1,12.55,16.16
2026-07-14 04:40:00,84.36,422.22,135.72,0.847,1,13.61,15.14
2026-07-14 04:45:00,79.91,417.63,129.97,0.937,1,21.76,14.04
2026-07-14 04:50:00,80.23,416.29,130.92,0.854,1,18.26,14.72
2026-07-14 04:55:00,76.4,412.09,125.94,0.826,1,5.47,10.98
2026-07-14 05:00:00,79.54,417.37,129.45,0.879,1,9.07,18.88
2026-07-14 05:05:00,93.81,413.75,154.01,0.833,1,10.73,17.99
2026-07-14 05:10:00,80.21,414.51,131.44,0.902,1,12.31,15.33
2026-07-14 05:15:00,78.36,410.8,129.57,0.928,1,16.54,17.36
2026-07-14 05:20:00,86.07,411.9,141.93,0.931,1,12.33,22.37
2026-07-14 05:25:00,84.04,416.1,137.19,0.893,1,21.5,15.27
2026-07-14 05:30:00,83.72,417.52,136.21,0.884,1,14.48,16.5
2026-07-14 05:35:00,91.84,416.71,149.7,0.939,1,15.04,19.14
2026-07-14 05:40:00,87.61,416.63,142.84,0.89,1,13.55,18.04
2026-07-14 05:45:00,82.28,414.84,134.72,0.931,1,11.21,17.46
2026-07-14 05:50:00,82.84,413.98,135.93,0.93,1,19.5,18.01
2026-07-14 05:55:00,82.48,415.72,134.76,0.855,1,9.59,14.38
2026-07-14 06:00:00,89.37,417.05,145.56,0.822,1,18.79,19.79
2026-07-14 06:05:00,83.45,415.01,136.59,0.873,1,15.59,15.54
2026-07-14 06:10:00,76.0,418.03,123.49,0.923,1,7.05,14.68
2026-07-14 06:15:00,84.68,414.46,138.79,0.92,1,5.36,16.93
2026-07-14 06:20:00,77.18,412.55,127.08,0.892,1,8.39,12.67
2026-07-14 06:25:00,95.71,414.97,156.67,0.839,1,20.22,19.24
2026-07-14 06:30:00,79.87,415.26,130.65,0.833,1,12.69,16.44
2026-07-14 06:35:00,83.78,414.79,137.2,0.935,1,21.1,11.76
2026-07-14 06:40:00,85.76,418.2,139.29,0.871,1,15.04,19.43
2026-07-14 06:45:00,82.88,417.01,135.01,0.898,1,5.65,13.31
2026-07-14 06:50:00,82.72,411.42,136.57,0.929,1,21.92,16.62
2026-07-14 06:55:00,86.11,418.84,139.64,0.924,1,23.73,20.22
2026-07-14 07:00:00,91.44,408.15,152.18,0.888,1,6.48,18.29
2026-07-14 07:05:00,87.44,420.38,141.29,0.879,1,9.17,18.6
2026-07-14 07:10:00,90.77,414.28,148.83,0.908,1,19.31,19.87
2026-07-14 07:15:00,77.91,414.53,127.66,0.862,1,24.94,14.13
2026-07-14 07:20:00,84.48,414.85,138.32,0.895,1,22.53,13.94
2026-07-14 07:25:00,83.4,415.96,136.18,0.823,1,6.98,16.32
2026-07-14 07:30:00,84.09,415.0,137.64,0.919,1,17.14,17.64
2026-07-14 07:35:00,88.92,414.67,145.65,0.94,1,18.3,19.47
2026-07-14 07:40:00,80.62,418.27,130.92,0.935,1,17.62,17.2
2026-07-14 07:45:00,79.36,416.41,129.46,0.863,1,16.36,13.97
2026-07-14 07:50:00,83.72,412.6,137.82,0.884,1,10.84,17.64
2026-07-14 07:55:00,71.79,416.85,116.99,0.848,1,18.37,8.99
2026-07-14 08:00:00,79.13,416.31,129.1,0.856,1,19.57,18.16
2026-07-14 08:05:00,79.25,413.64,130.14,0.875,1,16.52,13.04
2026-07-14 08:10:00,74.92,416.98,122.04,0.91,1,14.94,12.13
2026-07-14 08:15:00,84.39,414.61,138.25,0.822,1,9.38,21.41
2026-07-14 08:20:00,73.36,414.45,120.23,0.867,1,15.89,14.13
2026-07-14 08:25:00,77.55,414.38,127.12,0.887,1,7.57,13.75
2026-07-14 08:30:00,79.23,408.93,131.61,0.846,1,6.45,11.92
2026-07-14 08:35:00,84.06,413.68,138.03,0.829,1,20.56,17.18
2026-07-14 08:40:00,76.76,416.78,125.1,0.885,1,18.53,16.58
2026-07-14 08:45:00,81.0,414.94,132.59,0.897,1,17.98,14.67
2026-07-14 08:50:00,79.31,411.79,130.82,0.897,1,23.56,10.49
2026-07-14 08:55:00,75.9,417.41,123.51,0.863,1,12.62,18.05
2026-07-14 09:00:00,69.3,414.25,113.63,0.848,1,12.99,12.46
2026-07-14 09:05:00,67.03,411.95,110.53,0.846,1,13.27,12.01
2026-07-14 09:10:00,74.18,420.52,119.82,0.825,1,14.31,13.99
2026-07-14 09:15:00,70.36,412.37,115.9,0.842,1,15.26,11.57
2026-07-14 09:20:00,77.09,417.2,125.52,0.918,1,20.56,17.85
2026-07-14 09:25:00,75.64,413.08,124.38,0.82,1,9.35,15.76
2026-07-14 09:30:00,70.38,415.34,115.11,0.825,1,13.68,14.48
2026-07-14 09:35:00,64.91,412.74,106.82,0.835,1,15.1,17.78
2026-07-14 09:40:00,72.63,411.9,119.77,0.87,1,8.38,11.88
2026-07-14 09:45:00,64.36,416.31,105.0,0.86,1,19.04,15.49
2026-07-14 09:50:00,65.01,416.01,106.15,0.841,1,6.13,6.87
2026-07-14 09:55:00,63.26,417.86,102.83,0.833,1,16.72,13.71
2026-07-14 10:00:00,66.81,414.91,109.37,0.933,1,9.04,17.69
2026-07-14 10:05:00,72.69,420.55,117.4,0.929,1,5.17,10.92
2026-07-14 10:10:00,66.14,415.67,108.07,0.913,1,11.32,16.27
2026-07-14 10:15:00,63.26,416.42,103.2,0.85,1,13.58,8.87
2026-07-14 10:20:00,57.16,411.6,94.34,0.859,1,21.35,16.16
2026-07-14 10:25:00,66.86,413.46,109.83,0.9,1,13.16,11.63
2026-07-14 10:30:00,59.49,416.3,97.07,0.855,1,23.31,10.16
2026-07-14 10:35:00,63.27,414.79,103.62,0.884,1,21.85,11.24
2026-07-14 10:40:00,60.2,415.47,98.42,0.898,1,8.85,11.35
2026-07-14 10:45:00,65.44,412.96,107.64,0.882,1,8.11,11.83
2026-07-14 10:50:00,59.74,415.3,97.71,0.87,1,9.88,11.13
2026-07-14 10:55:00,59.5,415.3,97.32,0.862,1,12.19,12.05
2026-07-14 11:00:00,61.49,412.05,101.36,0.913,1,16.67,12.45
2026-07-14 11:05:00,68.85,416.61,112.26,0.909,1,7.48,12.78
2026-07-14 11:10:00,62.02,410.75,102.56,0.904,1,15.64,10.92
2026-07-14 11:15:00,56.39,415.46,92.19,0.865,1,16.62,11.97
2026-07-14 11:20:00,56.09,419.41,90.85,0.913,1,18.22,11.88
2026-07-14 11:25:00,52.7,416.7,85.91,0.935,1,16.0,11.05
2026-07-14 11:30:00,49.82,416.69,81.21,0.903,1,21.5,10.04
2026-07-14 11:35:00,51.05,412.76,84.01,0.869,1,17.83,8.48
2026-07-14 11:40:00,49.19,419.42,79.66,0.916,1,23.49,10.2
2026-07-14 11:45:00,55.56,418.44,90.18,0.893,1,19.02,10.31
2026-07-14 11:50:00,46.17,412.89,75.96,0.925,1,13.72,4.22
2026-07-14 11:55:00,57.43,413.81,94.27,0.906,1,9.19,13.11
2026-07-14 12:00:00,53.76,418.14,87.33,0.912,1,5.21,10.54
2026-07-14 12:05:00,49.34,419.49,79.89,0.9,1,6.81,9.17
2026-07-14 12:10:00,48.47,411.84,79.95,0.831,1,8.79,10.38
2026-07-14 12:15:00,44.92,412.49,73.98,0.878,1,9.33,6.81
2026-07-14 12:20:00,48.3,414.64,79.12,0.827,1,19.84,12.83
2026-07-14 12:25:00,51.63,409.57,85.63,0.874,1,12.72,12.72
2026-07-14 12:30:00,41.92,415.05,68.6,0.906,1,11.49,5.43
2026-07-14 12:35:00,37.01,417.96,60.14,0.871,1,6.05,5.5
2026-07-14 12:40:00,47.44,411.4,78.32,0.82,1,15.77,10.89
2026-07-14 12:45:00,44.79,415.32,73.26,0.864,1,17.26,9.5
2026-07-14 12:50:00,36.82,413.55,60.48,0.828,1,22.56,7.72
2026-07-14 12:55:00,38.01,419.1,61.61,0.914,1,15.06,8.61
2026-07-14 13:00:00,36.65,413.58,60.19,0.914,1,5.15,4.0
2026-07-14 13:05:00,36.58,418.8,59.34,0.917,1,6.31,4.77
2026-07-14 13:10:00,37.86,413.51,62.19,0.824,1,10.42,5.94
2026-07-14 13:15:00,37.42,416.93,60.96,0.824,1,7.78,8.89
2026-07-14 13:20:00,34.78,415.63,56.83,0.928,1,20.41,4.0
2026-07-14 13:25:00,33.52,414.65,54.92,0.835,1,7.16,6.81
2026-07-14 13:30:00,35.46,413.02,58.32,0.9,1,8.22,5.92
2026-07-14 13:35:00,36.74,415.81,60.02,0.915,1,18.34,9.03
2026-07-14 13:40:00,33.63,413.9,55.19,0.874,1,9.79,8.41
2026-07-14 13:45:00,40.31,413.28,66.26,0.886,1,24.38,12.4
2026-07-14 13:50:00,36.38,418.68,59.02,0.847,1,22.26,4.95
2026-07-14 13:55:00,25.21,416.37,41.13,0.931,0,0.0,4.0
2026-07-14 14:00:00,35.12,416.61,57.26,0.856,1,11.86,7.03
2026-07-14 14:05:00,34.87,414.02,57.21,0.846,1,6.14,9.84
2026-07-14 14:10:00,29.02,414.54,47.55,0.883,0,0.0,4.0
2026-07-14 14:15:00,23.08,414.38,37.83,0.843,0,0.0,4.0
2026-07-14 14:20:00,29.97,415.84,48.95,0.902,0,0.0,4.0
2026-07-14 14:25:00,29.27,416.6,47.72,0.882,0,0.0,4.0
2026-07-14 14:30:00,23.09,414.92,37.79,0.838,0,0.0,4.0
2026-07-14 14:35:00,20.84,413.02,34.27,0.828,0,0.0,4.01
2026-07-14 14:40:00,27.06,416.9,44.1,0.836,0,0.0,4.0
2026-07-14 14:45:00,25.76,415.08,42.15,0.836,0,0.0,4.0
2026-07-14 14:50:00,24.27,411.4,40.07,0.858,0,0.0,4.0
2026-07-14 14:55:00,25.38,409.66,42.08,0.92,0,0.0,4.0
2026-07-14 15:00:00,19.74,415.74,32.25,0.827,0,0.0,4.0
2026-07-14 15:05:00,22.54,412.93,37.08,0.835,0,0.0,4.0
2026-07-14 15:10:00,26.86,416.08,43.85,0.856,0,0.0,4.0
2026-07-14 15:15:00,21.94,413.06,36.07,0.886,0,0.0,4.0
2026-07-14 15:20:00,14.83,415.33,24.25,0.912,0,0.0,4.0
2026-07-14 15:25:00,20.34,414.05,33.37,0.931,0,0.0,4.0
2026-07-14 15:30:00,16.88,419.38,27.34,0.869,0,0.0,4.0
2026-07-14 15:35:00,23.11,417.38,37.61,0.833,0,0.0,4.0
2026-07-14 15:40:00,22.92,418.37,37.22,0.846,0,0.0,4.0
2026-07-14 15:45:00,12.6,415.06,20.63,0.854,0,0.0,4.0
2026-07-14 15:50:00,24.28,417.06,39.54,0.914,0,0.0,4.0
2026-07-14 15:55:00,14.52,415.23,23.75,0.902,0,0.0,4.0
2026-07-14 16:00:00,27.49,418.67,44.59,0.845,0,0.0,4.0
2026-07-14 16:05:00,19.07,414.82,31.23,0.921,0,0.0,4.0
2026-07-14 16:10:00,12.72,411.51,21.0,0.923,0,0.0,4.0
2026-07-14 16:15:00,12.9,410.0,21.37,0.926,0,0.0,4.0
2026-07-14 16:20:00,20.02,419.17,32.44,0.853,0,0.0,4.0
2026-07-14 16:25:00,16.01,416.2,26.13,0.836,0,0.0,4.0
2026-07-14 16:30:00,17.18,416.36,28.03,0.832,0,0.0,4.0
2026-07-14 16:35:00,25.44,418.72,41.27,0.868,0,0.0,4.0
2026-07-14 16:40:00,13.61,410.87,22.51,0.872,0,0.0,4.0
2026-07-14 16:45:00,17.16,414.1,28.14,0.924,0,0.0,4.0
2026-07-14 16:50:00,23.72,414.41,38.88,0.852,0,0.0,4.0
2026-07-14 16:55:00,17.75,416.86,28.92,0.895,0,0.0,4.0
2026-07-14 17:00:00,10.0,413.27,16.44,0.915,0,0.0,4.0
2026-07-14 17:05:00,18.53,412.0,30.55,0.852,0,0.0,4.0
2026-07-14 17:10:00,10.01,411.97,16.51,0.852,0,0.0,4.0
2026-07-14 17:15:00,22.71,417.87,36.91,0.9,0,0.0,4.0
2026-07-14 17:20:00,11.42,413.14,18.77,0.907,0,0.0,4.0
2026-07-14 17:25:00,30.25,413.62,49.69,0.935,1,16.95,4.12
2026-07-14 17:30:00,22.64,416.59,36.91,0.922,0,0.0,4.0
2026-07-14 17:35:00,11.22,413.25,18.45,0.919,0,0.0,4.0
2026-07-14 17:40:00,15.23,410.74,25.19,0.903,0,0.0,4.0
2026-07-14 17:45:00,18.84,411.05,31.14,0.834,0,0.0,4.0
2026-07-14 17:50:00,18.95,414.86,31.03,0.917,0,0.0,4.0
2026-07-14 17:55:00,17.22,416.24,28.1,0.932,0,0.0,4.0
2026-07-14 18:00:00,21.26,414.49,34.84,0.867,0,0.0,4.0
2026-07-14 18:05:00,14.39,416.08,23.5,0.858,0,0.0,4.0
2026-07-14 18:10:00,13.2,410.97,21.82,0.883,0,0.0,4.0
2026-07-14 18:15:00,13.34,411.14,22.04,0.935,0,0.0,4.0
2026-07-14 18:20:00,19.43,420.63,31.37,0.826,0,0.0,4.0
2026-07-14 18:25:00,17.03,418.08,27.67,0.905,0,0.0,4.0
2026-07-14 18:30:00,16.76,416.92,27.3,0.918,0,0.0,4.0
2026-07-14 18:35:00,19.38,413.35,31.85,0.915,0,0.0,4.0
2026-07-14 18:40:00,10.0,414.4,16.39,0.888,0,0.0,4.0
2026-07-14 18:45:00,17.22,415.0,28.19,0.93,0,0.0,4.0
2026-07-14 18:50:00,16.92,418.29,27.48,0.836,0,0.0,4.0
2026-07-14 18:55:00,24.35,416.01,39.75,0.849,0,0.0,4.0
2026-07-14 19:00:00,10.0,416.31,16.32,0.857,0,0.0,4.0
2026-07-14 19:05:00,24.18,414.58,39.62,0.821,0,0.0,4.0
2026-07-14 19:10:00,17.0,416.98,27.69,0.864,0,0.0,4.0
2026-07-14 19:15:00,19.3,415.76,31.54,0.839,0,0.0,4.0
2026-07-14 19:20:00,25.49,415.11,41.71,0.907,0,0.0,4.0
2026-07-14 19:25:00,20.18,413.14,33.18,0.87,0,0.0,4.0
2026-07-14 19:30:00,19.67,414.72,32.21,0.905,0,0.0,4.0
2026-07-14 19:35:00,19.18,412.3,31.59,0.855,0,0.0,4.0
2026-07-14 19:40:00,15.86,414.9,25.97,0.836,0,0.0,4.0
2026-07-14 19:45:00,18.47,415.22,30.21,0.836,0,0.0,4.0
2026-07-14 19:50:00,15.38,408.99,25.54,0.844,0,0.0,4.0
2026-07-14 19:55:00,19.09,414.42,31.29,0.834,0,0.0,4.0
2026-07-14 20:00:00,10.0,412.06,16.48,0.846,0,0.0,4.0
2026-07-14 20:05:00,22.22,416.25,36.27,0.889,0,0.0,4.0
2026-07-14 20:10:00,19.87,416.59,32.4,0.851,0,0.0,4.0
2026-07-14 20:15:00,19.22,413.93,31.54,0.861,0,0.0,4.0
2026-07-14 20:20:00,22.43,416.37,36.59,0.826,0,0.0,4.0
2026-07-14 20:25:00,14.61,416.48,23.82,0.927,0,0.0,4.0
2026-07-14 20:30:00,31.88,414.43,52.25,0.837,1,22.02,5.73
2026-07-14 20:35:00,22.19,418.84,35.99,0.862,0,0.0,4.0
2026-07-14 20:40:00,22.46,413.19,36.92,0.866,0,0.0,4.0
2026-07-14 20:45:00,18.86,418.68,30.6,0.913,0,0.0,4.0
2026-07-14 20:50:00,24.32,414.44,39.85,0.878,0,0.0,4.0
2026-07-14 20:55:00,31.65,412.89,52.07,0.866,1,15.14,4.0
2026-07-14 21:00:00,30.43,414.12,49.91,0.904,1,18.04,5.0
2026-07-14 21:05:00,30.07,412.25,49.54,0.892,1,21.03,9.07
2026-07-14 21:10:00,29.09,416.96,47.38,0.829,0,0.0,4.0
2026-07-14 21:15:00,25.13,410.99,41.53,0.858,0,0.0,4.0
2026-07-14 21:20:00,20.25,418.47,32.87,0.937,0,0.0,4.0
2026-07-14 21:25:00,27.09,412.66,44.59,0.878,0,0.0,4.0
2026-07-14 21:30:00,27.51,417.09,44.81,0.871,0,0.0,4.0
2026-07-14 21:35:00,34.55,415.06,56.54,0.838,1,6.04,4.0
2026-07-14 21:40:00,31.47,415.68,51.43,0.921,1,10.37,4.0
2026-07-14 21:45:00,38.62,413.52,63.43,0.836,1,17.28,9.33
2026-07-14 21:50:00,37.18,415.88,60.73,0.833,1,11.7,6.79
2026-07-14 21:55:00,29.56,415.34,48.34,0.873,0,0.0,4.0
2026-07-14 22:00:00,23.52,411.36,38.84,0.872,0,0.0,4.0
2026-07-14 22:05:00,40.09,412.59,66.01,0.938,1,24.7,9.65
2026-07-14 22:10:00,40.64,413.65,66.73,0.835,1,5.33,7.27
2026-07-14 22:15:00,27.69,413.11,45.53,0.878,0,0.0,4.0
2026-07-14 22:20:00,42.75,418.13,69.45,0.844,1,14.99,7.53
2026-07-14 22:25:00,37.81,415.02,61.89,0.904,1,11.75,7.01
2026-07-14 22:30:00,37.41,413.05,61.52,0.867,1,20.64,9.18
2026-07-14 22:35:00,45.39,413.77,74.51,0.898,1,18.09,8.68
2026-07-14 22:40:00,44.75,413.74,73.47,0.861,1,6.37,5.9
2026-07-14 22:45:00,42.01,414.28,68.87,0.888,1,15.9,12.2
2026-07-14 22:50:00,41.84,412.31,68.93,0.876,1,11.73,8.84
2026-07-14 22:55:00,43.29,412.97,71.2,0.865,1,24.3,12.15
2026-07-14 23:00:00,38.94,416.92,63.44,0.885,1,14.51,5.21
2026-07-14 23:05:00,41.41,415.46,67.7,0.866,1,23.55,8.04
2026-07-14 23:10:00,37.91,414.62,62.11,0.917,1,5.6,7.55
2026-07-14 23:15:00,41.51,415.01,67.94,0.879,1,7.07,9.34
2026-07-14 23:20:00,42.09,414.89,68.91,0.928,1,12.73,4.0
2026-07-14 23:25:00,41.5,414.48,68.01,0.847,1,22.74,4.32
2026-07-14 23:30:00,46.12,416.29,75.25,0.833,1,15.89,7.57
2026-07-14 23:35:00,44.57,416.11,72.76,0.866,1,21.48,10.36
2026-07-14 23:40:00,49.46,411.07,81.73,0.842,1,10.67,7.88
2026-07-14 23:45:00,39.6,414.67,64.87,0.867,1,7.23,7.2
2026-07-14 23:50:00,47.91,411.24,79.13,0.845,1,9.92,9.24
2026-07-14 23:55:00,49.89,416.59,81.35,0.924,1,17.91,7.96
2026-07-15 00:00:00,48.45,416.92,78.93,0.888,1,22.43,13.22
2026-07-15 00:05:00,49.9,413.47,81.98,0.88,1,14.1,7.85
2026-07-15 00:10:00,43.6,414.71,71.41,0.915,1,8.87,4.0
2026-07-15 00:15:00,54.07,409.72,89.64,0.836,1,17.75,8.35
2026-07-15 00:20:00,56.29,417.43,91.59,0.923,1,8.94,8.65
2026-07-15 00:25:00,56.28,416.77,91.72,0.878,1,16.41,11.35
2026-07-15 00:30:00,59.76,417.88,97.14,0.836,1,7.05,11.63
2026-07-15 00:35:00,56.33,418.72,91.38,0.918,1,21.22,12.56
2026-07-15 00:40:00,58.47,411.94,96.41,0.875,1,21.1,15.92
2026-07-15 00:45:00,57.61,417.22,93.79,0.893,1,15.83,11.23
2026-07-15 00:50:00,61.01,418.7,98.98,0.927,1,5.76,13.22
2026-07-15 00:55:00,50.43,411.26,83.3,0.927,1,10.6,8.58
2026-07-15 01:00:00,54.59,414.57,89.44,0.927,1,7.77,10.88
2026-07-15 01:05:00,67.73,414.09,111.1,0.87,1,15.47,12.16
2026-07-15 01:10:00,48.22,417.14,78.52,0.91,1,7.03,8.69
2026-07-15 01:15:00,60.55,409.02,100.56,0.848,1,22.39,12.4
2026-07-15 01:20:00,67.83,419.54,109.82,0.92,1,22.0,15.58
2026-07-15 01:25:00,62.22,414.72,101.91,0.861,1,8.12,11.48
2026-07-15 01:30:00,61.37,417.29,99.89,0.876,1,18.9,11.86
2026-07-15 01:35:00,64.74,414.85,106.01,0.927,1,18.93,13.32
2026-07-15 01:40:00,63.03,416.23,102.85,0.917,1,12.94,14.02
2026-07-15 01:45:00,65.63,409.2,108.95,0.934,1,8.06,8.96
2026-07-15 01:50:00,62.74,414.04,102.94,0.864,1,7.64,12.24
2026-07-15 01:55:00,72.38,417.12,117.86,0.838,1,19.79,10.94
2026-07-15 02:00:00,74.62,415.72,121.92,0.929,1,9.4,16.93
2026-07-15 02:05:00,67.49,410.91,111.57,0.879,1,17.07,13.78
2026-07-15 02:10:00,61.87,415.15,101.23,0.927,1,22.32,15.09
2026-07-15 02:15:00,66.83,412.95,109.92,0.908,1,16.86,9.03
2026-07-15 02:20:00,69.16,412.74,113.81,0.925,1,24.48,13.28
2026-07-15 02:25:00,73.22,411.2,120.96,0.899,1,17.91,16.09
2026-07-15 02:30:00,66.27,416.55,108.06,0.917,1,11.29,15.74
2026-07-15 02:35:00,68.06,417.78,110.66,0.834,1,22.05,14.16
2026-07-15 02:40:00,75.05,420.3,121.29,0.936,1,11.22,13.08
2026-07-15 02:45:00,77.77,411.31,128.43,0.842,1,24.43,14.6
2026-07-15 02:50:00,70.54,416.92,114.92,0.823,1,14.55,11.02
2026-07-15 02:55:00,67.54,417.08,109.99,0.884,1,24.06,16.74
2026-07-15 03:00:00,91.17,413.55,149.75,0.905,1,8.67,18.35
2026-07-15 03:05:00,79.2,412.71,130.35,0.906,1,5.23,14.1
2026-07-15 03:10:00,74.47,412.29,122.69,0.861,1,8.92,15.11
2026-07-15 03:15:00,80.66,413.68,132.44,0.91,1,6.97,14.61
2026-07-15 03:20:00,76.19,415.51,124.55,0.921,1,19.68,14.0
2026-07-15 03:25:00,81.63,418.4,132.53,0.893,1,10.29,13.46
2026-07-15 03:30:00,78.56,417.76,127.74,0.866,1,17.79,13.33
2026-07-15 03:35:00,78.68,410.96,130.05,0.894,1,18.37,15.96
2026-07-15 03:40:00,78.1,413.03,128.45,0.923,1,18.76,17.42
2026-07-15 03:45:00,71.86,418.25,116.71,0.928,1,21.65,13.24
2026-07-15 03:50:00,89.21,413.17,146.66,0.824,1,7.98,14.63
2026-07-15 03:55:00,75.21,414.86,123.15,0.835,1,6.01,16.04
2026-07-15 04:00:00,73.51,410.74,121.57,0.821,1,5.59,13.69
2026-07-15 04:05:00,79.62,417.88,129.42,0.879,1,7.08,9.53
2026-07-15 04:10:00,76.24,410.22,126.24,0.872,1,12.58,12.72
2026-07-15 04:15:00,81.13,410.89,134.12,0.885,1,24.35,16.9
2026-07-15 04:20:00,85.16,417.63,138.51,0.902,1,12.06,14.11
2026-07-15 04:25:00,87.01,419.8,140.79,0.864,1,14.06,16.48
2026-07-15 04:30:00,86.41,414.27,141.68,0.845,1,21.29,13.74
2026-07-15 04:35:00,81.09,414.88,132.77,0.867,1,23.37,14.81
2026-07-15 04:40:00,83.14,417.27,135.34,0.821,1,24.43,13.68
2026-07-15 04:45:00,85.18,415.72,139.18,0.92,1,21.53,13.56
2026-07-15 04:50:00,74.59,414.07,122.36,0.866,1,15.05,12.43
2026-07-15 04:55:00,86.45,413.79,141.92,0.895,1,9.59,18.06
2026-07-15 05:00:00,76.52,411.08,126.44,0.859,1,16.97,15.59
2026-07-15 05:05:00,94.2,415.58,153.96,0.894,1,8.94,22.14
2026-07-15 05:10:00,82.15,414.77,134.53,0.885,1,6.11,13.71
2026-07-15 05:15:00,83.4,413.91,136.87,0.845,1,23.39,18.54
2026-07-15 05:20:00,80.62,412.5,132.76,0.895,1,14.7,19.54
2026-07-15 05:25:00,81.44,412.75,134.03,0.833,1,15.16,18.0
2026-07-15 05:30:00,96.07,416.55,156.66,0.878,1,17.18,20.78
2026-07-15 05:35:00,89.49,417.2,145.71,0.906,1,14.03,17.09
2026-07-15 05:40:00,77.12,414.18,126.48,0.886,1,13.89,15.11
2026-07-15 05:45:00,92.45,413.92,151.71,0.91,1,23.3,15.68
2026-07-15 05:50:00,90.93,412.87,149.6,0.853,1,21.33,11.26
2026-07-15 05:55:00,83.59,417.34,136.04,0.826,1,9.25,15.98
2026-07-15 06:00:00,86.53,415.08,141.61,0.827,1,10.84,13.9
2026-07-15 06:05:00,84.92,415.92,138.68,0.852,1,18.21,15.21
2026-07-15 06:10:00,94.83,415.9,154.88,0.869,1,16.42,15.98
2026-07-15 06:15:00,80.94,414.23,132.73,0.885,1,20.32,16.33
2026-07-15 06:20:00,85.6,412.09,141.09,0.911,1,19.55,15.92
2026-07-15 06:25:00,82.65,412.51,136.1,0.921,1,19.17,18.74
2026-07-15 06:30:00,77.54,417.82,126.05,0.903,1,22.6,13.42
2026-07-15 06:35:00,95.55,413.19,157.08,0.876,1,20.33,18.63
2026-07-15 06:40:00,78.56,413.97,128.9,0.852,1,9.86,14.19
2026-07-15 06:45:00,85.43,412.16,140.79,0.871,1,22.46,15.82
2026-07-15 06:50:00,75.47,411.96,124.43,0.853,1,11.71,13.99
2026-07-15 06:55:00,82.0,413.08,134.84,0.895,1,23.22,19.43
2026-07-15 07:00:00,85.92,419.22,139.21,0.918,1,21.49,18.49
2026-07-15 07:05:00,79.48,416.65,129.57,0.882,1,6.48,13.58
2026-07-15 07:10:00,86.31,413.68,141.73,0.826,1,20.43,15.15
2026-07-15 07:15:00,81.8,417.71,133.01,0.933,1,15.0,13.67
2026-07-15 07:20:00,88.69,414.62,145.3,0.855,1,24.54,17.46
2026-07-15 07:25:00,89.43,418.39,145.19,0.93,1,14.17,13.3
2026-07-15 07:30:00,79.4,420.53,128.25,0.918,1,6.34,14.11
2026-07-15 07:35:00,82.42,417.57,134.07,0.87,1,10.86,16.26
2026-07-15 07:40:00,82.64,415.24,135.18,0.827,1,13.6,13.88
2026-07-15 07:45:00,84.49,416.75,137.71,0.934,1,16.84,16.14
2026-07-15 07:50:00,81.12,415.04,132.76,0.899,1,8.04,15.62
2026-07-15 07:55:00,81.64,410.41,135.11,0.85,1,15.3,11.39
2026-07-15 08:00:00,79.09,413.36,129.97,0.884,1,14.67,15.45
2026-07-15 08:05:00,80.5,412.62,132.52,0.896,1,21.73,14.52
2026-07-15 08:10:00,86.01,413.31,141.35,0.847,1,11.05,20.3
2026-07-15 08:15:00,82.33,419.48,133.32,0.831,1,13.99,15.98
2026-07-15 08:20:00,82.18,417.81,133.6,0.852,1,12.77,13.31
2026-07-15 08:25:00,81.84,416.1,133.6,0.826,1,17.64,11.42
2026-07-15 08:30:00,77.0,417.03,125.41,0.828,1,21.72,14.83
2026-07-15 08:35:00,78.89,410.27,130.61,0.839,1,18.51,18.14
2026-07-15 08:40:00,71.39,416.82,116.33,0.839,1,14.3,12.17
2026-07-15 08:45:00,82.66,417.35,134.53,0.85,1,17.76,16.49
2026-07-15 08:50:00,61.89,409.4,102.68,0.932,1,11.44,13.42
2026-07-15 08:55:00,74.85,416.91,121.94,0.889,1,7.88,15.46
2026-07-15 09:00:00,80.45,411.44,132.82,0.871,1,11.39,15.04
2026-07-15 09:05:00,67.38,410.07,111.62,0.888,1,13.87,11.3
2026-07-15 09:10:00,75.64,418.32,122.83,0.821,1,13.79,13.71
2026-07-15 09:15:00,69.67,412.48,114.73,0.927,1,19.75,11.06
2026-07-15 09:20:00,70.65,413.21,116.14,0.884,1,23.73,11.73
2026-07-15 09:25:00,76.64,417.47,124.69,0.874,1,12.78,16.72
2026-07-15 09:30:00,72.3,414.24,118.55,0.933,1,6.73,14.12
2026-07-15 09:35:00,60.52,414.55,99.17,0.908,1,5.67,11.84
2026-07-15 09:40:00,65.19,414.49,106.84,0.86,1,5.08,10.33
2026-07-15 09:45:00,74.32,415.87,121.39,0.932,1,23.76,17.33
2026-07-15 09:50:00,71.05,414.43,116.45,0.922,1,24.91,13.5
2026-07-15 09:55:00,76.9,415.29,125.78,0.935,1,6.03,14.45
2026-07-15 10:00:00,75.91,413.74,124.63,0.832,1,12.16,16.96
2026-07-15 10:05:00,65.12,415.88,106.37,0.935,1,18.39,10.97
2026-07-15 10:10:00,78.68,415.78,128.53,0.885,1,8.58,13.12
2026-07-15 10:15:00,65.6,419.74,106.16,0.901,1,16.89,15.04
2026-07-15 10:20:00,59.98,414.05,98.4,0.845,1,21.27,13.74
2026-07-15 10:25:00,60.93,414.54,99.84,0.837,1,22.16,12.87
2026-07-15 10:30:00,52.11,415.6,85.17,0.83,1,19.13,5.31
2026-07-15 10:35:00,70.72,417.41,115.08,0.871,1,6.64,16.02
2026-07-15 10:40:00,69.94,412.27,115.24,0.847,1,11.97,11.78
2026-07-15 10:45:00,56.17,415.26,91.88,0.83,1,24.35,9.99
2026-07-15 10:50:00,59.39,408.73,98.69,0.935,1,8.86,10.67
2026-07-15 10:55:00,60.27,414.32,98.81,0.908,1,14.08,8.79
2026-07-15 11:00:00,54.26,417.68,88.24,0.882,1,11.68,13.17
2026-07-15 11:05:00,49.54,413.18,81.45,0.909,1,9.11,9.77
2026-07-15 11:10:00,56.52,415.44,92.42,0.893,1,11.47,12.36
2026-07-15 11:15:00,55.22,413.68,90.68,0.841,1,8.79,8.59
2026-07-15 11:20:00,54.14,412.85,89.07,0.896,1,22.55,13.15
2026-07-15 11:25:00,56.44,417.43,91.84,0.902,1,8.49,13.87
2026-07-15 11:30:00,61.72,412.39,101.65,0.848,1,17.47,9.04
2026-07-15 11:35:00,52.29,415.73,85.44,0.858,1,23.85,8.01
2026-07-15 11:40:00,53.9,415.77,88.06,0.866,1,24.05,9.05
2026-07-15 11:45:00,55.92,412.87,92.01,0.892,1,17.01,13.05
2026-07-15 11:50:00,54.3,415.39,88.79,0.835,1,10.42,10.71
2026-07-15 11:55:00,47.69,412.66,78.5,0.909,1,9.96,8.93
2026-07-15 12:00:00,50.48,416.3,82.37,0.862,1,19.95,10.93
2026-07-15 12:05:00,51.97,411.71,85.75,0.903,1,24.61,15.05
2026-07-15 12:10:00,42.83,414.15,70.25,0.932,1,6.55,4.0
2026-07-15 12:15:00,54.03,414.37,88.57,0.924,1,20.79,10.05
2026-07-15 12:20:00,54.11,417.78,87.97,0.909,1,7.46,4.0
2026-07-15 12:25:00,42.58,415.35,69.63,0.843,1,10.96,9.38
2026-07-15 12:30:00,46.4,417.39,75.51,0.908,1,16.33,11.68
2026-07-15 12:35:00,47.89,416.39,78.12,0.896,1,10.94,8.46
2026-07-15 12:40:00,41.19,416.37,67.2,0.913,1,18.01,9.82
2026-07-15 12:45:00,45.58,414.17,74.75,0.924,1,13.34,5.32
2026-07-15 12:50:00,43.24,417.55,70.34,0.857,1,9.38,9.36
2026-07-15 12:55:00,34.34,414.11,56.33,0.897,1,15.62,12.63
2026-07-15 13:00:00,43.24,410.68,71.51,0.853,1,5.48,7.17
2026-07-15 13:05:00,34.71,414.46,56.88,0.862,1,19.82,8.2
2026-07-15 13:10:00,44.17,416.13,72.1,0.882,1,15.45,7.36
2026-07-15 13:15:00,35.39,410.98,58.5,0.872,1,23.93,7.97
2026-07-15 13:20:00,37.22,412.79,61.25,0.892,1,7.06,9.61
2026-07-15 13:25:00,44.18,411.92,72.85,0.911,1,19.65,10.32
2026-07-15 13:30:00,39.09,416.97,63.68,0.893,1,11.02,7.35
2026-07-15 13:35:00,30.51,419.18,49.43,0.936,1,12.46,5.84
2026-07-15 13:40:00,30.13,414.48,49.38,0.909,1,11.97,4.0
2026-07-15 13:45:00,31.52,416.33,51.43,0.938,1,12.16,8.63
2026-07-15 13:50:00,35.81,416.26,58.44,0.909,1,13.62,8.86
2026-07-15 13:55:00,34.96,418.88,56.69,0.881,1,5.42,4.0
2026-07-15 14:00:00,28.28,413.37,46.48,0.869,0,0.0,4.0
2026-07-15 14:05:00,26.01,414.45,42.62,0.908,0,0.0,4.0
2026-07-15 14:10:00,32.6,414.15,53.47,0.902,1,5.79,5.11
2026-07-15 14:15:00,29.65,415.19,48.5,0.9,0,0.0,4.0
2026-07-15 14:20:00,40.71,421.26,65.64,0.907,1,6.45,9.94
2026-07-15 14:25:00,29.49,415.08,48.25,0.925,0,0.0,4.0
2026-07-15 14:30:00,37.76,412.86,62.13,0.847,1,17.26,7.04
2026-07-15 14:35:00,22.24,412.11,36.66,0.888,0,0.0,4.0
2026-07-15 14:40:00,19.64,418.13,31.9,0.892,0,0.0,4.0
2026-07-15 14:45:00,21.32,412.85,35.08,0.855,0,0.0,4.0
2026-07-15 14:50:00,32.3,416.66,52.66,0.939,1,17.72,6.66
2026-07-15 14:55:00,34.58,413.3,56.83,0.914,1,14.51,5.85
2026-07-15 15:00:00,21.34,411.83,35.2,0.859,0,0.0,4.0
2026-07-15 15:05:00,22.41,416.51,36.55,0.863,0,0.0,4.0
2026-07-15 15:10:00,18.35,413.42,30.15,0.906,0,0.0,4.0
2026-07-15 15:15:00,14.63,416.06,23.88,0.821,0,0.0,4.0
2026-07-15 15:20:00,26.78,416.25,43.7,0.876,0,0.0,4.0
2026-07-15 15:25:00,23.82,416.37,38.86,0.861,0,0.0,4.0
2026-07-15 15:30:00,22.29,414.33,36.53,0.922,0,0.0,4.0
2026-07-15 15:35:00,14.77,416.72,24.08,0.915,0,0.0,4.0
2026-07-15 15:40:00,29.53,412.69,48.6,0.86,0,0.0,4.0
2026-07-15 15:45:00,18.38,408.86,30.54,0.924,0,0.0,4.0
2026-07-15 15:50:00,23.15,416.77,37.73,0.93,0,0.0,4.0
2026-07-15 15:55:00,12.81,415.41,20.94,0.886,0,0.0,4.0
2026-07-15 16:00:00,18.74,413.47,30.78,0.839,0,0.0,4.0
2026-07-15 16:05:00,20.77,411.32,34.3,0.912,0,0.0,4.0
2026-07-15 16:10:00,20.59,409.91,34.12,0.858,0,0.0,4.0
2026-07-15 16:15:00,19.38,415.13,31.71,0.883,0,0.0,4.0
2026-07-15 16:20:00,20.75,419.12,33.63,0.825,0,0.0,4.0
2026-07-15 16:25:00,12.31,414.65,20.17,0.88,0,0.0,4.0
2026-07-15 16:30:00,18.65,414.1,30.59,0.866,0,0.0,4.0
2026-07-15 16:35:00,17.95,414.94,29.38,0.902,0,0.0,4.0
2026-07-15 16:40:00,18.27,420.45,29.51,0.825,0,0.0,4.0
2026-07-15 16:45:00,17.22,416.88,28.06,0.895,0,0.0,4.0
2026-07-15 16:50:00,10.25,412.67,16.88,0.913,0,0.0,4.0
2026-07-15 16:55:00,10.0,415.07,16.36,0.822,0,0.0,4.0
2026-07-15 17:00:00,10.0,415.83,16.33,0.91,0,0.0,4.0
2026-07-15 17:05:00,20.09,412.36,33.09,0.836,0,0.0,4.0
2026-07-15 17:10:00,19.97,416.9,32.53,0.904,0,0.0,4.0
2026-07-15 17:15:00,19.89,412.96,32.72,0.875,0,0.0,4.0
2026-07-15 17:20:00,17.07,411.22,28.19,0.886,0,0.0,4.0
2026-07-15 17:25:00,10.0,415.19,16.36,0.86,0,0.0,4.0
2026-07-15 17:30:00,10.17,414.79,16.65,0.849,0,0.0,4.0
2026-07-15 17:35:00,16.06,415.0,26.29,0.829,0,0.0,4.0
2026-07-15 17:40:00,15.81,413.09,26.0,0.924,0,0.0,4.0
2026-07-15 17:45:00,13.96,413.44,22.94,0.893,0,0.0,4.0
2026-07-15 17:50:00,16.88,417.82,27.44,0.938,0,0.0,4.0
2026-07-15 17:55:00,15.07,416.1,24.6,0.922,0,0.0,4.0
2026-07-15 18:00:00,15.6,412.61,25.69,0.924,0,0.0,4.0
2026-07-15 18:05:00,11.81,410.12,19.56,0.892,0,0.0,4.0
2026-07-15 18:10:00,19.94,412.71,32.82,0.83,0,0.0,4.0
2026-07-15 18:15:00,12.92,415.39,21.13,0.93,0,0.0,4.0
2026-07-15 18:20:00,10.0,413.42,16.43,0.834,0,0.0,4.0
2026-07-15 18:25:00,11.35,413.23,18.66,0.882,0,0.0,4.0
2026-07-15 18:30:00,13.56,413.53,22.27,0.923,0,0.0,4.0
2026-07-15 18:35:00,20.38,414.82,33.37,0.877,0,0.0,4.0
2026-07-15 18:40:00,15.32,416.96,24.96,0.84,0,0.0,4.0
2026-07-15 18:45:00,14.74,415.0,24.13,0.865,0,0.0,4.0
2026-07-15 18:50:00,10.0,415.15,16.36,0.939,0,0.0,4.0
2026-07-15 18:55:00,19.93,414.44,32.67,0.94,0,0.0,4.0
2026-07-15 19:00:00,12.93,413.75,21.23,0.905,0,0.0,4.0
2026-07-15 19:05:00,15.9,417.24,25.88,0.927,0,0.0,4.0
2026-07-15 19:10:00,24.02,416.86,39.14,0.825,0,0.0,4.0
2026-07-15 19:15:00,19.4,420.11,31.37,0.853,0,0.0,4.0
2026-07-15 19:20:00,10.0,416.53,16.31,0.864,0,0.0,4.0
2026-07-15 19:25:00,10.0,413.75,16.42,0.821,0,0.0,4.0
2026-07-15 19:30:00,17.34,412.74,28.54,0.865,0,0.0,4.0
2026-07-15 19:35:00,11.9,417.38,19.37,0.831,0,0.0,4.0
2026-07-15 19:40:00,21.52,412.96,35.4,0.882,0,0.0,4.0
2026-07-15 19:45:00,18.82,417.02,30.66,0.821,0,0.0,4.0
2026-07-15 19:50:00,19.78,413.1,32.53,0.852,0,0.0,4.0
2026-07-15 19:55:00,15.78,415.87,25.78,0.924,0,0.0,4.0
2026-07-15 20:00:00,28.4,412.35,46.78,0.846,0,0.0,4.0
2026-07-15 20:05:00,34.29,416.95,55.86,0.828,1,22.54,5.9
2026-07-15 20:10:00,19.09,411.92,31.48,0.85,0,0.0,4.0
2026-07-15 20:15:00,22.66,415.68,37.03,0.919,0,0.0,4.0
2026-07-15 20:20:00,21.82,414.51,35.75,0.89,0,0.0,4.0
2026-07-15 20:25:00,20.48,415.25,33.49,0.89,0,0.0,4.0
2026-07-15 20:30:00,18.07,414.01,29.65,0.82,0,0.0,4.0
2026-07-15 20:35:00,17.28,413.95,28.35,0.877,0,0.0,4.0
2026-07-15 20:40:00,17.51,415.39,28.63,0.852,0,0.0,4.0
2026-07-15 20:45:00,25.71,412.49,42.34,0.86,0,0.0,4.0
2026-07-15 20:50:00,21.6,412.48,35.56,0.892,0,0.0,4.0
2026-07-15 20:55:00,11.83,414.1,19.4,0.925,0,0.0,4.0
2026-07-15 21:00:00,27.48,414.01,45.08,0.842,0,0.0,4.0
2026-07-15 21:05:00,25.61,412.49,42.17,0.912,0,0.0,4.0
2026-07-15 21:10:00,33.09,417.31,53.86,0.826,1,9.61,4.0
2026-07-15 21:15:00,28.79,414.16,47.22,0.859,0,0.0,4.81
2026-07-15 21:20:00,20.11,414.43,32.96,0.846,0,0.0,4.0
2026-07-15 21:25:00,16.94,411.68,27.96,0.93,0,0.0,4.0
2026-07-15 21:30:00,25.1,420.18,40.57,0.841,0,0.0,4.0
2026-07-15 21:35:00,26.18,421.07,42.23,0.889,0,0.0,4.0
2026-07-15 21:40:00,34.64,413.05,56.97,0.84,1,19.39,7.29
2026-07-15 21:45:00,30.51,418.07,49.57,0.877,1,8.52,5.64
2026-07-15 21:50:00,36.86,414.77,60.37,0.87,1,22.04,11.2
2026-07-15 21:55:00,25.22,419.01,40.88,0.825,0,0.0,4.0
2026-07-15 22:00:00,37.33,415.84,60.97,0.919,1,17.06,5.22
2026-07-15 22:05:00,36.77,415.25,60.15,0.914,1,16.79,12.25
2026-07-15 22:10:00,23.75,408.75,39.46,0.853,0,0.0,4.0
2026-07-15 22:15:00,41.13,412.8,67.68,0.894,1,5.71,7.42
2026-07-15 22:20:00,35.68,415.05,58.39,0.864,1,19.36,5.7
2026-07-15 22:25:00,37.86,415.5,61.9,0.912,1,5.48,7.95
2026-07-15 22:30:00,32.28,411.96,53.23,0.903,1,8.59,7.71
2026-07-15 22:35:00,43.69,413.18,71.83,0.831,1,15.88,7.7
2026-07-15 22:40:00,32.1,416.38,52.37,0.921,1,23.8,9.39
2026-07-15 22:45:00,42.91,411.54,70.82,0.842,1,6.32,8.5
2026-07-15 22:50:00,43.58,415.33,71.27,0.841,1,16.58,12.05
2026-07-15 22:55:00,35.34,418.09,57.41,0.908,1,11.58,9.09
2026-07-15 23:00:00,50.86,415.96,83.05,0.842,1,18.39,8.99
2026-07-15 23:05:00,42.84,415.84,69.98,0.835,1,24.06,11.35
2026-07-15 23:10:00,45.69,409.95,75.71,0.86,1,10.37,7.25
2026-07-15 23:15:00,35.54,412.95,58.45,0.921,1,24.12,9.05
2026-07-15 23:20:00,54.51,420.14,88.13,0.841,1,22.41,12.15
2026-07-15 23:25:00,38.55,413.5,63.33,0.861,1,17.14,6.6
2026-07-15 23:30:00,50.56,418.16,82.12,0.854,1,20.16,5.5
2026-07-15 23:35:00,41.22,413.47,67.71,0.863,1,22.3,11.95
2026-07-15 23:40:00,43.85,414.31,71.9,0.906,1,21.07,9.91
2026-07-15 23:45:00,51.65,416.29,84.28,0.869,1,11.53,9.92
2026-07-15 23:50:00,53.61,415.25,87.7,0.911,1,21.25,10.76
2026-07-15 23:55:00,42.88,415.95,70.02,0.897,1,11.27,10.53
2026-07-16 00:00:00,55.45,412.95,91.21,0.863,1,22.34,16.15
2026-07-16 00:05:00,55.99,412.16,92.27,0.872,1,10.11,12.67
2026-07-16 00:10:00,46.84,412.79,77.07,0.904,1,16.45,10.1
2026-07-16 00:15:00,60.28,413.67,98.99,0.884,1,18.86,12.45
2026-07-16 00:20:00,45.77,414.43,75.01,0.924,1,13.52,9.75
2026-07-16 00:25:00,50.69,417.59,82.45,0.932,1,20.66,7.84
2026-07-16 00:30:00,56.96,415.22,93.19,0.906,1,23.51,12.78
2026-07-16 00:35:00,51.06,416.21,83.32,0.939,1,8.73,6.6
2026-07-16 00:40:00,57.4,415.35,93.86,0.892,1,5.67,11.64
2026-07-16 00:45:00,58.03,412.21,95.63,0.825,1,17.53,10.23
2026-07-16 00:50:00,56.64,415.04,92.7,0.881,1,17.04,13.05
2026-07-16 00:55:00,62.48,415.33,102.19,0.848,1,11.83,12.72
2026-07-16 01:00:00,57.92,416.9,94.36,0.86,1,20.71,10.65
2026-07-16 01:05:00,60.95,412.33,100.41,0.879,1,21.52,9.71
2026-07-16 01:10:00,66.26,409.9,109.8,0.855,1,11.64,15.92
2026-07-16 01:15:00,65.2,415.44,106.61,0.857,1,18.65,12.47
2026-07-16 01:20:00,65.9,415.88,107.63,0.868,1,17.84,16.77
2026-07-16 01:25:00,56.94,414.55,93.3,0.854,1,11.85,8.0
2026-07-16 01:30:00,66.02,415.07,108.04,0.84,1,24.38,12.52
2026-07-16 01:35:00,59.7,417.2,97.21,0.912,1,11.93,6.14
2026-07-16 01:40:00,58.38,413.85,95.83,0.867,1,17.41,13.13
2026-07-16 01:45:00,65.12,414.3,106.77,0.92,1,12.6,14.29
2026-07-16 01:50:00,61.64,415.2,100.84,0.926,1,5.24,9.96
2026-07-16 01:55:00,70.79,411.95,116.72,0.91,1,6.83,11.57
2026-07-16 02:00:00,71.57,414.62,117.25,0.868,1,9.65,12.47
2026-07-16 02:05:00,58.64,414.84,96.02,0.907,1,21.24,11.06
2026-07-16 02:10:00,64.66,419.09,104.81,0.839,1,13.84,11.04
2026-07-16 02:15:00,62.15,414.25,101.9,0.899,1,16.77,14.52
2026-07-16 02:20:00,67.76,415.5,110.78,0.869,1,23.88,12.31
2026-07-16 02:25:00,72.97,417.3,118.78,0.899,1,7.94,9.15
2026-07-16 02:30:00,70.1,412.91,115.31,0.911,1,22.24,13.14
2026-07-16 02:35:00,68.96,418.44,111.94,0.888,1,12.58,11.86
2026-07-16 02:40:00,79.0,419.41,127.94,0.897,1,11.75,11.79
2026-07-16 02:45:00,61.55,414.93,100.76,0.846,1,17.51,12.39
2026-07-16 02:50:00,79.83,413.65,131.09,0.891,1,22.97,11.07
2026-07-16 02:55:00,71.48,419.07,115.86,0.875,1,11.97,14.35
2026-07-16 03:00:00,74.36,416.99,121.13,0.871,1,20.23,14.32
2026-07-16 03:05:00,72.65,415.2,118.85,0.869,1,5.38,12.04
2026-07-16 03:10:00,83.52,418.57,135.54,0.857,1,17.46,13.26
2026-07-16 03:15:00,70.16,418.3,113.93,0.857,1,17.61,10.13
2026-07-16 03:20:00,76.87,414.16,126.07,0.904,1,16.12,16.68
2026-07-16 03:25:00,79.93,415.62,130.64,0.887,1,23.76,14.88
2026-07-16 03:30:00,69.71,416.44,113.71,0.824,1,23.77,9.86
2026-07-16 03:35:00,73.63,415.07,120.49,0.826,1,11.84,13.82
2026-07-16 03:40:00,77.93,411.52,128.63,0.888,1,14.13,14.1
2026-07-16 03:45:00,74.67,412.65,122.91,0.922,1,20.85,17.75
2026-07-16 03:50:00,75.44,411.6,124.5,0.825,1,21.88,13.72
2026-07-16 03:55:00,78.17,416.23,127.57,0.881,1,13.36,17.0
2026-07-16 04:00:00,83.56,412.04,137.75,0.922,1,11.98,15.13
2026-07-16 04:05:00,78.97,415.48,129.11,0.821,1,21.41,12.56
2026-07-16 04:10:00,86.44,419.58,139.93,0.853,1,12.54,17.27
2026-07-16 04:15:00,76.4,418.57,123.98,0.93,1,13.1,17.22
2026-07-16 04:20:00,75.46,410.41,124.89,0.83,1,7.71,16.06
2026-07-16 04:25:00,91.67,411.8,151.2,0.893,1,15.86,18.02
2026-07-16 04:30:00,79.05,413.06,129.99,0.881,1,11.53,17.11
2026-07-16 04:35:00,76.07,412.08,125.38,0.838,1,16.81,14.93
2026-07-16 04:40:00,74.18,410.87,122.63,0.825,1,13.96,14.24
2026-07-16 04:45:00,88.52,414.97,144.89,0.88,1,19.96,13.53
2026-07-16 04:50:00,81.67,416.76,133.11,0.908,1,10.56,15.72
2026-07-16 04:55:00,82.33,417.39,133.99,0.841,1,8.44,18.73
2026-07-16 05:00:00,83.01,413.81,136.26,0.903,1,19.06,12.12
2026-07-16 05:05:00,89.06,414.32,146.01,0.886,1,12.68,13.63
2026-07-16 05:10:00,83.27,415.89,136.01,0.863,1,16.27,15.05
2026-07-16 05:15:00,96.05,414.73,157.31,0.9,1,23.82,15.35
2026-07-16 05:20:00,85.14,417.03,138.67,0.843,1,14.68,17.64
2026-07-16 05:25:00,89.9,416.08,146.77,0.875,1,8.05,12.59
2026-07-16 05:30:00,88.73,414.06,145.55,0.886,1,13.53,18.22
2026-07-16 05:35:00,84.61,410.36,140.05,0.875,1,14.57,18.28
2026-07-16 05:40:00,81.93,418.75,132.9,0.868,1,20.32,17.28
2026-07-16 05:45:00,86.58,413.28,142.31,0.909,1,8.9,16.08
2026-07-16 05:50:00,87.52,415.89,142.94,0.899,1,11.94,17.58
2026-07-16 05:55:00,82.13,410.21,136.0,0.897,1,6.0,12.41
2026-07-16 06:00:00,85.83,414.97,140.5,0.927,1,19.04,17.0
2026-07-16 06:05:00,91.17,415.25,149.14,0.939,1,19.88,15.98
2026-07-16 06:10:00,95.32,415.37,155.87,0.888,1,14.14,19.92
2026-07-16 06:15:00,89.2,422.53,143.39,0.862,1,15.77,18.48
2026-07-16 06:20:00,94.18,413.42,154.74,0.913,1,20.0,16.08
2026-07-16 06:25:00,81.65,417.05,132.98,0.837,1,10.37,16.03
2026-07-16 06:30:00,88.21,416.31,143.92,0.882,1,17.14,17.64
2026-07-16 06:35:00,91.29,413.3,150.03,0.883,1,24.28,16.55
2026-07-16 06:40:00,79.99,417.01,130.29,0.938,1,18.16,15.36
2026-07-16 06:45:00,81.9,414.59,134.18,0.939,1,6.56,16.25
2026-07-16 06:50:00,92.86,417.19,151.19,0.916,1,10.81,16.2
2026-07-16 06:55:00,79.12,419.9,127.99,0.877,1,15.38,12.96
2026-07-16 07:00:00,77.1,415.38,126.08,0.886,1,6.45,14.73
2026-07-16 07:05:00,91.24,414.3,149.59,0.858,1,18.53,20.78
2026-07-16 07:10:00,89.36,417.63,145.35,0.92,1,18.08,16.64
2026-07-16 07:15:00,85.3,418.49,138.46,0.91,1,22.53,15.67
2026-07-16 07:20:00,82.66,412.79,136.02,0.913,1,15.0,13.8
2026-07-16 07:25:00,80.43,413.87,132.0,0.837,1,18.84,18.08
2026-07-16 07:30:00,83.75,416.69,136.52,0.868,1,8.64,17.53
2026-07-16 07:35:00,89.93,414.67,147.32,0.884,1,5.06,16.1
2026-07-16 07:40:00,82.91,412.61,136.49,0.835,1,8.45,13.53
2026-07-16 07:45:00,92.23,416.35,150.46,0.864,1,6.24,15.07
2026-07-16 07:50:00,76.56,416.68,124.8,0.83,1,13.55,12.48
2026-07-16 07:55:00,80.59,414.16,132.17,0.935,1,14.37,14.08
2026-07-16 08:00:00,78.45,415.15,128.35,0.91,1,17.89,13.72
2026-07-16 08:05:00,74.5,413.56,122.36,0.894,1,7.82,12.1
2026-07-16 08:10:00,78.75,412.26,129.76,0.845,1,9.29,17.22
2026-07-16 08:15:00,81.19,413.76,133.28,0.86,1,20.97,19.32
2026-07-16 08:20:00,81.29,415.18,133.0,0.837,1,16.53,12.94
2026-07-16 08:25:00,89.08,411.31,147.11,0.884,1,5.59,14.99
2026-07-16 08:30:00,80.09,413.94,131.42,0.918,1,21.97,13.32
2026-07-16 08:35:00,83.05,415.22,135.86,0.822,1,17.6,16.56
2026-07-16 08:40:00,77.14,417.99,125.36,0.832,1,8.73,13.54
2026-07-16 08:45:00,84.7,414.22,138.9,0.848,1,10.04,13.37
2026-07-16 08:50:00,87.8,411.89,144.79,0.906,1,16.07,20.42
2026-07-16 08:55:00,77.94,414.48,127.73,0.927,1,16.22,15.97
2026-07-16 09:00:00,69.79,413.58,114.61,0.91,1,21.1,11.35
2026-07-16 09:05:00,71.46,416.38,116.57,0.883,1,12.17,16.95
2026-07-16 09:10:00,75.06,414.16,123.1,0.833,1,15.99,11.66
2026-07-16 09:15:00,75.36,408.22,125.39,0.911,1,16.65,15.82
2026-07-16 09:20:00,75.99,424.23,121.67,0.833,1,16.17,20.07
2026-07-16 09:25:00,74.21,415.36,121.36,0.862,1,6.46,13.38
2026-07-16 09:30:00,71.34,415.22,116.71,0.857,1,13.23,12.84
2026-07-16 09:35:00,67.51,411.15,111.54,0.863,1,11.78,13.13
2026-07-16 09:40:00,72.08,411.34,119.03,0.86,1,24.86,19.36
2026-07-16 09:45:00,78.72,414.77,128.92,0.912,1,14.31,18.3
2026-07-16 09:50:00,73.91,415.84,120.72,0.841,1,13.7,12.96
2026-07-16 09:55:00,70.83,416.76,115.44,0.922,1,14.67,14.19
2026-07-16 10:00:00,72.65,415.59,118.74,0.923,1,23.39,16.38
2026-07-16 10:05:00,64.98,412.04,107.12,0.879,1,17.23,11.57
2026-07-16 10:10:00,63.62,408.74,105.73,0.833,1,12.78,9.48
2026-07-16 10:15:00,61.74,414.75,101.12,0.889,1,23.25,14.78
2026-07-16 10:20:00,64.17,413.67,105.36,0.919,1,23.6,13.91
2026-07-16 10:25:00,61.99,411.84,102.23,0.855,1,10.29,12.41
2026-07-16 10:30:00,69.44,417.07,113.08,0.921,1,12.87,15.7
2026-07-16 10:35:00,60.31,411.06,99.66,0.901,1,24.33,9.43
2026-07-16 10:40:00,57.96,416.54,94.51,0.938,1,15.82,10.69
2026-07-16 10:45:00,70.96,411.47,117.14,0.919,1,13.63,19.55
2026-07-16 10:50:00,58.27,415.34,95.29,0.844,1,8.91,12.24
2026-07-16 10:55:00,60.56,417.33,98.57,0.874,1,12.69,12.99
2026-07-16 11:00:00,61.32,414.16,100.56,0.832,1,17.62,12.16
2026-07-16 11:05:00,52.64,419.22,85.28,0.828,1,5.77,5.51
2026-07-16 11:10:00,63.75,419.79,103.16,0.905,1,6.67,9.92
2026-07-16 11:15:00,60.01,415.59,98.09,0.93,1,5.11,13.17
2026-07-16 11:20:00,63.87,416.35,104.2,0.937,1,9.38,10.71
2026-07-16 11:25:00,51.93,417.65,84.45,0.852,1,8.66,9.39
2026-07-16 11:30:00,55.06,416.36,89.83,0.844,1,22.02,11.69
2026-07-16 11:35:00,54.01,416.09,88.16,0.887,1,8.7,7.9
2026-07-16 11:40:00,54.37,413.69,89.27,0.844,1,18.22,7.74
2026-07-16 11:45:00,45.02,410.78,74.44,0.856,1,7.37,8.44
2026-07-16 11:50:00,52.08,411.52,85.96,0.92,1,16.87,9.36
2026-07-16 11:55:00,43.63,420.96,70.4,0.917,1,13.71,9.07
2026-07-16 12:00:00,51.79,415.81,84.61,0.927,1,13.17,6.67
2026-07-16 12:05:00,38.59,414.39,63.26,0.878,1,22.13,6.82
2026-07-16 12:10:00,39.22,418.16,63.7,0.888,1,8.35,9.07
2026-07-16 12:15:00,51.8,413.13,85.17,0.912,1,16.9,16.97
2026-07-16 12:20:00,44.22,416.46,72.12,0.849,1,21.44,9.31
2026-07-16 12:25:00,41.25,415.19,67.49,0.919,1,19.28,9.94
2026-07-16 12:30:00,51.79,416.15,84.53,0.822,1,24.67,11.68
2026-07-16 12:35:00,46.31,414.16,75.96,0.916,1,5.04,9.27
2026-07-16 12:40:00,48.28,412.59,79.49,0.913,1,22.69,11.4
2026-07-16 12:45:00,42.34,412.94,69.65,0.856,1,17.27,6.27
2026-07-16 12:50:00,55.82,413.04,91.8,0.907,1,5.05,9.48
2026-07-16 12:55:00,38.66,414.99,63.28,0.846,1,14.31,8.25
2026-07-16 13:00:00,49.66,411.11,82.06,0.889,1,20.35,7.72
2026-07-16 13:05:00,39.9,411.88,65.8,0.904,1,8.65,8.62
2026-07-16 13:10:00,31.2,415.34,51.03,0.906,1,18.57,4.0
2026-07-16 13:15:00,41.16,414.68,67.43,0.938,1,7.79,9.68
2026-07-16 13:20:00,39.6,415.48,64.75,0.842,1,21.07,7.83
2026-07-16 13:25:00,32.06,414.89,52.49,0.878,1,16.37,8.19
2026-07-16 13:30:00,31.99,421.3,51.59,0.926,1,5.68,8.35
2026-07-16 13:35:00,35.78,415.32,58.52,0.887,1,6.82,10.04
2026-07-16 13:40:00,36.96,414.05,60.63,0.925,1,22.28,8.39
2026-07-16 13:45:00,22.17,415.25,36.26,0.872,0,0.0,4.0
2026-07-16 13:50:00,39.1,417.55,63.61,0.915,1,10.97,4.0
2026-07-16 13:55:00,30.69,414.88,50.25,0.924,1,16.34,4.0
2026-07-16 14:00:00,25.84,416.71,42.12,0.922,0,0.0,4.0
2026-07-16 14:05:00,36.55,415.99,59.68,0.925,1,9.48,4.0
2026-07-16 14:10:00,31.08,414.27,50.95,0.846,1,20.52,6.08
2026-07-16 14:15:00,36.64,415.28,59.92,0.873,1,10.82,6.16
2026-07-16 14:20:00,32.11,419.0,52.06,0.841,1,5.77,6.9
2026-07-16 14:25:00,29.3,415.61,47.88,0.842,0,0.0,4.0
2026-07-16 14:30:00,27.93,412.53,45.99,0.879,0,0.0,4.0
2026-07-16 14:35:00,30.51,414.2,50.03,0.935,1,21.64,8.43
2026-07-16 14:40:00,25.43,409.71,42.17,0.891,0,0.0,4.0
2026-07-16 14:45:00,22.66,415.34,37.06,0.922,0,0.0,4.0
2026-07-16 14:50:00,29.4,418.28,47.75,0.932,0,0.0,4.0
2026-07-16 14:55:00,25.07,411.65,41.38,0.83,0,0.0,4.0
2026-07-16 15:00:00,25.42,415.37,41.57,0.839,0,0.0,4.0
2026-07-16 15:05:00,30.16,417.46,49.08,0.855,1,22.6,4.0
2026-07-16 15:10:00,23.63,417.73,38.42,0.894,0,0.0,4.0
2026-07-16 15:15:00,23.76,418.2,38.59,0.827,0,0.0,4.0
2026-07-16 15:20:00,20.19,410.33,33.42,0.914,0,0.0,4.0
2026-07-16 15:25:00,24.86,416.26,40.56,0.828,0,0.0,4.0
2026-07-16 15:30:00,23.98,411.24,39.61,0.839,0,0.0,6.82
2026-07-16 15:35:00,26.28,412.5,43.27,0.866,0,0.0,4.0
2026-07-16 15:40:00,18.43,417.05,30.02,0.887,0,0.0,4.0
2026-07-16 15:45:00,18.61,415.4,30.43,0.926,0,0.0,4.0
2026-07-16 15:50:00,24.44,416.82,39.83,0.936,0,0.0,4.0
2026-07-16 15:55:00,21.34,412.68,35.12,0.926,0,0.0,4.0
2026-07-16 16:00:00,15.16,418.68,24.59,0.833,0,0.0,4.0
2026-07-16 16:05:00,25.85,416.72,42.13,0.896,0,0.0,4.0
2026-07-16 16:10:00,10.46,417.22,17.03,0.873,0,0.0,4.0
2026-07-16 16:15:00,22.53,412.3,37.12,0.835,0,0.0,4.0
2026-07-16 16:20:00,11.95,417.93,19.43,0.887,0,0.0,4.0
2026-07-16 16:25:00,27.39,414.21,44.92,0.863,0,0.0,4.0
2026-07-16 16:30:00,10.0,413.47,16.43,0.861,0,0.0,4.0
2026-07-16 16:35:00,23.14,416.56,37.73,0.831,0,0.0,4.0
2026-07-16 16:40:00,16.7,416.46,27.24,0.937,0,0.0,4.0
2026-07-16 16:45:00,15.02,412.88,24.72,0.907,0,0.0,4.0
2026-07-16 16:50:00,17.55,420.14,28.37,0.854,0,0.0,4.0
2026-07-16 16:55:00,19.56,419.54,31.67,0.93,0,0.0,4.0
2026-07-16 17:00:00,11.67,416.51,19.03,0.934,0,0.0,4.0
2026-07-16 17:05:00,11.92,416.08,19.47,0.917,0,0.0,4.0
2026-07-16 17:10:00,19.08,415.82,31.16,0.899,0,0.0,4.59
2026-07-16 17:15:00,10.0,411.13,16.52,0.865,0,0.0,4.0
2026-07-16 17:20:00,12.61,415.28,20.63,0.872,0,0.0,4.0
2026-07-16 17:25:00,30.61,415.25,50.07,0.875,1,21.79,4.99
2026-07-16 17:30:00,10.46,413.56,17.18,0.934,0,0.0,4.0
2026-07-16 17:35:00,20.95,414.23,34.35,0.911,0,0.0,4.0
2026-07-16 17:40:00,12.2,409.05,20.26,0.855,0,0.0,4.0
2026-07-16 17:45:00,17.62,412.26,29.03,0.895,0,0.0,4.0
2026-07-16 17:50:00,18.31,417.3,29.8,0.891,0,0.0,4.0
2026-07-16 17:55:00,20.65,419.33,33.46,0.917,0,0.0,4.0
2026-07-16 18:00:00,14.0,412.64,23.04,0.831,0,0.0,4.0
2026-07-16 18:05:00,24.95,415.46,40.8,0.904,0,0.0,4.0
2026-07-16 18:10:00,12.09,417.75,19.65,0.86,0,0.0,4.0
2026-07-16 18:15:00,16.25,413.7,26.67,0.836,0,0.0,4.0
2026-07-16 18:20:00,16.36,416.69,26.67,0.908,0,0.0,4.0
2026-07-16 18:25:00,10.0,414.92,16.37,0.86,0,0.0,4.0
2026-07-16 18:30:00,13.87,417.98,22.54,0.908,0,0.0,4.0
2026-07-16 18:35:00,16.21,411.79,26.75,0.839,0,0.0,4.0
2026-07-16 18:40:00,13.37,412.24,22.03,0.938,0,0.0,4.0
2026-07-16 18:45:00,27.88,415.7,45.55,0.916,0,0.0,4.0
2026-07-16 18:50:00,11.64,415.24,19.04,0.855,0,0.0,4.0
2026-07-16 18:55:00,21.9,414.86,35.86,0.909,0,0.0,4.0
2026-07-16 19:00:00,20.47,416.44,33.4,0.836,0,0.0,4.0
2026-07-16 19:05:00,16.33,412.67,26.88,0.898,0,0.0,4.0
2026-07-16 19:10:00,12.29,411.58,20.29,0.827,0,0.0,4.0
2026-07-16 19:15:00,13.02,413.75,21.37,0.86,0,0.0,4.0
2026-07-16 19:20:00,14.52,414.03,23.82,0.937,0,0.0,4.0
2026-07-16 19:25:00,10.0,414.29,16.4,0.835,0,0.0,4.0
2026-07-16 19:30:00,12.65,418.17,20.54,0.892,0,0.0,4.0
2026-07-16 19:35:00,10.55,416.93,17.19,0.828,0,0.0,4.0
2026-07-16 19:40:00,25.01,416.33,40.8,0.9,0,0.0,4.0
2026-07-16 19:45:00,21.7,415.55,35.47,0.853,0,0.0,4.0
2026-07-16 19:50:00,22.88,413.91,37.55,0.857,0,0.0,4.0
2026-07-16 19:55:00,22.26,412.87,36.62,0.861,0,0.0,5.64
2026-07-16 20:00:00,20.52,412.01,33.84,0.845,0,0.0,4.0
2026-07-16 20:05:00,27.38,413.26,45.01,0.933,0,0.0,4.0
2026-07-16 20:10:00,17.43,414.89,28.53,0.929,0,0.0,4.0
2026-07-16 20:15:00,21.43,412.11,35.32,0.924,0,0.0,4.0
2026-07-16 20:20:00,25.06,415.42,40.98,0.833,0,0.0,4.0
2026-07-16 20:25:00,15.17,414.51,24.86,0.848,0,0.0,4.0
2026-07-16 20:30:00,37.72,414.01,61.88,0.893,1,9.79,7.44
2026-07-16 20:35:00,22.85,417.9,37.14,0.936,0,0.0,4.0
2026-07-16 20:40:00,23.9,408.85,39.7,0.893,0,0.0,4.0
2026-07-16 20:45:00,29.97,414.04,49.17,0.859,0,0.0,4.0
2026-07-16 20:50:00,28.77,409.12,47.77,0.918,0,0.0,4.0
2026-07-16 20:55:00,24.91,415.6,40.71,0.836,0,0.0,4.0
2026-07-16 21:00:00,25.9,416.91,42.2,0.926,0,0.0,4.0
2026-07-16 21:05:00,18.28,411.62,30.16,0.937,0,0.0,4.0
2026-07-16 21:10:00,23.57,411.94,38.87,0.936,0,0.0,4.0
2026-07-16 21:15:00,29.51,410.75,48.8,0.838,0,0.0,4.0
2026-07-16 21:20:00,29.72,415.16,48.63,0.886,0,0.0,4.0
2026-07-16 21:25:00,34.2,414.15,56.09,0.89,1,24.83,7.31
2026-07-16 21:30:00,28.09,414.3,46.06,0.843,0,0.0,4.0
2026-07-16 21:35:00,22.37,414.08,36.69,0.886,0,0.0,4.0
2026-07-16 21:40:00,35.21,412.57,57.97,0.898,1,16.73,4.0
2026-07-16 21:45:00,37.74,417.83,61.35,0.859,1,12.89,9.93
2026-07-16 21:50:00,35.69,415.68,58.31,0.858,1,9.69,6.83
2026-07-16 21:55:00,31.02,412.04,51.15,0.827,1,17.58,4.4
2026-07-16 22:00:00,37.72,413.25,62.0,0.935,1,19.57,12.04
2026-07-16 22:05:00,50.31,412.82,82.78,0.916,1,23.91,11.19
2026-07-16 22:10:00,34.41,418.51,55.86,0.911,1,13.18,9.66
2026-07-16 22:15:00,27.96,416.78,45.57,0.823,0,0.0,4.0
2026-07-16 22:20:00,32.28,414.68,52.87,0.895,1,21.67,6.39
2026-07-16 22:25:00,39.03,419.27,63.23,0.842,1,21.63,6.1
2026-07-16 22:30:00,28.58,418.63,46.38,0.899,0,0.0,4.0
2026-07-16 22:35:00,38.16,414.42,62.55,0.895,1,12.11,7.85
2026-07-16 22:40:00,39.93,413.97,65.52,0.922,1,5.27,9.34
2026-07-16 22:45:00,46.43,414.09,76.15,0.851,1,16.18,8.26
2026-07-16 22:50:00,46.03,412.62,75.77,0.823,1,22.3,10.59
2026-07-16 22:55:00,44.53,419.33,72.13,0.93,1,21.3,12.96
2026-07-16 23:00:00,30.13,412.48,49.61,0.929,1,21.22,6.85
2026-07-16 23:05:00,46.29,417.17,75.37,0.875,1,12.04,4.41
2026-07-16 23:10:00,45.95,416.73,74.9,0.829,1,5.93,8.68
2026-07-16 23:15:00,44.45,414.24,72.89,0.88,1,8.45,8.2
2026-07-16 23:20:00,35.27,419.53,57.11,0.883,1,18.41,6.98
2026-07-16 23:25:00,40.79,411.1,67.4,0.919,1,7.68,4.04
2026-07-16 23:30:00,39.6,414.8,64.84,0.906,1,7.51,8.14
2026-07-16 23:35:00,36.11,413.78,59.29,0.828,1,12.07,5.88
2026-07-16 23:40:00,46.93,417.4,76.38,0.905,1,6.89,8.55
2026-07-16 23:45:00,43.72,415.88,71.41,0.836,1,11.6,10.64
2026-07-16 23:50:00,61.6,410.68,101.88,0.831,1,24.39,10.43
2026-07-16 23:55:00,48.39,418.1,78.62,0.868,1,5.4,8.74
2026-07-17 00:00:00,56.47,416.21,92.16,0.829,1,21.61,10.78
2026-07-17 00:05:00,42.92,412.41,70.69,0.92,1,24.87,8.59
2026-07-17 00:10:00,48.88,414.13,80.17,0.876,1,13.73,8.46
2026-07-17 00:15:00,52.77,411.75,87.06,0.89,1,23.86,9.79
2026-07-17 00:20:00,48.51,414.57,79.48,0.889,1,10.22,13.11
2026-07-17 00:25:00,51.7,415.38,84.54,0.937,1,24.65,9.56
2026-07-17 00:30:00,53.48,414.16,87.71,0.93,1,22.23,11.36
2026-07-17 00:35:00,54.15,413.87,88.88,0.922,1,22.69,11.13
2026-07-17 00:40:00,65.35,410.97,108.02,0.866,1,7.61,12.31
2026-07-17 00:45:00,58.72,415.84,95.91,0.837,1,22.4,12.8
2026-07-17 00:50:00,59.97,410.19,99.31,0.891,1,23.84,10.52
2026-07-17 00:55:00,61.02,415.08,99.85,0.873,1,21.38,15.29
2026-07-17 01:00:00,62.12,410.5,102.79,0.847,1,6.83,9.4
2026-07-17 01:05:00,59.38,415.13,97.16,0.832,1,6.7,10.64
2026-07-17 01:10:00,58.92,414.98,96.44,0.872,1,12.15,8.47
2026-07-17 01:15:00,62.08,416.01,101.37,0.898,1,19.1,14.2
2026-07-17 01:20:00,67.75,417.16,110.33,0.895,1,5.25,10.33
2026-07-17 01:25:00,68.32,417.62,111.12,0.913,1,24.01,15.24
2026-07-17 01:30:00,62.19,410.97,102.79,0.876,1,15.51,12.58
2026-07-17 01:35:00,67.94,414.85,111.23,0.859,1,12.17,13.24
2026-07-17 01:40:00,63.82,420.03,103.21,0.885,1,16.22,14.88
2026-07-17 01:45:00,65.65,415.3,107.38,0.937,1,19.32,11.39
2026-07-17 01:50:00,63.79,412.92,104.94,0.825,1,10.47,15.39
2026-07-17 01:55:00,65.93,414.8,107.96,0.883,1,10.82,11.52
2026-07-17 02:00:00,74.21,414.04,121.74,0.86,1,14.36,15.07
2026-07-17 02:05:00,68.62,412.06,113.11,0.833,1,18.4,12.82
2026-07-17 02:10:00,69.48,417.17,113.13,0.872,1,19.13,14.89
2026-07-17 02:15:00,62.21,416.46,101.46,0.897,1,11.48,9.46
2026-07-17 02:20:00,68.53,411.66,113.07,0.883,1,11.45,13.16
2026-07-17 02:25:00,69.49,414.77,113.8,0.824,1,14.74,13.29
2026-07-17 02:30:00,67.16,413.58,110.3,0.889,1,15.84,13.89
2026-07-17 02:35:00,72.02,411.0,119.02,0.848,1,17.99,14.8
2026-07-17 02:40:00,70.35,411.46,116.14,0.861,1,17.35,11.54
2026-07-17 02:45:00,73.48,411.84,121.19,0.857,1,12.45,16.87
2026-07-17 02:50:00,74.25,414.85,121.58,0.923,1,10.94,13.78
2026-07-17 02:55:00,69.42,413.86,113.95,0.826,1,11.16,14.74
2026-07-17 03:00:00,72.76,412.6,119.77,0.862,1,17.91,11.08
2026-07-17 03:05:00,75.67,414.02,124.15,0.867,1,13.66,13.35
2026-07-17 03:10:00,81.73,416.87,133.17,0.894,1,7.69,17.59
2026-07-17 03:15:00,77.6,415.89,126.74,0.915,1,5.12,18.0
2026-07-17 03:20:00,73.5,417.5,119.58,0.907,1,5.59,14.49
2026-07-17 03:25:00,79.29,414.43,129.96,0.91,1,22.35,15.19
2026-07-17 03:30:00,86.31,419.01,139.91,0.843,1,14.16,13.79
2026-07-17 03:35:00,82.81,415.87,135.26,0.929,1,18.15,17.65
2026-07-17 03:40:00,81.41,413.78,133.64,0.87,1,23.58,16.54
2026-07-17 03:45:00,82.73,415.23,135.33,0.821,1,7.53,9.83
2026-07-17 03:50:00,86.72,411.88,143.01,0.9,1,13.95,12.3
2026-07-17 03:55:00,85.3,414.23,139.87,0.892,1,15.78,16.95
2026-07-17 04:00:00,83.14,416.07,135.74,0.835,1,21.83,14.14
2026-07-17 04:05:00,86.03,416.53,140.29,0.935,1,24.87,14.33
2026-07-17 04:10:00,75.64,413.97,124.11,0.887,1,19.23,14.34
2026-07-17 04:15:00,73.88,421.83,118.96,0.876,1,17.84,14.98
2026-07-17 04:20:00,82.51,414.57,135.18,0.868,1,23.41,19.33
2026-07-17 04:25:00,82.38,410.8,136.21,0.845,1,21.75,14.03
2026-07-17 04:30:00,79.62,418.03,129.37,0.934,1,22.3,16.45
2026-07-17 04:35:00,86.75,416.52,141.47,0.904,1,5.05,13.5
2026-07-17 04:40:00,73.57,415.58,120.26,0.888,1,15.29,12.86
2026-07-17 04:45:00,80.47,413.84,132.08,0.896,1,20.65,15.95
2026-07-17 04:50:00,80.96,415.98,132.19,0.921,1,8.63,14.66
2026-07-17 04:55:00,75.42,419.05,122.25,0.896,1,20.03,11.42
2026-07-17 05:00:00,91.28,415.5,149.22,0.834,1,5.18,17.88
2026-07-17 05:05:00,77.2,411.32,127.49,0.904,1,16.5,16.43
2026-07-17 05:10:00,81.23,406.37,135.78,0.888,1,22.03,21.17
2026-07-17 05:15:00,88.87,415.96,145.12,0.936,1,13.63,17.19
2026-07-17 05:20:00,87.7,412.54,144.4,0.908,1,19.79,17.18
2026-07-17 05:25:00,79.05,414.75,129.47,0.861,1,15.61,15.71
2026-07-17 05:30:00,88.11,412.98,144.93,0.836,1,17.95,13.61
2026-07-17 05:35:00,86.24,412.8,141.91,0.878,1,15.33,13.3
2026-07-17 05:40:00,96.53,413.09,158.73,0.902,1,14.52,17.91
2026-07-17 05:45:00,86.94,413.31,142.89,0.841,1,21.83,11.44
2026-07-17 05:50:00,84.26,416.94,137.27,0.898,1,6.85,12.9
2026-07-17 05:55:00,80.71,416.43,131.65,0.919,1,16.69,14.21
2026-07-17 06:00:00,81.28,411.98,134.01,0.839,1,7.3,17.33
2026-07-17 06:05:00,80.86,412.32,133.21,0.905,1,16.26,15.97
2026-07-17 06:10:00,91.82,415.95,149.95,0.828,1,24.27,14.24
2026-07-17 06:15:00,85.01,417.63,138.27,0.821,1,6.14,15.52
2026-07-17 06:20:00,87.69,417.59,142.64,0.824,1,13.44,17.8
2026-07-17 06:25:00,92.36,412.49,152.1,0.896,1,21.04,19.33
2026-07-17 06:30:00,72.91,417.47,118.63,0.937,1,12.39,16.16
2026-07-17 06:35:00,90.99,410.56,150.53,0.913,1,15.41,19.92
2026-07-17 06:40:00,84.75,414.49,138.88,0.851,1,7.29,16.94
2026-07-17 06:45:00,86.5,416.22,141.17,0.829,1,9.46,17.17
2026-07-17 06:50:00,80.03,409.8,132.65,0.894,1,18.73,15.88
2026-07-17 06:55:00,80.22,420.23,129.67,0.82,1,21.57,17.46
2026-07-17 07:00:00,86.25,418.32,140.05,0.915,1,17.93,14.6
2026-07-17 07:05:00,95.52,416.62,155.74,0.849,1,21.74,17.81
2026-07-17 07:10:00,88.4,412.59,145.53,0.856,1,17.11,15.15
2026-07-17 07:15:00,89.47,414.83,146.5,0.861,1,21.2,18.17
2026-07-17 07:20:00,81.93,416.98,133.46,0.912,1,24.66,15.38
2026-07-17 07:25:00,79.62,412.19,131.2,0.852,1,6.66,17.01
2026-07-17 07:30:00,78.43,414.55,128.51,0.854,1,14.59,14.97
2026-07-17 07:35:00,79.59,417.28,129.57,0.885,1,8.8,17.22
2026-07-17 07:40:00,71.46,411.26,118.02,0.876,1,14.3,8.7
2026-07-17 07:45:00,77.77,415.83,127.03,0.935,1,14.99,13.08
2026-07-17 07:50:00,78.24,410.61,129.43,0.852,1,17.44,17.12
2026-07-17 07:55:00,79.81,412.64,131.37,0.831,1,13.79,15.1
2026-07-17 08:00:00,80.97,413.74,132.93,0.885,1,11.49,17.59
2026-07-17 08:05:00,81.73,416.28,133.37,0.842,1,5.86,15.58
2026-07-17 08:10:00,79.44,413.25,130.58,0.87,1,5.7,12.43
2026-07-17 08:15:00,76.19,415.31,124.62,0.842,1,8.5,18.28
2026-07-17 08:20:00,68.85,413.28,113.17,0.926,1,13.98,11.56
2026-07-17 08:25:00,75.35,413.67,123.72,0.859,1,13.35,12.51
2026-07-17 08:30:00,72.91,418.13,118.44,0.913,1,8.81,15.46
2026-07-17 08:35:00,79.63,412.12,131.24,0.934,1,21.45,13.3
2026-07-17 08:40:00,81.36,416.9,132.56,0.933,1,18.67,12.59
2026-07-17 08:45:00,81.01,415.0,132.59,0.883,1,11.86,13.4
2026-07-17 08:50:00,79.59,413.56,130.72,0.938,1,20.94,17.27
2026-07-17 08:55:00,74.62,411.96,123.03,0.899,1,24.78,19.61
2026-07-17 09:00:00,72.14,412.13,118.9,0.835,1,9.9,13.49
2026-07-17 09:05:00,70.47,413.15,115.85,0.927,1,12.25,11.62
2026-07-17 09:10:00,66.11,414.62,108.3,0.876,1,24.86,15.99
2026-07-17 09:15:00,78.04,416.51,127.26,0.838,1,7.76,13.01
2026-07-17 09:20:00,71.62,414.25,117.44,0.915,1,6.54,12.19
2026-07-17 09:25:00,65.68,414.42,107.65,0.895,1,15.42,13.55
2026-07-17 09:30:00,67.17,414.79,110.0,0.926,1,14.37,15.45
2026-07-17 09:35:00,66.36,416.19,108.31,0.919,1,6.57,12.44
2026-07-17 09:40:00,70.29,416.61,114.6,0.858,1,10.8,12.37
2026-07-17 09:45:00,74.78,411.53,123.43,0.851,1,13.38,19.49
2026-07-17 09:50:00,67.07,414.29,109.96,0.908,1,21.44,11.59
2026-07-17 09:55:00,56.89,418.07,92.44,0.889,1,19.16,9.91
2026-07-17 10:00:00,66.55,411.71,109.8,0.828,1,23.29,12.25
2026-07-17 10:05:00,66.05,415.19,108.07,0.842,1,11.65,13.75
2026-07-17 10:10:00,65.04,414.57,106.56,0.838,1,11.19,11.19
2026-07-17 10:15:00,62.34,413.58,102.39,0.891,1,14.26,13.82
2026-07-17 10:20:00,65.88,418.98,106.8,0.83,1,5.15,12.0
2026-07-17 10:25:00,64.43,415.09,105.43,0.845,1,9.15,11.32
2026-07-17 10:30:00,63.27,418.78,102.62,0.885,1,9.23,10.55
2026-07-17 10:35:00,64.75,415.01,105.97,0.836,1,6.22,11.91
2026-07-17 10:40:00,59.82,416.15,97.64,0.85,1,14.1,12.51
2026-07-17 10:45:00,58.82,413.56,96.61,0.929,1,23.11,11.66
2026-07-17 10:50:00,67.43,413.58,110.74,0.904,1,5.08,12.93
2026-07-17 10:55:00,62.59,416.02,102.19,0.857,1,17.57,10.35
2026-07-17 11:00:00,63.19,416.07,103.17,0.925,1,22.59,10.85
2026-07-17 11:05:00,64.45,416.49,105.11,0.85,1,7.15,11.95
2026-07-17 11:10:00,60.21,415.94,98.32,0.891,1,23.35,12.28
2026-07-17 11:15:00,61.47,411.66,101.43,0.864,1,21.37,12.24
2026-07-17 11:20:00,48.18,412.98,79.25,0.91,1,9.29,7.77
2026-07-17 11:25:00,56.35,417.12,91.75,0.865,1,23.11,11.47
2026-07-17 11:30:00,53.65,410.1,88.87,0.85,1,21.08,10.77
2026-07-17 11:35:00,62.2,415.73,101.63,0.893,1,7.23,11.28
2026-07-17 11:40:00,57.69,414.72,94.49,0.909,1,21.61,9.96
2026-07-17 11:45:00,49.14,417.12,80.02,0.884,1,15.84,10.84
2026-07-17 11:50:00,53.39,416.04,87.17,0.906,1,21.32,10.65
2026-07-17 11:55:00,51.6,413.34,84.8,0.871,1,17.35,8.42
2026-07-17 12:00:00,52.27,413.23,85.92,0.915,1,12.84,9.76
2026-07-17 12:05:00,44.14,413.69,72.48,0.89,1,17.02,7.45
2026-07-17 12:10:00,50.27,416.45,82.0,0.844,1,17.72,9.94
2026-07-17 12:15:00,46.57,409.24,77.3,0.927,1,20.32,12.7
2026-07-17 12:20:00,48.36,415.39,79.08,0.92,1,21.61,10.13
2026-07-17 12:25:00,42.57,412.79,70.05,0.936,1,18.26,9.04
2026-07-17 12:30:00,42.51,415.48,69.49,0.888,1,24.79,12.18
2026-07-17 12:35:00,50.54,415.86,82.56,0.901,1,20.57,10.75
2026-07-17 12:40:00,38.66,410.84,63.92,0.924,1,23.22,9.12
2026-07-17 12:45:00,38.28,414.43,62.75,0.826,1,11.39,7.79
2026-07-17 12:50:00,42.17,415.39,68.95,0.929,1,11.32,7.27
2026-07-17 12:55:00,37.82,415.22,61.87,0.853,1,12.25,8.46
2026-07-17 13:00:00,36.52,414.69,59.81,0.827,1,13.79,11.19
2026-07-17 13:05:00,40.73,411.95,67.16,0.849,1,24.23,5.49
2026-07-17 13:10:00,31.95,412.33,52.63,0.89,1,6.47,5.02
2026-07-17 13:15:00,33.71,411.55,55.64,0.826,1,14.97,4.85
2026-07-17 13:20:00,48.3,416.39,78.79,0.82,1,8.22,7.39
2026-07-17 13:25:00,39.61,414.71,64.88,0.897,1,21.22,11.02
2026-07-17 13:30:00,32.87,414.87,53.82,0.874,1,5.62,5.83
2026-07-17 13:35:00,37.99,410.74,62.83,0.921,1,14.1,9.21
2026-07-17 13:40:00,38.05,414.92,62.28,0.851,1,12.89,5.95
2026-07-17 13:45:00,39.49,416.58,64.39,0.854,1,6.84,5.96
2026-07-17 13:50:00,33.2,410.4,54.96,0.829,1,12.53,4.25
2026-07-17 13:55:00,38.05,413.66,62.48,0.885,1,21.18,11.25
2026-07-17 14:00:00,22.31,411.07,36.86,0.864,0,0.0,4.0
2026-07-17 14:05:00,26.56,413.95,43.58,0.861,0,0.0,4.0
2026-07-17 14:10:00,32.01,412.75,52.68,0.875,1,6.17,8.71
2026-07-17 14:15:00,32.2,415.95,52.59,0.922,1,10.78,5.74
2026-07-17 14:20:00,25.37,415.42,41.48,0.833,0,0.0,4.0
2026-07-17 14:25:00,30.6,418.23,49.7,0.883,1,12.15,6.22
2026-07-17 14:30:00,25.57,414.86,41.87,0.844,0,0.0,4.0
2026-07-17 14:35:00,26.71,415.85,43.63,0.845,0,0.0,4.0
2026-07-17 14:40:00,32.63,413.61,53.58,0.851,1,19.31,9.97
2026-07-17 14:45:00,31.47,412.24,51.85,0.875,1,8.59,8.26
2026-07-17 14:50:00,21.37,417.09,34.8,0.879,0,0.0,4.0
2026-07-17 14:55:00,20.51,418.11,33.32,0.925,0,0.0,4.0
2026-07-17 15:00:00,23.2,416.76,37.8,0.927,0,0.0,4.0
2026-07-17 15:05:00,24.58,415.33,40.21,0.89,0,0.0,4.0
2026-07-17 15:10:00,20.91,412.56,34.42,0.854,0,0.0,4.0
2026-07-17 15:15:00,28.89,417.85,46.96,0.918,0,0.0,4.0
2026-07-17 15:20:00,24.93,416.45,40.65,0.915,0,0.0,4.0
2026-07-17 15:25:00,24.73,420.06,40.0,0.916,0,0.0,4.0
2026-07-17 15:30:00,15.9,412.11,26.21,0.822,0,0.0,4.0
2026-07-17 15:35:00,27.61,417.16,44.96,0.91,0,0.0,4.0
2026-07-17 15:40:00,10.0,416.37,16.31,0.922,0,0.0,4.0
2026-07-17 15:45:00,25.07,414.14,41.12,0.893,0,0.0,4.0
2026-07-17 15:50:00,25.15,418.41,40.83,0.91,0,0.0,4.0
2026-07-17 15:55:00,17.92,416.01,29.25,0.913,0,0.0,4.0
2026-07-17 16:00:00,26.05,412.66,42.89,0.881,0,0.0,4.0
2026-07-17 16:05:00,19.0,414.7,31.12,0.918,0,0.0,4.0
2026-07-17 16:10:00,19.27,412.63,31.72,0.915,0,0.0,4.0
2026-07-17 16:15:00,20.31,413.83,33.33,0.93,0,0.0,4.0
2026-07-17 16:20:00,34.21,416.76,55.76,0.931,1,16.91,5.14
2026-07-17 16:25:00,24.69,417.47,40.17,0.884,0,0.0,4.0
2026-07-17 16:30:00,21.17,415.55,34.6,0.824,0,0.0,4.0
2026-07-17 16:35:00,12.82,413.12,21.07,0.822,0,0.0,4.0
2026-07-17 16:40:00,17.83,415.95,29.11,0.933,0,0.0,4.0
2026-07-17 16:45:00,12.79,416.81,20.85,0.86,0,0.0,4.0
2026-07-17 16:50:00,20.73,410.07,34.34,0.865,0,0.0,4.0
2026-07-17 16:55:00,17.1,415.29,27.97,0.876,0,0.0,4.0
2026-07-17 17:00:00,10.57,414.52,17.32,0.852,0,0.0,4.0
2026-07-17 17:05:00,16.41,417.38,26.7,0.891,0,0.0,4.0
2026-07-17 17:10:00,11.58,415.96,18.91,0.914,0,0.0,4.0
2026-07-17 17:15:00,16.43,416.21,26.81,0.851,0,0.0,4.0
2026-07-17 17:20:00,11.24,413.8,18.44,0.909,0,0.0,4.0
2026-07-17 17:25:00,15.54,415.0,25.44,0.901,0,0.0,4.0
2026-07-17 17:30:00,19.05,417.36,31.01,0.883,0,0.0,4.0
2026-07-17 17:35:00,14.94,414.84,24.47,0.859,0,0.0,4.0
2026-07-17 17:40:00,13.18,415.44,21.55,0.925,0,0.0,4.0
2026-07-17 17:45:00,16.09,411.16,26.58,0.868,0,0.0,4.0
2026-07-17 17:50:00,18.52,414.83,30.32,0.865,0,0.0,4.0
2026-07-17 17:55:00,10.0,409.97,16.57,0.897,0,0.0,4.0
2026-07-17 18:00:00,16.3,413.71,26.77,0.93,0,0.0,4.0
2026-07-17 18:05:00,21.6,415.16,35.33,0.881,0,0.0,4.0
2026-07-17 18:10:00,17.9,416.92,29.17,0.907,0,0.0,4.0
2026-07-17 18:15:00,15.36,412.5,25.3,0.875,0,0.0,4.0
2026-07-17 18:20:00,18.33,415.93,29.94,0.846,0,0.0,4.0
2026-07-17 18:25:00,17.47,418.67,28.34,0.835,0,0.0,4.0
2026-07-17 18:30:00,19.07,413.4,31.33,0.836,0,0.0,4.0
2026-07-17 18:35:00,10.0,411.13,16.52,0.823,0,0.0,5.34
2026-07-17 18:40:00,10.0,415.72,16.34,0.886,0,0.0,4.0
2026-07-17 18:45:00,20.7,412.02,34.12,0.836,0,0.0,4.0
2026-07-17 18:50:00,10.0,412.95,16.45,0.924,0,0.0,4.0
2026-07-17 18:55:00,18.01,417.31,29.32,0.938,0,0.0,4.0
2026-07-17 19:00:00,14.43,419.69,23.36,0.88,0,0.0,4.0
2026-07-17 19:05:00,11.42,412.5,18.8,0.874,0,0.0,4.0
2026-07-17 19:10:00,18.37,413.16,30.2,0.862,0,0.0,5.44
2026-07-17 19:15:00,17.86,413.9,29.31,0.897,0,0.0,4.0
2026-07-17 19:20:00,27.66,413.63,45.43,0.893,0,0.0,4.0
2026-07-17 19:25:00,14.26,419.83,23.06,0.861,0,0.0,4.0
2026-07-17 19:30:00,24.86,413.67,40.83,0.861,0,0.0,4.0
2026-07-17 19:35:00,19.73,414.03,32.36,0.897,0,0.0,4.0
2026-07-17 19:40:00,14.97,419.04,24.27,0.887,0,0.0,4.0
2026-07-17 19:45:00,22.61,416.44,36.87,0.906,0,0.0,4.0
2026-07-17 19:50:00,21.78,417.46,35.44,0.933,0,0.0,5.24
2026-07-17 19:55:00,19.49,412.73,32.08,0.914,0,0.0,4.0
2026-07-17 20:00:00,21.02,413.67,34.52,0.857,0,0.0,4.0
2026-07-17 20:05:00,17.09,412.4,28.15,0.911,0,0.0,4.0
2026-07-17 20:10:00,16.35,417.0,26.64,0.874,0,0.0,4.0
2026-07-17 20:15:00,24.7,418.06,40.12,0.913,0,0.0,4.0
2026-07-17 20:20:00,20.21,413.5,33.2,0.926,0,0.0,4.0
2026-07-17 20:25:00,21.37,414.09,35.06,0.85,0,0.0,4.0
2026-07-17 20:30:00,23.63,414.2,38.75,0.849,0,0.0,4.0
2026-07-17 20:35:00,24.03,411.13,39.7,0.872,0,0.0,4.0
2026-07-17 20:40:00,16.04,413.32,26.36,0.826,0,0.0,4.0
2026-07-17 20:45:00,30.12,416.93,49.07,0.902,1,18.57,6.27
2026-07-17 20:50:00,24.8,412.81,40.81,0.91,0,0.0,4.0
2026-07-17 20:55:00,23.7,415.23,38.78,0.861,0,0.0,4.0
2026-07-17 21:00:00,27.41,411.73,45.21,0.876,0,0.0,4.0
2026-07-17 21:05:00,26.98,414.64,44.2,0.891,0,0.0,4.0
2026-07-17 21:10:00,30.19,413.59,49.58,0.829,1,10.54,6.81
2026-07-17 21:15:00,29.61,411.95,48.83,0.905,0,0.0,4.0
2026-07-17 21:20:00,31.09,416.98,50.65,0.883,1,24.45,7.11
2026-07-17 21:25:00,34.85,417.12,56.75,0.895,1,17.22,10.5
2026-07-17 21:30:00,33.11,412.58,54.51,0.907,1,10.93,6.88
2026-07-17 21:35:00,28.5,414.46,46.71,0.901,0,0.0,4.0
2026-07-17 21:40:00,24.31,415.11,39.78,0.831,0,0.0,4.0
2026-07-17 21:45:00,38.89,410.46,64.36,0.914,1,13.9,11.39
2026-07-17 21:50:00,30.01,411.51,49.53,0.893,1,23.21,6.89
2026-07-17 21:55:00,29.48,418.22,47.88,0.906,0,0.0,4.0
2026-07-17 22:00:00,23.82,412.34,39.23,0.851,0,0.0,4.0
2026-07-17 22:05:00,34.86,418.15,56.62,0.847,1,20.7,8.27
2026-07-17 22:10:00,34.58,411.64,57.07,0.919,1,23.85,4.0
2026-07-17 22:15:00,26.94,416.65,43.93,0.867,0,0.0,4.0
2026-07-17 22:20:00,37.47,414.22,61.45,0.889,1,9.76,7.62
2026-07-17 22:25:00,33.41,414.57,54.75,0.886,1,5.19,7.82
2026-07-17 22:30:00,50.06,419.64,81.03,0.89,1,7.31,10.38
2026-07-17 22:35:00,34.47,411.86,56.85,0.828,1,24.22,10.37
2026-07-17 22:40:00,35.85,416.49,58.47,0.856,1,12.82,4.0
2026-07-17 22:45:00,34.38,416.38,56.08,0.828,1,12.75,10.22
2026-07-17 22:50:00,45.86,423.39,73.58,0.878,1,10.33,7.12
2026-07-17 22:55:00,38.34,412.31,63.17,0.928,1,8.28,4.48
2026-07-17 23:00:00,37.32,413.44,61.31,0.867,1,15.18,9.87
2026-07-17 23:05:00,45.22,417.04,73.65,0.914,1,19.46,6.54
2026-07-17 23:10:00,35.52,414.5,58.21,0.854,1,16.02,10.46
2026-07-17 23:15:00,46.3,413.84,75.99,0.923,1,5.71,4.0
2026-07-17 23:20:00,52.83,417.39,85.97,0.87,1,21.07,8.82
2026-07-17 23:25:00,47.51,414.33,77.89,0.863,1,23.63,11.76
2026-07-17 23:30:00,48.62,412.77,80.01,0.904,1,13.81,11.0
2026-07-17 23:35:00,50.54,416.82,82.36,0.882,1,12.33,4.0
2026-07-17 23:40:00,55.5,415.94,90.63,0.86,1,9.6,8.94
2026-07-17 23:45:00,53.76,414.22,88.16,0.827,1,11.04,6.27
2026-07-17 23:50:00,50.67,414.1,83.12,0.84,1,17.89,10.34
2026-07-17 23:55:00,53.76,412.71,88.47,0.913,1,20.4,10.81
2026-07-18 00:00:00,45.57,416.81,74.26,0.93,1,11.64,8.21
2026-07-18 00:05:00,54.64,414.1,89.64,0.84,1,11.79,10.18
2026-07-18 00:10:00,46.5,413.08,76.46,0.888,1,14.02,6.53
2026-07-18 00:15:00,50.45,411.79,83.23,0.824,1,8.4,7.81
2026-07-18 00:20:00,37.64,415.98,61.46,0.855,1,23.54,10.42
2026-07-18 00:25:00,55.82,413.73,91.64,0.874,1,19.11,9.87
2026-07-18 00:30:00,51.35,409.97,85.08,0.908,1,13.67,8.61
2026-07-18 00:35:00,60.88,411.99,100.37,0.825,1,7.45,13.96
2026-07-18 00:40:00,58.03,414.42,95.11,0.914,1,21.98,8.82
2026-07-18 00:45:00,62.45,414.49,102.34,0.844,1,14.67,15.39
2026-07-18 00:50:00,52.16,414.39,85.49,0.911,1,20.94,14.05
2026-07-18 00:55:00,63.51,414.04,104.19,0.895,1,5.67,9.37
2026-07-18 01:00:00,69.59,411.31,114.92,0.861,1,10.47,15.18
2026-07-18 01:05:00,63.61,412.81,104.67,0.907,1,17.44,7.33
2026-07-18 01:10:00,64.48,417.96,104.79,0.848,1,14.76,12.58
2026-07-18 01:15:00,62.1,417.59,101.01,0.846,1,10.9,9.39
2026-07-18 01:20:00,59.35,416.44,96.8,0.827,1,9.02,12.3
2026-07-18 01:25:00,66.49,416.22,108.51,0.867,1,11.04,13.25
2026-07-18 01:30:00,55.86,417.26,90.94,0.832,1,19.85,10.41
2026-07-18 01:35:00,62.01,412.2,102.18,0.87,1,8.67,9.07
2026-07-18 01:40:00,55.94,415.08,91.54,0.821,1,16.88,13.03
2026-07-18 01:45:00,61.96,412.2,102.11,0.839,1,13.47,11.75
2026-07-18 01:50:00,69.37,412.24,114.3,0.932,1,20.26,11.87
2026-07-18 01:55:00,69.36,415.92,113.28,0.915,1,9.03,11.75
2026-07-18 02:00:00,67.75,417.37,110.27,0.848,1,10.4,12.5
2026-07-18 02:05:00,69.01,414.52,113.08,0.906,1,12.97,12.84
2026-07-18 02:10:00,59.38,419.12,96.23,0.9,1,8.33,11.82
2026-07-18 02:15:00,67.58,415.53,110.47,0.841,1,14.22,15.08
2026-07-18 02:20:00,66.67,413.06,109.63,0.865,1,13.32,15.09
2026-07-18 02:25:00,67.4,412.28,111.05,0.93,1,24.8,12.85
2026-07-18 02:30:00,74.3,417.55,120.88,0.909,1,16.88,15.2
2026-07-18 02:35:00,67.6,415.32,110.57,0.911,1,6.39,12.02
2026-07-18 02:40:00,69.47,416.69,113.25,0.888,1,14.2,16.02
2026-07-18 02:45:00,62.64,408.36,104.2,0.9,1,22.57,12.1
2026-07-18 02:50:00,72.18,415.61,117.96,0.881,1,22.34,14.39
2026-07-18 02:55:00,68.76,413.72,112.9,0.909,1,24.24,13.53
2026-07-18 03:00:00,75.14,411.52,124.04,0.908,1,22.88,15.74
2026-07-18 03:05:00,70.53,414.84,115.48,0.824,1,8.53,14.58
2026-07-18 03:10:00,76.33,417.73,124.11,0.896,1,5.07,17.19
2026-07-18 03:15:00,75.59,420.67,122.06,0.896,1,17.33,17.27
2026-07-18 03:20:00,85.17,415.61,139.2,0.828,1,19.05,16.38
2026-07-18 03:25:00,79.78,413.23,131.14,0.869,1,7.62,14.64
2026-07-18 03:30:00,68.57,413.08,112.75,0.928,1,8.34,12.24
2026-07-18 03:35:00,71.9,417.41,117.01,0.934,1,24.26,16.48
2026-07-18 03:40:00,78.95,412.51,130.0,0.914,1,23.88,15.97
2026-07-18 03:45:00,74.45,416.56,121.41,0.838,1,8.14,19.49
2026-07-18 03:50:00,64.68,415.73,105.67,0.865,1,9.94,11.99
2026-07-18 03:55:00,86.67,415.46,141.7,0.842,1,22.84,20.26
2026-07-18 04:00:00,83.91,411.08,138.65,0.898,1,13.7,19.32
2026-07-18 04:05:00,83.29,414.11,136.62,0.913,1,20.96,19.51
2026-07-18 04:10:00,78.01,411.35,128.81,0.926,1,12.92,13.93
2026-07-18 04:15:00,83.53,413.53,137.2,0.923,1,19.73,15.83
2026-07-18 04:20:00,78.2,417.29,127.29,0.832,1,12.94,14.35
2026-07-18 04:25:00,83.06,418.08,134.95,0.835,1,22.98,19.5
2026-07-18 04:30:00,77.73,415.53,127.07,0.929,1,11.51,13.53
2026-07-18 04:35:00,90.2,413.57,148.15,0.921,1,15.46,15.67
2026-07-18 04:40:00,75.04,418.97,121.66,0.875,1,15.44,15.88
2026-07-18 04:45:00,89.3,413.54,146.68,0.872,1,17.98,13.91
2026-07-18 04:50:00,83.57,412.16,137.73,0.886,1,11.13,17.37
2026-07-18 04:55:00,81.15,416.74,132.28,0.892,1,17.85,12.86
2026-07-18 05:00:00,84.64,416.14,138.16,0.851,1,7.82,14.68
2026-07-18 05:05:00,87.66,413.64,143.96,0.868,1,22.87,19.59
2026-07-18 05:10:00,91.0,415.25,148.86,0.894,1,7.88,15.49
2026-07-18 05:15:00,85.89,416.11,140.21,0.845,1,21.81,17.26
2026-07-18 05:20:00,80.01,415.51,130.8,0.94,1,18.86,18.14
2026-07-18 05:25:00,84.87,416.15,138.53,0.854,1,11.82,13.24
2026-07-18 05:30:00,93.78,413.74,153.97,0.886,1,11.55,17.86
2026-07-18 05:35:00,91.53,416.32,149.34,0.886,1,24.32,19.19
2026-07-18 05:40:00,89.41,415.04,146.33,0.874,1,8.9,13.26
2026-07-18 05:45:00,88.9,413.82,145.93,0.849,1,19.46,14.58
2026-07-18 05:50:00,88.46,414.39,145.01,0.888,1,8.67,20.09
2026-07-18 05:55:00,90.79,414.76,148.68,0.831,1,23.11,14.85
2026-07-18 06:00:00,82.72,411.39,136.58,0.866,1,19.84,15.07
2026-07-18 06:05:00,78.22,413.41,128.51,0.847,1,23.65,10.61
2026-07-18 06:10:00,85.31,415.16,139.58,0.835,1,22.58,14.67
2026-07-18 06:15:00,80.84,411.62,133.4,0.931,1,15.99,17.14
2026-07-18 06:20:00,79.59,413.45,130.76,0.904,1,8.04,16.94
2026-07-18 06:25:00,81.19,420.96,131.01,0.84,1,9.43,16.92
2026-07-18 06:30:00,97.13,412.18,160.06,0.934,1,9.04,17.85
2026-07-18 06:35:00,85.27,414.04,139.9,0.846,1,9.41,13.34
2026-07-18 06:40:00,86.28,412.92,141.93,0.848,1,14.53,17.21
2026-07-18 06:45:00,78.22,414.71,128.11,0.836,1,22.36,14.18
2026-07-18 06:50:00,74.95,412.96,123.28,0.907,1,5.46,10.05
2026-07-18 06:55:00,79.9,414.39,130.97,0.889,1,9.77,14.94
2026-07-18 07:00:00,91.0,413.2,149.59,0.827,1,16.94,20.16
2026-07-18 07:05:00,85.27,417.64,138.69,0.823,1,22.31,19.03
2026-07-18 07:10:00,86.37,415.2,141.3,0.884,1,10.95,18.81
2026-07-18 07:15:00,86.84,412.49,142.99,0.898,1,12.65,16.96
2026-07-18 07:20:00,79.93,417.1,130.17,0.919,1,12.47,12.86
2026-07-18 07:25:00,89.56,412.6,147.44,0.877,1,10.87,18.02
2026-07-18 07:30:00,79.17,411.09,130.82,0.901,1,18.98,15.55
2026-07-18 07:35:00,89.07,414.99,145.78,0.908,1,18.12,16.34
2026-07-18 07:40:00,83.93,419.77,135.82,0.894,1,21.87,17.74
2026-07-18 07:45:00,72.45,410.43,119.9,0.862,1,23.35,15.26
2026-07-18 07:50:00,77.31,411.67,127.55,0.836,1,23.01,13.63
2026-07-18 07:55:00,71.76,416.88,116.93,0.898,1,15.8,12.17
2026-07-18 08:00:00,86.13,413.39,141.52,0.912,1,8.71,13.28
2026-07-18 08:05:00,79.8,416.53,130.13,0.843,1,9.44,15.43
2026-07-18 08:10:00,68.38,412.91,112.48,0.879,1,16.81,15.24
2026-07-18 08:15:00,80.98,415.35,132.43,0.868,1,23.37,14.38
2026-07-18 08:20:00,75.98,419.36,123.08,0.845,1,15.61,12.0
2026-07-18 08:25:00,70.81,412.01,116.73,0.849,1,23.71,15.09
2026-07-18 08:30:00,86.16,417.56,140.15,0.849,1,10.25,19.67
2026-07-18 08:35:00,77.83,416.7,126.87,0.87,1,6.73,18.94
2026-07-18 08:40:00,75.34,411.28,124.44,0.867,1,20.93,18.11
2026-07-18 08:45:00,74.32,416.4,121.23,0.887,1,22.59,14.39
2026-07-18 08:50:00,68.24,415.18,111.64,0.831,1,13.96,10.9
2026-07-18 08:55:00,68.76,415.23,112.48,0.89,1,7.05,14.13
2026-07-18 09:00:00,81.17,415.84,132.59,0.823,1,5.85,14.74
2026-07-18 09:05:00,71.83,414.12,117.82,0.851,1,6.25,12.78
2026-07-18 09:10:00,73.76,415.18,120.67,0.88,1,13.78,18.36
2026-07-18 09:15:00,62.86,415.6,102.73,0.902,1,9.7,15.0
2026-07-18 09:20:00,65.91,416.87,107.39,0.913,1,14.24,14.05
2026-07-18 09:25:00,74.96,411.18,123.82,0.824,1,14.77,14.01
2026-07-18 09:30:00,73.2,418.23,118.88,0.884,1,14.16,13.9
2026-07-18 09:35:00,79.46,412.11,130.97,0.863,1,17.4,11.61
2026-07-18 09:40:00,76.79,416.9,125.11,0.903,1,18.59,17.17
2026-07-18 09:45:00,68.29,415.2,111.72,0.854,1,12.92,15.94
2026-07-18 09:50:00,71.17,411.8,117.39,0.909,1,11.74,11.63
2026-07-18 09:55:00,66.57,416.32,108.62,0.892,1,12.37,11.15
2026-07-18 10:00:00,77.77,412.64,128.03,0.915,1,6.4,16.57
2026-07-18 10:05:00,72.58,417.67,118.04,0.938,1,11.43,12.89
2026-07-18 10:10:00,67.01,413.22,110.15,0.929,1,9.0,15.13
2026-07-18 10:15:00,66.48,411.26,109.8,0.891,1,10.82,10.7
2026-07-18 10:20:00,72.02,418.83,116.79,0.927,1,19.29,13.21
2026-07-18 10:25:00,66.99,415.45,109.53,0.838,1,24.77,14.5
2026-07-18 10:30:00,71.19,417.17,115.91,0.825,1,23.47,13.24
2026-07-18 10:35:00,51.72,412.87,85.08,0.884,1,21.43,9.5
2026-07-18 10:40:00,64.28,410.27,106.42,0.937,1,19.74,11.62
2026-07-18 10:45:00,58.67,419.19,95.07,0.905,1,23.9,13.36
2026-07-18 10:50:00,69.31,414.98,113.44,0.857,1,20.04,15.7
2026-07-18 10:55:00,67.53,416.23,110.2,0.9,1,14.42,14.01
2026-07-18 11:00:00,59.22,416.64,96.55,0.825,1,17.03,9.9
2026-07-18 11:05:00,66.0,414.16,108.24,0.876,1,11.12,15.6
2026-07-18 11:10:00,66.49,415.57,108.68,0.848,1,5.07,12.81
2026-07-18 11:15:00,57.2,418.98,92.73,0.826,1,12.07,13.33
2026-07-18 11:20:00,68.44,414.92,112.04,0.85,1,13.1,9.99
2026-07-18 11:25:00,55.17,417.36,89.79,0.907,1,19.66,13.61
2026-07-18 11:30:00,53.5,410.02,88.62,0.886,1,22.18,9.88
2026-07-18 11:35:00,58.14,417.81,94.52,0.823,1,24.25,10.66
2026-07-18 11:40:00,51.28,411.19,84.71,0.869,1,12.04,10.77
2026-07-18 11:45:00,52.72,417.52,85.76,0.91,1,24.15,5.96
2026-07-18 11:50:00,58.57,415.98,95.65,0.935,1,20.99,12.4
2026-07-18 11:55:00,50.86,414.76,83.29,0.925,1,5.62,8.8
2026-07-18 12:00:00,41.52,414.75,68.01,0.82,1,16.91,11.59
2026-07-18 12:05:00,51.07,414.37,83.72,0.846,1,12.31,10.44
2026-07-18 12:10:00,44.99,412.95,74.01,0.845,1,5.68,6.09
2026-07-18 12:15:00,52.04,414.49,85.28,0.87,1,15.63,8.3
2026-07-18 12:20:00,50.43,420.52,81.46,0.897,1,16.7,4.23
2026-07-18 12:25:00,53.55,418.26,86.96,0.838,1,10.04,15.75
2026-07-18 12:30:00,49.97,412.82,82.22,0.93,1,23.8,4.4
2026-07-18 12:35:00,50.13,415.67,81.91,0.913,1,17.21,8.63
2026-07-18 12:40:00,40.58,415.24,66.38,0.87,1,8.52,9.44
2026-07-18 12:45:00,47.19,414.64,77.31,0.89,1,19.43,12.86
2026-07-18 12:50:00,52.27,412.49,86.07,0.885,1,14.98,14.32
2026-07-18 12:55:00,38.24,416.11,62.42,0.89,1,14.46,7.38
2026-07-18 13:00:00,49.94,417.12,81.33,0.923,1,21.69,11.23
2026-07-18 13:05:00,37.46,412.92,61.62,0.844,1,7.76,6.43
2026-07-18 13:10:00,35.22,419.89,56.97,0.902,1,14.82,4.0
2026-07-18 13:15:00,40.23,418.81,65.25,0.833,1,20.62,5.86
2026-07-18 13:20:00,41.61,416.37,67.88,0.875,1,18.21,4.43
2026-07-18 13:25:00,41.87,411.92,69.05,0.896,1,5.11,8.52
2026-07-18 13:30:00,31.8,416.0,51.92,0.822,1,20.75,5.97
2026-07-18 13:35:00,38.08,415.7,62.22,0.833,1,23.89,7.62
2026-07-18 13:40:00,31.78,416.28,51.86,0.831,1,19.09,8.23
2026-07-18 13:45:00,27.08,418.98,43.9,0.865,0,0.0,4.0
2026-07-18 13:50:00,29.2,414.56,47.84,0.895,0,0.0,4.0
2026-07-18 13:55:00,29.41,420.12,47.55,0.94,0,0.0,4.18
2026-07-18 14:00:00,35.11,416.02,57.32,0.85,1,11.42,5.06
2026-07-18 14:05:00,37.6,414.27,61.66,0.836,1,19.7,4.0
2026-07-18 14:10:00,23.83,421.0,38.45,0.87,0,0.0,4.0
2026-07-18 14:15:00,32.31,417.07,52.63,0.838,1,22.71,6.47
2026-07-18 14:20:00,24.04,413.86,39.46,0.823,0,0.0,4.0
2026-07-18 14:25:00,32.45,415.21,53.09,0.888,1,17.52,8.39
2026-07-18 14:30:00,25.58,416.59,41.71,0.926,0,0.0,4.0
2026-07-18 14:35:00,22.84,414.62,37.41,0.923,0,0.0,4.0
2026-07-18 14:40:00,31.5,415.33,51.52,0.832,1,17.7,9.71
2026-07-18 14:45:00,23.99,412.96,39.46,0.838,0,0.0,4.0
2026-07-18 14:50:00,24.77,410.79,40.97,0.879,0,0.0,4.0
2026-07-18 14:55:00,14.7,415.27,24.04,0.864,0,0.0,4.0
2026-07-18 15:00:00,29.98,415.35,49.04,0.904,0,0.0,4.0
2026-07-18 15:05:00,28.82,416.32,47.03,0.879,0,0.0,4.0
2026-07-18 15:10:00,24.22,413.56,39.78,0.822,0,0.0,4.0
2026-07-18 15:15:00,16.05,411.65,26.48,0.854,0,0.0,4.0
2026-07-18 15:20:00,29.24,412.59,48.13,0.928,0,0.0,5.0
2026-07-18 15:25:00,19.37,417.64,31.51,0.881,0,0.0,4.17
2026-07-18 15:30:00,19.97,413.33,32.81,0.916,0,0.0,4.0
2026-07-18 15:35:00,33.33,413.89,54.71,0.868,1,18.62,6.78
2026-07-18 15:40:00,17.81,414.22,29.21,0.901,0,0.0,4.0
2026-07-18 15:45:00,24.61,413.45,40.43,0.84,0,0.0,4.0
2026-07-18 15:50:00,23.29,413.27,38.28,0.908,0,0.0,4.0
2026-07-18 15:55:00,22.03,412.82,36.25,0.914,0,0.0,4.0
2026-07-18 16:00:00,21.1,418.5,34.25,0.831,0,0.0,4.0
2026-07-18 16:05:00,21.2,416.7,34.55,0.842,0,0.0,4.0
2026-07-18 16:10:00,20.31,418.12,33.0,0.876,0,0.0,4.0
2026-07-18 16:15:00,18.35,418.62,29.77,0.896,0,0.0,4.0
2026-07-18 16:20:00,25.84,409.13,42.89,0.896,0,0.0,4.0
2026-07-18 16:25:00,11.4,415.86,18.62,0.9,0,0.0,4.0
2026-07-18 16:30:00,22.77,413.53,37.4,0.906,0,0.0,4.0
2026-07-18 16:35:00,21.49,417.79,34.94,0.881,0,0.0,4.0
2026-07-18 16:40:00,20.6,413.15,33.87,0.889,0,0.0,4.0
2026-07-18 16:45:00,22.44,412.36,36.97,0.821,0,0.0,4.0
2026-07-18 16:50:00,16.16,411.41,26.68,0.84,0,0.0,4.0
2026-07-18 16:55:00,10.0,414.24,16.4,0.88,0,0.0,4.0
2026-07-18 17:00:00,15.83,417.29,25.77,0.909,0,0.0,4.0
2026-07-18 17:05:00,11.05,415.64,18.05,0.917,0,0.0,4.0
2026-07-18 17:10:00,12.17,411.99,20.07,0.907,0,0.0,4.0
2026-07-18 17:15:00,10.0,420.38,16.16,0.878,0,0.0,4.0
2026-07-18 17:20:00,13.15,416.62,21.43,0.854,0,0.0,4.0
2026-07-18 17:25:00,12.42,416.94,20.24,0.873,0,0.0,4.0
2026-07-18 17:30:00,10.0,418.21,16.24,0.821,0,0.0,4.0
2026-07-18 17:35:00,18.71,410.9,30.93,0.892,0,0.0,4.0
2026-07-18 17:40:00,26.23,412.72,43.18,0.829,0,0.0,6.16
2026-07-18 17:45:00,18.11,417.06,29.49,0.837,0,0.0,4.0
2026-07-18 17:50:00,14.02,412.97,23.06,0.895,0,0.0,4.0
2026-07-18 17:55:00,14.73,414.31,24.16,0.822,0,0.0,4.0
2026-07-18 18:00:00,12.9,414.81,21.12,0.889,0,0.0,4.0
2026-07-18 18:05:00,15.46,411.81,25.5,0.897,0,0.0,4.38
2026-07-18 18:10:00,14.85,414.1,24.36,0.915,0,0.0,4.0
2026-07-18 18:15:00,10.87,417.29,17.69,0.828,0,0.0,4.0
2026-07-18 18:20:00,23.55,416.82,38.37,0.82,0,0.0,4.21
2026-07-18 18:25:00,10.0,417.78,16.26,0.912,0,0.0,4.0
2026-07-18 18:30:00,18.89,417.52,30.73,0.855,0,0.0,4.0
2026-07-18 18:35:00,14.9,416.01,24.33,0.926,0,0.0,4.0
2026-07-18 18:40:00,25.04,415.82,40.9,0.842,0,0.0,4.0
2026-07-18 18:45:00,17.38,415.63,28.4,0.89,0,0.0,4.0
2026-07-18 18:50:00,14.03,413.43,23.05,0.833,0,0.0,4.0
2026-07-18 18:55:00,14.76,412.43,24.32,0.868,0,0.0,4.0
2026-07-18 19:00:00,16.39,413.28,26.94,0.926,0,0.0,4.0
2026-07-18 19:05:00,10.68,414.18,17.52,0.893,0,0.0,4.0
2026-07-18 19:10:00,12.79,413.36,21.01,0.903,0,0.0,4.0
2026-07-18 19:15:00,10.0,416.03,16.33,0.847,0,0.0,4.0
2026-07-18 19:20:00,12.5,415.5,20.43,0.931,0,0.0,4.0
2026-07-18 19:25:00,17.85,415.77,29.16,0.895,0,0.0,4.0
2026-07-18 19:30:00,19.17,415.88,31.3,0.833,0,0.0,4.0
2026-07-18 19:35:00,10.0,417.99,16.25,0.822,0,0.0,4.0
2026-07-18 19:40:00,17.59,414.98,28.8,0.822,0,0.0,4.0
2026-07-18 19:45:00,21.43,417.52,34.86,0.826,0,0.0,4.0
2026-07-18 19:50:00,18.14,416.29,29.6,0.929,0,0.0,4.0
2026-07-18 19:55:00,16.15,417.82,26.25,0.863,0,0.0,4.0
2026-07-18 20:00:00,17.63,419.04,28.58,0.856,0,0.0,4.0
2026-07-18 20:05:00,17.37,416.44,28.34,0.87,0,0.0,4.0
2026-07-18 20:10:00,17.3,415.26,28.29,0.869,0,0.0,4.0
2026-07-18 20:15:00,21.77,415.24,35.61,0.849,0,0.0,4.0
2026-07-18 20:20:00,32.87,413.82,53.95,0.831,1,14.14,5.26
2026-07-18 20:25:00,18.06,413.74,29.64,0.833,0,0.0,4.0
2026-07-18 20:30:00,20.64,417.26,33.6,0.892,0,0.0,4.0
2026-07-18 20:35:00,22.45,412.59,36.95,0.868,0,0.0,4.0
2026-07-18 20:40:00,19.75,419.04,32.02,0.928,0,0.0,4.0
2026-07-18 20:45:00,29.18,414.62,47.8,0.876,0,0.0,4.0
2026-07-18 20:50:00,12.34,422.16,19.86,0.88,0,0.0,4.0
2026-07-18 20:55:00,22.06,413.27,36.26,0.931,0,0.0,4.0
2026-07-18 21:00:00,29.34,415.63,47.95,0.88,0,0.0,4.0
2026-07-18 21:05:00,24.33,414.12,39.9,0.88,0,0.0,4.0
2026-07-18 21:10:00,22.25,413.02,36.59,0.864,0,0.0,4.0
2026-07-18 21:15:00,29.13,417.66,47.37,0.905,0,0.0,4.0
2026-07-18 21:20:00,32.03,412.24,52.78,0.867,1,18.34,6.61
2026-07-18 21:25:00,29.15,413.31,47.9,0.891,0,0.0,4.0
2026-07-18 21:30:00,24.69,416.47,40.26,0.874,0,0.0,5.5
2026-07-18 21:35:00,31.59,416.86,51.47,0.883,1,20.21,5.87
2026-07-18 21:40:00,27.91,411.52,46.08,0.919,0,0.0,4.0
2026-07-18 21:45:00,34.28,416.45,55.91,0.87,1,20.25,8.14
2026-07-18 21:50:00,38.61,415.32,63.15,0.848,1,18.18,8.13
2026-07-18 21:55:00,18.82,412.71,30.97,0.888,0,0.0,4.0
2026-07-18 22:00:00,33.06,413.03,54.36,0.933,1,10.07,9.88
2026-07-18 22:05:00,24.49,409.92,40.58,0.903,0,0.0,4.0
2026-07-18 22:10:00,46.05,419.29,74.6,0.857,1,10.77,9.91
2026-07-18 22:15:00,32.18,417.54,52.35,0.936,1,20.43,6.31
2026-07-18 22:20:00,38.94,411.78,64.23,0.861,1,13.49,6.28
2026-07-18 22:25:00,35.73,417.0,58.2,0.938,1,23.15,10.01
2026-07-18 22:30:00,32.59,413.56,53.53,0.843,1,16.15,7.28
2026-07-18 22:35:00,32.7,417.29,53.24,0.94,1,17.64,4.0
2026-07-18 22:40:00,45.96,413.76,75.45,0.829,1,9.79,9.45
2026-07-18 22:45:00,43.53,414.09,71.4,0.906,1,6.15,6.69
2026-07-18 22:50:00,49.19,414.28,80.66,0.909,1,20.13,6.19
2026-07-18 22:55:00,40.48,413.36,66.52,0.902,1,6.35,9.81
2026-07-18 23:00:00,42.38,418.5,68.79,0.913,1,19.44,6.84
2026-07-18 23:05:00,40.35,417.25,65.68,0.877,1,16.11,8.67
2026-07-18 23:10:00,40.99,415.27,67.05,0.826,1,21.4,10.57
2026-07-18 23:15:00,37.96,417.56,61.75,0.863,1,9.12,6.73
2026-07-18 23:20:00,44.34,410.93,73.3,0.897,1,15.83,9.35
2026-07-18 23:25:00,40.73,411.93,67.16,0.898,1,17.28,6.62
2026-07-18 23:30:00,47.64,416.19,77.75,0.843,1,6.49,11.45
2026-07-18 23:35:00,47.04,416.84,76.65,0.85,1,19.78,9.04
2026-07-18 23:40:00,48.39,415.7,79.07,0.878,1,12.78,10.59
2026-07-18 23:45:00,56.09,410.29,92.85,0.907,1,7.58,13.95
2026-07-18 23:50:00,48.28,412.34,79.54,0.922,1,12.74,5.05
2026-07-18 23:55:00,53.02,416.04,86.56,0.83,1,6.97,8.31
2026-07-19 00:00:00,60.26,421.07,97.21,0.931,1,22.76,11.59
2026-07-19 00:05:00,57.3,418.04,93.1,0.931,1,14.14,11.31
2026-07-19 00:10:00,57.29,418.94,92.89,0.821,1,7.76,12.12
2026-07-19 00:15:00,50.76,415.85,82.91,0.881,1,10.04,12.46
2026-07-19 00:20:00,54.2,415.83,88.53,0.89,1,19.49,9.01
2026-07-19 00:25:00,47.22,412.42,77.77,0.886,1,20.72,9.07
2026-07-19 00:30:00,57.06,417.38,92.87,0.894,1,5.83,13.15
2026-07-19 00:35:00,56.7,414.82,92.84,0.88,1,6.2,11.3
2026-07-19 00:40:00,56.19,416.73,91.59,0.855,1,23.34,7.35
2026-07-19 00:45:00,61.96,415.08,101.4,0.831,1,11.62,7.62
2026-07-19 00:50:00,51.54,415.7,84.21,0.845,1,8.87,8.59
2026-07-19 00:55:00,66.49,414.78,108.89,0.909,1,7.46,13.62
2026-07-19 01:00:00,63.57,415.56,103.9,0.849,1,14.52,13.4
2026-07-19 01:05:00,59.44,417.5,96.71,0.92,1,20.42,9.66
2026-07-19 01:10:00,59.78,411.83,98.6,0.868,1,15.42,13.06
2026-07-19 01:15:00,63.65,411.27,105.13,0.87,1,5.41,12.31
2026-07-19 01:20:00,69.57,416.06,113.59,0.924,1,14.68,10.76
2026-07-19 01:25:00,63.19,418.6,102.54,0.846,1,11.23,10.55
2026-07-19 01:30:00,64.11,419.23,103.88,0.843,1,18.66,7.98
2026-07-19 01:35:00,64.19,411.94,105.84,0.938,1,15.47,9.58
2026-07-19 01:40:00,73.7,413.99,120.93,0.885,1,24.31,10.13
2026-07-19 01:45:00,63.64,411.3,105.09,0.843,1,16.96,8.73
2026-07-19 01:50:00,66.01,413.62,108.41,0.84,1,17.65,16.64
2026-07-19 01:55:00,74.15,417.81,120.55,0.923,1,15.4,13.19
2026-07-19 02:00:00,68.24,414.97,111.69,0.892,1,11.22,8.75
2026-07-19 02:05:00,73.84,414.07,121.14,0.834,1,17.61,15.14
2026-07-19 02:10:00,64.25,416.36,104.82,0.926,1,11.66,12.82
2026-07-19 02:15:00,68.42,413.01,112.52,0.873,1,19.35,13.73
2026-07-19 02:20:00,77.5,418.98,125.64,0.939,1,9.74,12.42
2026-07-19 02:25:00,67.31,415.02,110.17,0.854,1,12.35,14.17
2026-07-19 02:30:00,70.55,414.0,115.75,0.883,1,16.67,11.0
2026-07-19 02:35:00,73.19,416.47,119.37,0.841,1,17.57,15.89
2026-07-19 02:40:00,67.55,417.35,109.94,0.873,1,18.37,15.12
2026-07-19 02:45:00,71.01,418.99,115.12,0.841,1,19.01,13.58
2026-07-19 02:50:00,74.21,414.48,121.62,0.857,1,11.37,10.54
2026-07-19 02:55:00,74.44,417.72,121.04,0.852,1,22.85,16.39
2026-07-19 03:00:00,81.15,415.25,132.74,0.854,1,5.6,13.54
2026-07-19 03:05:00,82.99,413.47,136.34,0.936,1,8.77,16.01
2026-07-19 03:10:00,71.52,413.06,117.62,0.825,1,6.4,14.79
2026-07-19 03:15:00,76.87,412.26,126.66,0.88,1,18.43,12.89
2026-07-19 03:20:00,80.18,413.15,131.83,0.896,1,10.47,19.91
2026-07-19 03:25:00,84.88,417.79,138.0,0.899,1,8.98,15.63
2026-07-19 03:30:00,81.36,416.77,132.6,0.911,1,14.61,13.83
2026-07-19 03:35:00,79.68,411.9,131.4,0.911,1,17.38,17.52
2026-07-19 03:40:00,82.0,410.63,135.65,0.935,1,17.38,19.21
2026-07-19 03:45:00,82.47,412.22,135.89,0.911,1,16.15,10.88
2026-07-19 03:50:00,74.88,413.06,123.14,0.919,1,24.84,11.53
2026-07-19 03:55:00,80.89,414.24,132.63,0.884,1,22.2,13.88
2026-07-19 04:00:00,87.61,417.93,142.39,0.899,1,9.78,21.14
2026-07-19 04:05:00,79.65,413.63,130.8,0.877,1,20.17,14.24
2026-07-19 04:10:00,81.69,419.2,132.37,0.853,1,16.39,19.04
2026-07-19 04:15:00,80.18,410.8,132.57,0.858,1,6.41,15.26
2026-07-19 04:20:00,70.15,414.13,115.06,0.863,1,5.99,9.58
2026-07-19 04:25:00,82.14,416.96,133.81,0.861,1,20.99,17.87
2026-07-19 04:30:00,83.84,417.12,136.54,0.884,1,15.9,16.62
2026-07-19 04:35:00,80.06,414.16,131.3,0.85,1,16.43,13.24
2026-07-19 04:40:00,77.12,417.5,125.46,0.882,1,11.73,12.94
2026-07-19 04:45:00,78.74,417.03,128.25,0.93,1,23.61,12.93
2026-07-19 04:50:00,87.2,413.29,143.32,0.869,1,19.27,15.22
2026-07-19 04:55:00,93.46,415.79,152.69,0.847,1,23.56,19.52
2026-07-19 05:00:00,90.72,416.76,147.86,0.862,1,6.99,14.59
2026-07-19 05:05:00,77.28,413.47,126.95,0.925,1,16.67,14.94
2026-07-19 05:10:00,88.44,419.24,143.3,0.933,1,17.75,17.53
2026-07-19 05:15:00,81.01,412.91,133.27,0.926,1,7.52,14.83
2026-07-19 05:20:00,81.56,415.36,133.37,0.854,1,11.93,11.54
2026-07-19 05:25:00,82.28,411.88,135.7,0.867,1,9.3,17.01
2026-07-19 05:30:00,88.23,415.26,144.32,0.937,1,24.69,14.42
2026-07-19 05:35:00,89.59,412.33,147.58,0.859,1,15.87,15.59
2026-07-19 05:40:00,84.38,414.26,138.35,0.837,1,11.31,14.69
2026-07-19 05:45:00,84.52,411.03,139.67,0.854,1,18.29,16.05
2026-07-19 05:50:00,87.29,417.0,142.18,0.936,1,18.19,16.84
2026-07-19 05:55:00,87.83,415.89,143.45,0.87,1,11.95,17.99
2026-07-19 06:00:00,90.88,417.72,147.78,0.932,1,24.88,16.88
2026-07-19 06:05:00,78.57,414.13,128.87,0.832,1,21.18,12.39
2026-07-19 06:10:00,85.07,417.83,138.29,0.912,1,13.01,18.47
2026-07-19 06:15:00,79.58,415.1,130.23,0.831,1,18.2,14.31
2026-07-19 06:20:00,84.61,415.28,138.4,0.844,1,19.21,15.76
2026-07-19 06:25:00,83.66,420.29,135.21,0.894,1,8.48,13.17
2026-07-19 06:30:00,84.47,413.79,138.66,0.872,1,22.56,14.33
2026-07-19 06:35:00,80.59,418.07,130.94,0.9,1,21.52,18.91
2026-07-19 06:40:00,77.03,416.2,125.72,0.937,1,20.11,11.69
2026-07-19 06:45:00,73.86,413.57,121.3,0.826,1,9.45,10.93
2026-07-19 06:50:00,83.51,411.71,137.79,0.843,1,7.72,14.35
2026-07-19 06:55:00,81.84,412.42,134.79,0.897,1,8.61,15.9
2026-07-19 07:00:00,80.43,417.83,130.75,0.928,1,6.86,12.59
2026-07-19 07:05:00,90.21,419.34,146.13,0.916,1,23.81,13.78
2026-07-19 07:10:00,79.08,415.23,129.37,0.876,1,22.03,12.52
2026-07-19 07:15:00,90.23,415.36,147.55,0.909,1,6.82,15.62
2026-07-19 07:20:00,91.01,416.94,148.27,0.845,1,18.56,15.0
2026-07-19 07:25:00,72.87,415.18,119.21,0.822,1,9.91,18.75
2026-07-19 07:30:00,82.8,417.75,134.63,0.888,1,5.35,19.75
2026-07-19 07:35:00,80.04,415.73,130.77,0.918,1,10.85,17.64
2026-07-19 07:40:00,67.16,415.34,109.84,0.872,1,13.8,13.65
2026-07-19 07:45:00,74.17,413.25,121.91,0.888,1,5.4,14.49
2026-07-19 07:50:00,84.92,412.64,139.79,0.871,1,11.47,18.91
2026-07-19 07:55:00,90.78,407.1,151.47,0.882,1,19.01,17.59
2026-07-19 08:00:00,84.82,418.09,137.81,0.926,1,9.57,13.84
2026-07-19 08:05:00,81.54,414.63,133.58,0.877,1,14.7,20.32
2026-07-19 08:10:00,79.41,414.0,130.29,0.821,1,22.75,16.76
2026-07-19 08:15:00,87.51,410.12,144.94,0.916,1,5.57,19.39
2026-07-19 08:20:00,89.41,413.4,146.91,0.894,1,20.71,21.32
2026-07-19 08:25:00,75.29,413.07,123.81,0.908,1,12.68,10.09
2026-07-19 08:30:00,67.77,413.01,111.45,0.928,1,15.82,10.99
2026-07-19 08:35:00,66.81,415.83,109.13,0.854,1,9.62,12.04
2026-07-19 08:40:00,83.42,415.31,136.44,0.88,1,16.58,17.0
2026-07-19 08:45:00,76.08,411.6,125.55,0.892,1,19.61,16.79
2026-07-19 08:50:00,76.72,411.76,126.56,0.861,1,9.03,14.12
2026-07-19 08:55:00,66.33,411.75,109.42,0.922,1,11.87,15.52
2026-07-19 09:00:00,70.98,419.53,114.93,0.904,1,16.35,15.0
2026-07-19 09:05:00,72.73,418.73,117.97,0.908,1,13.34,15.14
2026-07-19 09:10:00,74.68,412.87,122.87,0.917,1,10.86,13.35
2026-07-19 09:15:00,71.08,410.06,117.75,0.851,1,14.03,14.23
2026-07-19 09:20:00,67.31,415.32,110.09,0.909,1,10.82,13.37
2026-07-19 09:25:00,67.98,415.12,111.24,0.913,1,11.04,15.01
2026-07-19 09:30:00,77.35,415.79,126.36,0.921,1,17.21,11.74
2026-07-19 09:35:00,71.92,416.85,117.19,0.879,1,14.54,15.29
2026-07-19 09:40:00,73.14,416.13,119.38,0.881,1,18.54,10.29
2026-07-19 09:45:00,64.95,412.21,107.03,0.832,1,21.75,10.81
2026-07-19 09:50:00,54.04,415.74,88.29,0.922,1,23.86,12.32
2026-07-19 09:55:00,65.54,417.13,106.73,0.884,1,8.03,10.26
2026-07-19 10:00:00,63.17,413.19,103.84,0.891,1,17.52,12.31
2026-07-19 10:05:00,68.58,415.75,112.05,0.835,1,16.65,11.05
2026-07-19 10:10:00,82.59,413.62,135.63,0.892,1,22.34,17.37
2026-07-19 10:15:00,68.96,419.99,111.52,0.825,1,22.92,13.67
2026-07-19 10:20:00,78.47,411.68,129.47,0.931,1,20.21,15.08
2026-07-19 10:25:00,66.94,417.89,108.81,0.924,1,16.91,15.44
2026-07-19 10:30:00,60.24,410.82,99.61,0.843,1,8.99,12.26
2026-07-19 10:35:00,64.42,419.48,104.32,0.891,1,10.53,13.26
2026-07-19 10:40:00,70.87,412.15,116.81,0.892,1,17.06,16.17
2026-07-19 10:45:00,70.4,415.47,115.09,0.916,1,7.79,15.86
2026-07-19 10:50:00,57.65,410.93,95.29,0.911,1,8.68,8.62
2026-07-19 10:55:00,61.06,411.63,100.76,0.939,1,23.23,13.85
2026-07-19 11:00:00,51.91,417.24,84.51,0.862,1,24.13,11.55
2026-07-19 11:05:00,62.44,417.57,101.57,0.835,1,5.1,14.53
2026-07-19 11:10:00,65.34,415.6,106.8,0.889,1,22.25,9.9
2026-07-19 11:15:00,57.03,416.85,92.92,0.912,1,23.76,9.86
2026-07-19 11:20:00,52.74,417.61,85.78,0.854,1,15.51,9.81
2026-07-19 11:25:00,57.12,413.29,93.89,0.848,1,13.98,14.22
2026-07-19 11:30:00,56.66,411.5,93.52,0.916,1,23.38,10.7
2026-07-19 11:35:00,54.22,414.97,88.75,0.91,1,5.15,9.92
2026-07-19 11:40:00,53.94,413.56,88.6,0.844,1,21.81,9.22
2026-07-19 11:45:00,51.42,415.97,83.97,0.924,1,10.93,11.61
2026-07-19 11:50:00,56.51,416.37,92.18,0.836,1,17.82,12.62
2026-07-19 11:55:00,54.44,413.3,89.48,0.833,1,11.46,9.12
2026-07-19 12:00:00,45.08,416.76,73.48,0.862,1,15.46,6.47
2026-07-19 12:05:00,44.18,416.64,72.03,0.926,1,21.17,10.8
2026-07-19 12:10:00,47.2,416.81,76.92,0.903,1,8.63,10.1
2026-07-19 12:15:00,51.4,413.98,84.33,0.867,1,18.28,8.63
2026-07-19 12:20:00,47.69,416.95,77.69,0.839,1,22.97,11.34
2026-07-19 12:25:00,42.97,416.3,70.12,0.906,1,23.02,10.36
2026-07-19 12:30:00,46.74,416.6,76.21,0.892,1,22.88,12.4
2026-07-19 12:35:00,43.02,419.19,69.71,0.939,1,15.37,10.47
2026-07-19 12:40:00,48.32,415.82,78.94,0.912,1,20.35,8.93
2026-07-19 12:45:00,44.84,413.48,73.66,0.832,1,13.94,7.01
2026-07-19 12:50:00,40.85,412.22,67.31,0.907,1,14.2,12.72
2026-07-19 12:55:00,42.84,417.82,69.64,0.851,1,10.68,7.06
2026-07-19 13:00:00,47.52,415.89,77.61,0.935,1,10.7,4.85
2026-07-19 13:05:00,37.36,419.18,60.54,0.822,1,5.76,4.22
2026-07-19 13:10:00,41.49,409.93,68.75,0.849,1,15.63,4.0
2026-07-19 13:15:00,38.4,417.28,62.5,0.88,1,11.18,10.29
2026-07-19 13:20:00,40.16,414.35,65.84,0.829,1,8.75,11.87
2026-07-19 13:25:00,34.04,414.12,55.84,0.861,1,7.43,7.08
2026-07-19 13:30:00,37.16,413.09,61.1,0.88,1,11.94,4.0
2026-07-19 13:35:00,41.44,417.25,67.47,0.874,1,22.98,11.38
2026-07-19 13:40:00,30.52,416.53,49.78,0.875,1,15.33,7.34
2026-07-19 13:45:00,27.87,412.14,45.94,0.925,0,0.0,4.0
2026-07-19 13:50:00,27.38,415.41,44.77,0.881,0,0.0,4.0
2026-07-19 13:55:00,27.31,416.77,44.51,0.933,0,0.0,4.0
2026-07-19 14:00:00,35.48,415.45,58.0,0.838,1,18.35,8.83
2026-07-19 14:05:00,24.81,417.77,40.34,0.854,0,0.0,4.0
2026-07-19 14:10:00,29.71,414.27,48.71,0.899,0,0.0,4.0
2026-07-19 14:15:00,33.65,409.36,55.83,0.854,1,23.3,9.61
2026-07-19 14:20:00,32.01,415.47,52.33,0.862,1,24.86,9.28
2026-07-19 14:25:00,27.38,415.45,44.76,0.928,0,0.0,4.0
2026-07-19 14:30:00,29.65,415.78,48.44,0.885,0,0.0,4.0
2026-07-19 14:35:00,28.63,417.77,46.55,0.86,0,0.0,4.0
2026-07-19 14:40:00,26.38,410.12,43.69,0.913,0,0.0,4.63
2026-07-19 14:45:00,25.87,414.4,42.4,0.828,0,0.0,4.0
2026-07-19 14:50:00,37.53,412.69,61.77,0.888,1,8.1,12.6
2026-07-19 14:55:00,29.84,411.98,49.2,0.832,0,0.0,4.0
2026-07-19 15:00:00,37.65,414.82,61.66,0.841,1,7.09,9.17
2026-07-19 15:05:00,22.23,416.75,36.24,0.827,0,0.0,4.0
2026-07-19 15:10:00,23.77,415.75,38.84,0.928,0,0.0,4.0
2026-07-19 15:15:00,17.02,413.28,27.98,0.826,0,0.0,4.0
2026-07-19 15:20:00,19.14,414.64,31.36,0.882,0,0.0,4.0
2026-07-19 15:25:00,32.21,417.32,52.43,0.847,1,22.0,9.89
2026-07-19 15:30:00,19.62,416.71,31.99,0.866,0,0.0,4.0
2026-07-19 15:35:00,31.37,413.62,51.52,0.879,1,9.03,9.38
2026-07-19 15:40:00,15.11,413.46,24.83,0.874,0,0.0,4.23
2026-07-19 15:45:00,15.63,410.71,25.85,0.91,0,0.0,4.0
2026-07-19 15:50:00,18.78,413.93,30.81,0.929,0,0.0,4.0
2026-07-19 15:55:00,19.76,410.66,32.68,0.856,0,0.0,4.0
2026-07-19 16:00:00,24.3,420.17,39.29,0.823,0,0.0,4.0
2026-07-19 16:05:00,21.57,412.86,35.49,0.927,0,0.0,4.0
2026-07-19 16:10:00,16.87,417.77,27.43,0.937,0,0.0,4.0
2026-07-19 16:15:00,17.94,419.55,29.05,0.872,0,0.0,4.0
2026-07-19 16:20:00,16.68,415.54,27.27,0.875,0,0.0,4.0
2026-07-19 16:25:00,13.39,414.75,21.93,0.837,0,0.0,4.0
2026-07-19 16:30:00,13.22,411.69,21.82,0.877,0,0.0,4.0
2026-07-19 16:35:00,22.52,413.74,36.97,0.856,0,0.0,4.0
2026-07-19 16:40:00,10.0,419.01,16.21,0.939,0,0.0,4.0
2026-07-19 16:45:00,24.94,415.88,40.74,0.842,0,0.0,4.0
2026-07-19 16:50:00,14.9,415.07,24.39,0.865,0,0.0,4.0
2026-07-19 16:55:00,12.54,418.28,20.36,0.894,0,0.0,4.0
2026-07-19 17:00:00,19.89,416.74,32.42,0.861,0,0.0,4.0
2026-07-19 17:05:00,23.43,414.63,38.38,0.877,0,0.0,4.0
2026-07-19 17:10:00,21.42,415.54,35.01,0.937,0,0.0,4.0
2026-07-19 17:15:00,18.18,413.08,29.9,0.881,0,0.0,4.0
2026-07-19 17:20:00,20.97,413.6,34.43,0.929,0,0.0,4.0
2026-07-19 17:25:00,10.0,414.48,16.39,0.825,0,0.0,4.0
2026-07-19 17:30:00,12.69,416.39,20.7,0.834,0,0.0,4.0
2026-07-19 17:35:00,10.65,411.88,17.57,0.933,0,0.0,4.0
2026-07-19 17:40:00,21.26,415.19,34.78,0.835,0,0.0,4.0
2026-07-19 17:45:00,13.16,414.03,21.59,0.908,0,0.0,4.0
2026-07-19 17:50:00,19.26,412.75,31.7,0.874,0,0.0,6.94
2026-07-19 17:55:00,17.69,414.04,29.02,0.869,0,0.0,4.0
2026-07-19 18:00:00,10.69,409.2,17.74,0.899,0,0.0,4.0
2026-07-19 18:05:00,12.07,413.11,19.85,0.907,0,0.0,4.0
2026-07-19 18:10:00,21.5,412.25,35.43,0.932,0,0.0,4.0
2026-07-19 18:15:00,11.2,414.3,18.36,0.851,0,0.0,4.0
2026-07-19 18:20:00,15.76,409.3,26.15,0.904,0,0.0,4.0
2026-07-19 18:25:00,11.3,415.48,18.47,0.861,0,0.0,4.0
2026-07-19 18:30:00,13.73,417.27,22.35,0.906,0,0.0,4.0
2026-07-19 18:35:00,15.18,414.71,24.86,0.837,0,0.0,4.0
2026-07-19 18:40:00,11.62,416.25,18.96,0.875,0,0.0,4.0
2026-07-19 18:45:00,10.87,413.72,17.85,0.842,0,0.0,4.0
2026-07-19 18:50:00,17.26,411.11,28.52,0.86,0,0.0,4.0
2026-07-19 18:55:00,11.78,415.0,19.28,0.906,0,0.0,4.0
2026-07-19 19:00:00,12.14,416.7,19.79,0.848,0,0.0,4.0
2026-07-19 19:05:00,11.7,411.69,19.31,0.902,0,0.0,4.0
2026-07-19 19:10:00,16.23,413.84,26.64,0.88,0,0.0,4.0
2026-07-19 19:15:00,21.58,414.38,35.37,0.831,0,0.0,4.0
2026-07-19 19:20:00,24.64,422.13,39.65,0.866,0,0.0,4.0
2026-07-19 19:25:00,13.75,415.56,22.48,0.924,0,0.0,4.0
2026-07-19 19:30:00,28.42,410.24,47.05,0.939,0,0.0,4.0
2026-07-19 19:35:00,12.94,409.62,21.46,0.864,0,0.0,4.0
2026-07-19 19:40:00,23.7,416.83,38.62,0.827,0,0.0,4.0
2026-07-19 19:45:00,15.0,421.21,24.19,0.836,0,0.0,4.0
2026-07-19 19:50:00,14.6,414.3,23.94,0.915,0,0.0,4.0
2026-07-19 19:55:00,15.59,414.15,25.57,0.899,0,0.0,4.0
2026-07-19 20:00:00,19.43,416.08,31.71,0.854,0,0.0,4.0
2026-07-19 20:05:00,22.98,413.0,37.79,0.867,0,0.0,4.0
2026-07-19 20:10:00,23.83,408.64,39.61,0.917,0,0.0,4.0
2026-07-19 20:15:00,16.18,417.59,26.32,0.87,0,0.0,4.0
2026-07-19 20:20:00,16.38,413.47,26.91,0.911,0,0.0,4.0
2026-07-19 20:25:00,17.19,417.63,27.96,0.855,0,0.0,4.0
2026-07-19 20:30:00,21.68,413.1,35.64,0.907,0,0.0,4.0
2026-07-19 20:35:00,21.65,415.3,35.42,0.876,0,0.0,4.0
2026-07-19 20:40:00,18.44,417.14,30.02,0.885,0,0.0,4.0
2026-07-19 20:45:00,25.03,417.68,40.71,0.892,0,0.0,4.0
2026-07-19 20:50:00,35.51,415.58,58.04,0.874,1,22.84,7.0
2026-07-19 20:55:00,22.19,415.46,36.29,0.876,0,0.0,4.0
2026-07-19 21:00:00,23.08,416.55,37.64,0.852,0,0.0,4.0
2026-07-19 21:05:00,28.6,416.16,46.67,0.938,0,0.0,4.0
2026-07-19 21:10:00,23.56,411.77,38.86,0.929,0,0.0,4.0
2026-07-19 21:15:00,30.27,411.82,49.92,0.883,1,19.82,5.0
2026-07-19 21:20:00,23.91,409.73,39.64,0.824,0,0.0,4.0
2026-07-19 21:25:00,37.25,416.92,60.69,0.84,1,8.05,7.75
2026-07-19 21:30:00,30.42,414.01,49.9,0.922,1,5.96,4.0
2026-07-19 21:35:00,26.2,417.05,42.68,0.932,0,0.0,4.0
2026-07-19 21:40:00,26.98,416.01,44.05,0.839,0,0.0,4.0
2026-07-19 21:45:00,27.99,412.49,46.08,0.908,0,0.0,4.0
2026-07-19 21:50:00,38.06,414.7,62.34,0.895,1,14.93,6.85
2026-07-19 21:55:00,25.5,413.86,41.85,0.856,0,0.0,4.0
2026-07-19 22:00:00,29.16,413.48,47.9,0.872,0,0.0,4.0
2026-07-19 22:05:00,30.36,417.29,49.41,0.901,1,6.71,4.0
2026-07-19 22:10:00,33.76,421.28,54.43,0.832,1,20.04,4.0
2026-07-19 22:15:00,33.16,417.79,53.92,0.843,1,10.34,8.44
2026-07-19 22:20:00,27.75,414.93,45.43,0.824,0,0.0,4.0
2026-07-19 22:25:00,33.9,418.15,55.08,0.928,1,23.97,4.0
2026-07-19 22:30:00,36.11,419.28,58.5,0.889,1,23.6,8.45
2026-07-19 22:35:00,34.17,411.52,56.41,0.883,1,7.5,7.15
2026-07-19 22:40:00,41.46,418.06,67.37,0.905,1,6.09,5.91
2026-07-19 22:45:00,43.35,416.92,70.62,0.939,1,20.54,7.0
2026-07-19 22:50:00,39.08,417.97,63.52,0.841,1,19.2,5.55
2026-07-19 22:55:00,41.36,417.03,67.36,0.836,1,8.52,4.0
2026-07-19 23:00:00,30.14,414.43,49.39,0.855,1,18.69,4.0
2026-07-19 23:05:00,39.58,420.08,63.99,0.928,1,5.31,9.0
2026-07-19 23:10:00,47.45,415.85,77.5,0.869,1,17.62,8.61
2026-07-19 23:15:00,41.05,413.91,67.37,0.915,1,21.65,10.17
2026-07-19 23:20:00,40.24,416.26,65.66,0.844,1,17.84,4.0
2026-07-19 23:25:00,56.06,417.43,91.23,0.879,1,6.31,11.42
2026-07-19 23:30:00,54.53,415.24,89.2,0.835,1,24.82,12.85
2026-07-19 23:35:00,48.53,415.98,79.24,0.87,1,12.12,4.0
2026-07-19 23:40:00,52.64,415.22,86.12,0.851,1,12.61,8.89
2026-07-19 23:45:00,36.58,413.35,60.11,0.886,1,6.7,7.71
2026-07-19 23:50:00,44.54,412.95,73.26,0.914,1,8.34,11.44
2026-07-19 23:55:00,46.89,411.49,77.4,0.933,1,10.42,5.78
2026-07-20 00:00:00,48.82,418.8,79.18,0.854,1,20.98,13.04
2026-07-20 00:05:00,48.31,414.44,79.18,0.909,1,18.83,10.65
2026-07-20 00:10:00,38.78,406.43,64.81,0.926,1,16.67,5.5
2026-07-20 00:15:00,54.22,415.99,88.53,0.835,1,22.28,13.17
2026-07-20 00:20:00,55.77,415.94,91.07,0.89,1,24.96,16.61
2026-07-20 00:25:00,61.82,410.33,102.33,0.893,1,12.7,10.99
2026-07-20 00:30:00,50.63,412.92,83.28,0.853,1,12.82,8.79
2026-07-20 00:35:00,50.97,412.81,83.87,0.823,1,19.72,7.96
2026-07-20 00:40:00,42.68,413.14,70.17,0.851,1,17.89,12.82
2026-07-20 00:45:00,55.36,418.03,89.95,0.89,1,5.27,8.54
2026-07-20 00:50:00,62.08,414.63,101.7,0.844,1,18.11,9.84
2026-07-20 00:55:00,55.26,413.93,90.68,0.854,1,19.39,9.47
2026-07-20 01:00:00,69.78,417.81,113.44,0.905,1,24.72,12.38
2026-07-20 01:05:00,58.51,416.24,95.48,0.868,1,16.74,10.03
2026-07-20 01:10:00,61.26,410.65,101.33,0.828,1,18.69,10.14
2026-07-20 01:15:00,54.43,413.46,89.43,0.868,1,20.77,9.18
2026-07-20 01:20:00,63.41,415.8,103.58,0.94,1,6.92,12.09
2026-07-20 01:25:00,52.79,412.67,86.89,0.851,1,19.69,13.6
2026-07-20 01:30:00,66.86,420.07,108.12,0.852,1,15.94,10.54
2026-07-20 01:35:00,67.72,415.28,110.76,0.84,1,7.0,9.53
2026-07-20 01:40:00,71.59,413.12,117.71,0.853,1,18.4,14.56
2026-07-20 01:45:00,60.38,412.19,99.5,0.889,1,9.69,12.58
2026-07-20 01:50:00,66.96,417.32,109.0,0.936,1,15.76,16.4
2026-07-20 01:55:00,69.65,413.38,114.45,0.893,1,10.62,16.32
2026-07-20 02:00:00,69.71,415.95,113.84,0.869,1,7.09,9.24
2026-07-20 02:05:00,63.83,412.12,105.21,0.867,1,10.02,7.38
2026-07-20 02:10:00,56.85,415.18,93.0,0.823,1,13.78,12.23
2026-07-20 02:15:00,71.18,413.41,116.95,0.82,1,14.88,14.8
2026-07-20 02:20:00,69.31,414.21,113.66,0.916,1,7.97,16.3
2026-07-20 02:25:00,67.86,413.01,111.61,0.879,1,11.42,13.69
2026-07-20 02:30:00,75.13,417.56,122.21,0.824,1,22.19,13.33
2026-07-20 02:35:00,71.68,413.77,117.68,0.854,1,23.21,16.46
2026-07-20 02:40:00,65.9,414.64,107.96,0.863,1,15.7,10.23
2026-07-20 02:45:00,63.42,414.76,103.86,0.914,1,14.81,16.79
2026-07-20 02:50:00,68.0,419.03,110.23,0.872,1,16.63,13.7
2026-07-20 02:55:00,86.17,417.23,140.28,0.915,1,9.29,14.27
2026-07-20 03:00:00,78.36,416.98,127.65,0.896,1,24.87,13.3
2026-07-20 03:05:00,76.23,411.06,125.96,0.824,1,19.91,15.17
2026-07-20 03:10:00,74.9,413.36,123.07,0.936,1,9.77,13.79
2026-07-20 03:15:00,75.08,417.97,122.01,0.842,1,10.44,13.72
2026-07-20 03:20:00,82.65,412.07,136.24,0.853,1,17.97,12.75
2026-07-20 03:25:00,74.84,415.21,122.44,0.917,1,11.46,13.67
2026-07-20 03:30:00,80.65,412.34,132.86,0.843,1,12.11,17.03
2026-07-20 03:35:00,76.48,412.59,125.92,0.868,1,20.62,13.05
2026-07-20 03:40:00,88.37,419.2,143.19,0.924,1,10.34,17.02
2026-07-20 03:45:00,82.81,416.8,134.96,0.896,1,19.1,18.45
2026-07-20 03:50:00,85.75,417.46,139.52,0.856,1,23.7,18.07
2026-07-20 03:55:00,77.0,416.96,125.44,0.897,1,7.48,11.44
2026-07-20 04:00:00,85.6,414.65,140.23,0.918,1,7.89,16.54
2026-07-20 04:05:00,79.12,413.27,130.05,0.868,1,23.86,18.82
2026-07-20 04:10:00,81.6,413.99,133.88,0.889,1,9.07,16.29
2026-07-20 04:15:00,89.57,414.52,146.77,0.939,1,5.42,19.12
2026-07-20 04:20:00,76.51,419.44,123.9,0.936,1,22.37,17.15
2026-07-20 04:25:00,83.05,411.66,137.04,0.881,1,10.65,12.85
2026-07-20 04:30:00,84.53,413.62,138.81,0.832,1,10.97,19.88
2026-07-20 04:35:00,85.22,412.72,140.26,0.904,1,9.54,18.71
2026-07-20 04:40:00,80.64,417.64,131.15,0.852,1,23.35,15.03
2026-07-20 04:45:00,93.57,419.63,151.47,0.9,1,20.49,20.86
2026-07-20 04:50:00,76.91,415.77,125.64,0.862,1,16.94,14.39
2026-07-20 04:55:00,90.9,415.98,148.43,0.906,1,14.07,16.86
2026-07-20 05:00:00,89.88,415.23,147.04,0.864,1,7.87,14.51
2026-07-20 05:05:00,93.5,416.09,152.64,0.933,1,23.52,15.62
2026-07-20 05:10:00,76.23,416.93,124.19,0.836,1,19.99,15.07
2026-07-20 05:15:00,79.98,416.06,130.58,0.828,1,10.58,14.34
2026-07-20 05:20:00,91.93,416.25,150.01,0.914,1,23.95,14.31
2026-07-20 05:25:00,75.21,416.94,122.52,0.868,1,23.7,15.53
2026-07-20 05:30:00,76.67,410.55,126.85,0.876,1,18.19,15.89
2026-07-20 05:35:00,82.35,415.01,134.79,0.932,1,24.7,16.75
2026-07-20 05:40:00,85.83,415.76,140.22,0.891,1,8.74,16.56
2026-07-20 05:45:00,92.89,416.04,151.65,0.899,1,19.63,18.64
2026-07-20 05:50:00,84.04,414.57,137.7,0.822,1,8.04,15.91
2026-07-20 05:55:00,81.95,415.4,134.0,0.9,1,18.83,16.5
2026-07-20 06:00:00,86.56,413.2,142.29,0.867,1,23.4,17.92
2026-07-20 06:05:00,87.34,410.56,144.5,0.875,1,15.72,15.15
2026-07-20 06:10:00,87.17,417.46,141.84,0.917,1,20.26,13.78
2026-07-20 06:15:00,84.04,412.16,138.49,0.883,1,7.86,16.26
2026-07-20 06:20:00,75.09,414.6,123.03,0.938,1,17.66,14.75
2026-07-20 06:25:00,80.2,413.13,131.87,0.916,1,6.26,15.8
2026-07-20 06:30:00,91.8,418.97,148.83,0.907,1,5.74,19.44
2026-07-20 06:35:00,85.53,414.8,140.06,0.891,1,17.68,16.2
2026-07-20 06:40:00,82.86,414.22,135.87,0.869,1,16.46,15.43
2026-07-20 06:45:00,89.92,416.87,146.51,0.826,1,11.59,17.85
2026-07-20 06:50:00,78.52,420.39,126.87,0.822,1,15.26,12.54
2026-07-20 06:55:00,82.87,416.01,135.31,0.826,1,18.69,15.95
2026-07-20 07:00:00,84.5,414.06,138.62,0.935,1,17.89,15.87
2026-07-20 07:05:00,81.39,416.74,132.67,0.859,1,6.47,17.0
2026-07-20 07:10:00,83.88,411.07,138.61,0.904,1,18.56,14.97
2026-07-20 07:15:00,82.2,415.12,134.51,0.891,1,18.19,15.92
2026-07-20 07:20:00,75.89,419.98,122.74,0.889,1,18.39,14.22
2026-07-20 07:25:00,83.53,415.39,136.58,0.89,1,21.95,10.39
2026-07-20 07:30:00,75.69,415.27,123.81,0.856,1,16.53,13.23
2026-07-20 07:35:00,82.86,415.05,135.61,0.926,1,23.76,16.08
2026-07-20 07:40:00,88.59,414.01,145.35,0.93,1,24.6,15.12
2026-07-20 07:45:00,79.99,415.79,130.67,0.897,1,20.04,15.12
2026-07-20 07:50:00,75.19,416.94,122.49,0.924,1,12.17,17.24
2026-07-20 07:55:00,80.05,414.17,131.29,0.827,1,7.86,17.03
2026-07-20 08:00:00,76.15,408.77,126.54,0.832,1,21.4,10.47
2026-07-20 08:05:00,82.89,416.16,135.3,0.887,1,7.93,17.07
2026-07-20 08:10:00,78.78,420.33,127.31,0.922,1,7.92,15.87
2026-07-20 08:15:00,87.65,414.06,143.79,0.858,1,23.38,16.73
2026-07-20 08:20:00,84.49,411.32,139.52,0.886,1,16.2,10.6
2026-07-20 08:25:00,77.46,416.69,126.27,0.821,1,10.87,16.29
2026-07-20 08:30:00,81.35,419.36,131.76,0.938,1,24.26,14.86
2026-07-20 08:35:00,75.33,416.32,122.9,0.912,1,19.15,15.0
2026-07-20 08:40:00,76.98,419.31,124.7,0.863,1,15.7,12.41
2026-07-20 08:45:00,74.51,416.98,121.37,0.938,1,11.59,12.28
2026-07-20 08:50:00,79.64,416.77,129.79,0.831,1,18.53,17.42
2026-07-20 08:55:00,82.45,413.7,135.37,0.876,1,19.62,19.57
2026-07-20 09:00:00,78.74,415.71,128.66,0.827,1,19.24,14.15
2026-07-20 09:05:00,78.81,414.93,129.02,0.86,1,8.91,18.13
2026-07-20 09:10:00,78.26,414.84,128.14,0.846,1,18.94,14.04
2026-07-20 09:15:00,75.83,414.37,124.31,0.858,1,16.63,13.46
2026-07-20 09:20:00,66.8,415.56,109.19,0.934,1,22.0,9.85
2026-07-20 09:25:00,80.41,411.76,132.65,0.871,1,17.5,16.5
2026-07-20 09:30:00,80.33,417.03,130.84,0.859,1,7.93,14.4
2026-07-20 09:35:00,69.53,412.81,114.4,0.897,1,11.37,12.76
2026-07-20 09:40:00,68.22,414.37,111.83,0.902,1,19.88,12.4
2026-07-20 09:45:00,72.51,415.83,118.44,0.938,1,19.8,11.75
2026-07-20 09:50:00,71.56,412.68,117.78,0.886,1,9.45,14.8
2026-07-20 09:55:00,67.15,410.08,111.22,0.91,1,12.09,12.55
2026-07-20 10:00:00,61.25,414.04,100.48,0.866,1,5.31,13.16
2026-07-20 10:05:00,68.36,411.42,112.87,0.841,1,11.63,10.71
2026-07-20 10:10:00,68.92,416.78,112.32,0.872,1,5.53,13.23
2026-07-20 10:15:00,69.11,412.12,113.91,0.87,1,22.46,18.5
2026-07-20 10:20:00,66.54,418.71,107.94,0.87,1,18.33,11.25
2026-07-20 10:25:00,62.74,414.99,102.69,0.903,1,24.38,11.39
2026-07-20 10:30:00,68.36,415.15,111.86,0.869,1,22.84,12.3
2026-07-20 10:35:00,63.01,410.05,104.39,0.934,1,17.07,9.79
2026-07-20 10:40:00,59.65,415.36,97.54,0.938,1,15.06,15.32
2026-07-20 10:45:00,60.35,414.8,98.82,0.883,1,22.67,6.67
2026-07-20 10:50:00,51.79,411.75,85.44,0.887,1,10.97,7.05
2026-07-20 10:55:00,58.88,415.22,96.33,0.869,1,9.47,12.15
2026-07-20 11:00:00,62.5,414.01,102.54,0.863,1,13.2,10.22
2026-07-20 11:05:00,60.02,414.46,98.36,0.938,1,6.06,11.04
2026-07-20 11:10:00,65.18,415.06,106.67,0.825,1,11.04,12.22
2026-07-20 11:15:00,55.51,413.82,91.12,0.869,1,6.67,11.47
2026-07-20 11:20:00,58.51,415.62,95.63,0.838,1,6.05,11.02
2026-07-20 11:25:00,59.29,414.78,97.09,0.907,1,16.03,10.58
2026-07-20 11:30:00,66.28,416.18,108.18,0.843,1,19.16,13.19
2026-07-20 11:35:00,54.53,413.68,89.54,0.926,1,15.73,10.19
2026-07-20 11:40:00,47.83,412.34,78.79,0.865,1,6.41,12.84
2026-07-20 11:45:00,56.53,413.23,92.92,0.93,1,12.9,9.49
2026-07-20 11:50:00,60.86,418.61,98.75,0.938,1,7.22,12.6
2026-07-20 11:55:00,49.15,417.39,79.99,0.913,1,18.0,11.86
2026-07-20 12:00:00,54.21,418.03,88.08,0.895,1,21.53,7.78
2026-07-20 12:05:00,55.38,418.21,89.95,0.838,1,7.33,7.76
2026-07-20 12:10:00,53.56,413.83,87.91,0.932,1,6.34,14.42
2026-07-20 12:15:00,48.34,415.74,78.98,0.913,1,13.12,7.79
2026-07-20 12:20:00,43.46,415.19,71.1,0.855,1,11.07,8.4
2026-07-20 12:25:00,45.78,416.65,74.64,0.876,1,10.21,8.35
2026-07-20 12:30:00,47.72,414.28,78.25,0.828,1,9.23,8.96
2026-07-20 12:35:00,49.22,415.23,80.51,0.899,1,11.34,8.57
2026-07-20 12:40:00,45.59,415.18,74.59,0.835,1,24.31,9.7
2026-07-20 12:45:00,41.27,416.33,67.34,0.898,1,22.15,6.66
2026-07-20 12:50:00,45.2,416.64,73.69,0.901,1,17.03,8.47
2026-07-20 12:55:00,45.98,415.23,75.22,0.859,1,21.01,4.77
2026-07-20 13:00:00,42.84,415.31,70.07,0.934,1,5.29,7.71
2026-07-20 13:05:00,36.03,415.56,58.88,0.913,1,7.23,7.62
2026-07-20 13:10:00,38.57,419.12,62.51,0.88,1,10.85,9.7
2026-07-20 13:15:00,43.49,410.68,71.93,0.93,1,17.88,11.37
2026-07-20 13:20:00,31.11,412.58,51.23,0.923,1,22.67,5.86
2026-07-20 13:25:00,26.85,416.68,43.77,0.903,0,0.0,4.0
2026-07-20 13:30:00,44.15,415.67,72.14,0.838,1,7.78,5.68
2026-07-20 13:35:00,38.46,415.66,62.85,0.88,1,21.96,6.83
2026-07-20 13:40:00,38.24,416.67,62.34,0.924,1,13.18,11.29
2026-07-20 13:45:00,29.14,415.53,47.63,0.893,0,0.0,4.0
2026-07-20 13:50:00,37.53,413.6,61.63,0.885,1,15.96,8.09
2026-07-20 13:55:00,34.54,416.57,56.32,0.935,1,8.52,6.23
2026-07-20 14:00:00,24.58,415.05,40.22,0.822,0,0.0,4.32
2026-07-20 14:05:00,38.96,413.88,63.95,0.821,1,13.42,8.91
2026-07-20 14:10:00,31.99,416.73,52.14,0.927,1,10.75,9.73
2026-07-20 14:15:00,28.57,416.63,46.59,0.825,0,0.0,4.0
2026-07-20 14:20:00,28.03,415.54,45.83,0.86,0,0.0,4.0
2026-07-20 14:25:00,19.23,419.29,31.15,0.931,0,0.0,4.0
2026-07-20 14:30:00,31.66,418.32,51.41,0.903,1,11.01,7.7
2026-07-20 14:35:00,29.4,417.5,47.84,0.898,0,0.0,4.0
2026-07-20 14:40:00,26.53,421.42,42.77,0.899,0,0.0,4.0
2026-07-20 14:45:00,33.32,414.63,54.58,0.858,1,8.45,8.45
2026-07-20 14:50:00,19.44,413.84,31.9,0.884,0,0.0,4.0
2026-07-20 14:55:00,22.81,417.15,37.15,0.896,0,0.0,4.0
2026-07-20 15:00:00,21.0,414.37,34.43,0.857,0,0.0,4.67
2026-07-20 15:05:00,23.32,415.03,38.17,0.915,0,0.0,4.0
2026-07-20 15:10:00,24.53,412.54,40.39,0.859,0,0.0,4.0
2026-07-20 15:15:00,25.84,416.52,42.13,0.829,0,0.0,4.0
2026-07-20 15:20:00,21.45,411.32,35.43,0.844,0,0.0,4.0
2026-07-20 15:25:00,18.32,414.76,30.0,0.869,0,0.0,4.0
2026-07-20 15:30:00,30.66,414.96,50.19,0.929,1,21.75,8.04
2026-07-20 15:35:00,33.83,413.91,55.52,0.87,1,6.65,6.09
2026-07-20 15:40:00,22.05,410.61,36.47,0.831,0,0.0,4.0
2026-07-20 15:45:00,17.11,410.59,28.31,0.844,0,0.0,4.0
2026-07-20 15:50:00,27.86,413.13,45.8,0.885,0,0.0,4.0
2026-07-20 15:55:00,12.84,416.35,20.95,0.841,0,0.0,5.49
2026-07-20 16:00:00,18.02,415.72,29.44,0.828,0,0.0,4.0
2026-07-20 16:05:00,15.83,414.96,25.92,0.906,0,0.0,4.0
2026-07-20 16:10:00,13.16,412.79,21.65,0.914,0,0.0,4.0
2026-07-20 16:15:00,17.21,415.85,28.11,0.922,0,0.0,4.0
2026-07-20 16:20:00,13.96,410.5,23.1,0.921,0,0.0,4.0
2026-07-20 16:25:00,18.03,409.01,29.94,0.866,0,0.0,4.0
2026-07-20 16:30:00,17.8,414.39,29.18,0.908,0,0.0,4.44
2026-07-20 16:35:00,14.27,413.63,23.44,0.89,0,0.0,4.0
2026-07-20 16:40:00,15.26,417.53,24.82,0.823,0,0.0,4.0
2026-07-20 16:45:00,15.7,415.39,25.68,0.868,0,0.0,4.0
2026-07-20 16:50:00,20.67,419.13,33.5,0.826,0,0.0,4.0
2026-07-20 16:55:00,15.66,413.63,25.71,0.83,0,0.0,4.0
2026-07-20 17:00:00,20.32,416.22,33.16,0.827,0,0.0,4.0
2026-07-20 17:05:00,18.93,414.37,31.03,0.935,0,0.0,4.0
2026-07-20 17:10:00,18.69,418.45,30.33,0.921,0,0.0,4.0
2026-07-20 17:15:00,22.61,414.49,37.06,0.873,0,0.0,4.0
2026-07-20 17:20:00,10.0,417.14,16.28,0.85,0,0.0,4.0
2026-07-20 17:25:00,13.04,412.31,21.49,0.829,0,0.0,4.0
2026-07-20 17:30:00,24.12,413.96,39.57,0.872,0,0.0,4.0
2026-07-20 17:35:00,13.92,414.79,22.8,0.892,0,0.0,6.02
2026-07-20 17:40:00,10.0,418.16,16.24,0.916,0,0.0,4.0
2026-07-20 17:45:00,14.06,409.51,23.32,0.826,0,0.0,4.0
2026-07-20 17:50:00,15.71,414.17,25.76,0.87,0,0.0,4.0
2026-07-20 17:55:00,10.0,414.08,16.4,0.937,0,0.0,4.0
2026-07-20 18:00:00,21.67,409.81,35.92,0.834,0,0.0,4.95
2026-07-20 18:05:00,11.44,413.84,18.78,0.868,0,0.0,4.0
2026-07-20 18:10:00,16.68,411.15,27.55,0.853,0,0.0,4.0
2026-07-20 18:15:00,13.95,409.17,23.15,0.836,0,0.0,4.0
2026-07-20 18:20:00,10.0,414.34,16.39,0.921,0,0.0,4.0
2026-07-20 18:25:00,10.0,414.26,16.4,0.904,0,0.0,4.0
2026-07-20 18:30:00,10.62,414.39,17.41,0.869,0,0.0,4.0
2026-07-20 18:35:00,20.84,415.63,34.05,0.864,0,0.0,4.0
2026-07-20 18:40:00,14.79,412.8,24.34,0.919,0,0.0,4.0
2026-07-20 18:45:00,13.06,419.48,21.15,0.831,0,0.0,4.0
2026-07-20 18:50:00,11.16,414.92,18.26,0.838,0,0.0,4.0
2026-07-20 18:55:00,21.98,418.22,35.71,0.929,0,0.0,4.0
2026-07-20 19:00:00,23.51,410.8,38.88,0.918,0,0.0,4.0
2026-07-20 19:05:00,22.32,412.91,36.72,0.913,0,0.0,4.0
2026-07-20 19:10:00,19.08,416.72,31.1,0.895,0,0.0,5.76
2026-07-20 19:15:00,18.31,414.43,30.0,0.855,0,0.0,4.0
2026-07-20 19:20:00,11.03,412.32,18.17,0.932,0,0.0,4.0
2026-07-20 19:25:00,16.15,410.4,26.73,0.879,0,0.0,4.0
2026-07-20 19:30:00,14.24,416.83,23.21,0.854,0,0.0,4.0
2026-07-20 19:35:00,10.0,416.63,16.3,0.864,0,0.0,4.0
2026-07-20 19:40:00,23.56,415.61,38.51,0.822,0,0.0,4.0
2026-07-20 19:45:00,15.13,413.76,24.84,0.851,0,0.0,4.0
2026-07-20 19:50:00,24.93,412.22,41.09,0.843,0,0.0,4.0
2026-07-20 19:55:00,23.72,414.87,38.84,0.836,0,0.0,4.0
2026-07-20 20:00:00,22.47,411.71,37.08,0.824,0,0.0,4.0
2026-07-20 20:05:00,23.14,413.12,38.05,0.847,0,0.0,4.0
2026-07-20 20:10:00,17.4,418.15,28.27,0.832,0,0.0,4.0
2026-07-20 20:15:00,30.19,410.37,49.97,0.825,1,24.92,6.11
2026-07-20 20:20:00,21.55,416.69,35.12,0.836,0,0.0,4.0
2026-07-20 20:25:00,23.28,418.74,37.77,0.844,0,0.0,4.18
2026-07-20 20:30:00,18.99,417.04,30.93,0.87,0,0.0,4.0
2026-07-20 20:35:00,18.05,416.0,29.47,0.89,0,0.0,4.0
2026-07-20 20:40:00,25.57,413.84,41.98,0.859,0,0.0,4.64
2026-07-20 20:45:00,24.77,413.39,40.71,0.837,0,0.0,4.0
2026-07-20 20:50:00,20.25,409.38,33.6,0.933,0,0.0,4.0
2026-07-20 20:55:00,17.53,415.09,28.68,0.882,0,0.0,4.0
2026-07-20 21:00:00,18.9,413.99,31.01,0.909,0,0.0,4.0
2026-07-20 21:05:00,31.78,413.25,52.23,0.903,1,22.37,8.09
2026-07-20 21:10:00,23.29,414.95,38.12,0.854,0,0.0,4.0
2026-07-20 21:15:00,25.23,415.16,41.28,0.887,0,0.0,4.0
2026-07-20 21:20:00,34.75,413.41,57.1,0.892,1,24.21,10.04
2026-07-20 21:25:00,22.48,419.03,36.44,0.862,0,0.0,4.0
2026-07-20 21:30:00,25.06,416.83,40.83,0.9,0,0.0,4.0
2026-07-20 21:35:00,25.46,417.24,41.45,0.915,0,0.0,4.0
2026-07-20 21:40:00,38.02,414.74,62.26,0.864,1,21.62,9.83
2026-07-20 21:45:00,40.52,416.28,66.12,0.822,1,12.05,4.16
2026-07-20 21:50:00,34.95,412.76,57.52,0.862,1,12.12,8.66
2026-07-20 21:55:00,35.76,416.67,58.3,0.834,1,7.47,6.87
2026-07-20 22:00:00,29.6,414.49,48.5,0.839,0,0.0,4.0
2026-07-20 22:05:00,42.9,412.45,70.66,0.864,1,23.47,9.02
2026-07-20 22:10:00,35.18,414.94,57.58,0.845,1,24.15,6.83
2026-07-20 22:15:00,38.79,414.27,63.59,0.932,1,24.91,8.52
2026-07-20 22:20:00,34.68,420.81,55.98,0.898,1,14.46,6.92
2026-07-20 22:25:00,34.56,416.09,56.42,0.882,1,20.5,8.83
2026-07-20 22:30:00,44.92,418.95,72.83,0.821,1,16.05,5.35
2026-07-20 22:35:00,40.01,417.83,65.05,0.832,1,15.96,8.42
2026-07-20 22:40:00,45.29,415.09,74.11,0.915,1,21.12,9.14
2026-07-20 22:45:00,40.03,413.89,65.69,0.867,1,21.71,13.49
2026-07-20 22:50:00,35.23,410.65,58.28,0.825,1,5.4,4.0
2026-07-20 22:55:00,37.29,412.82,61.36,0.919,1,23.86,10.03
2026-07-20 23:00:00,41.46,416.66,67.58,0.856,1,21.46,9.54
2026-07-20 23:05:00,38.55,414.24,63.21,0.866,1,19.42,9.68
2026-07-20 23:10:00,36.89,415.94,60.24,0.937,1,22.04,6.71
2026-07-20 23:15:00,49.18,409.92,81.49,0.822,1,15.75,10.38
2026-07-20 23:20:00,41.2,416.13,67.25,0.907,1,20.47,8.77
2026-07-20 23:25:00,45.37,417.74,73.77,0.934,1,16.97,17.18
2026-07-20 23:30:00,46.91,410.56,77.61,0.828,1,15.86,8.52
2026-07-20 23:35:00,43.25,415.93,70.63,0.924,1,9.23,6.43
2026-07-20 23:40:00,54.2,418.36,88.01,0.87,1,21.95,15.48
2026-07-20 23:45:00,42.13,419.2,68.26,0.925,1,22.68,9.51
2026-07-20 23:50:00,49.78,413.74,81.73,0.857,1,24.42,11.37
2026-07-20 23:55:00,50.47,416.95,82.22,0.938,1,7.41,12.06
2026-07-21 00:00:00,49.73,418.57,80.7,0.898,1,10.83,9.67
2026-07-21 00:05:00,44.28,416.0,72.3,0.895,1,18.71,7.94
2026-07-21 00:10:00,55.88,418.21,90.76,0.917,1,22.1,11.47
2026-07-21 00:15:00,56.01,414.91,91.69,0.872,1,20.03,9.14
2026-07-21 00:20:00,49.67,415.99,81.11,0.851,1,14.11,6.29
2026-07-21 00:25:00,57.35,413.45,94.22,0.852,1,19.52,9.35
2026-07-21 00:30:00,56.44,414.59,92.48,0.86,1,6.44,5.03
2026-07-21 00:35:00,48.92,416.08,79.86,0.894,1,18.25,8.88
2026-07-21 00:40:00,51.81,413.26,85.15,0.921,1,5.16,8.43
2026-07-21 00:45:00,62.52,414.44,102.47,0.88,1,5.95,12.95
2026-07-21 00:50:00,59.12,416.9,96.33,0.868,1,20.15,11.95
2026-07-21 00:55:00,55.5,420.13,89.73,0.915,1,14.55,10.4
2026-07-21 01:00:00,54.77,409.88,90.76,0.855,1,6.19,12.89
2026-07-21 01:05:00,57.22,419.94,92.55,0.903,1,14.64,10.07
2026-07-21 01:10:00,58.3,414.35,95.58,0.833,1,6.26,8.24
2026-07-21 01:15:00,57.02,417.41,92.79,0.834,1,11.92,5.02
2026-07-21 01:20:00,53.26,417.9,86.57,0.897,1,8.15,10.05
2026-07-21 01:25:00,68.39,418.91,110.89,0.83,1,9.39,12.66
2026-07-21 01:30:00,68.25,413.18,112.2,0.839,1,8.91,15.66
2026-07-21 01:35:00,57.73,414.44,94.62,0.895,1,12.44,9.01
2026-07-21 01:40:00,65.47,414.87,107.2,0.873,1,7.16,13.88
2026-07-21 01:45:00,60.97,414.11,100.01,0.887,1,15.55,6.02
2026-07-21 01:50:00,64.85,418.3,105.31,0.937,1,13.14,9.33
2026-07-21 01:55:00,65.11,414.81,106.62,0.896,1,21.8,13.7
2026-07-21 02:00:00,65.36,410.95,108.03,0.891,1,21.52,14.43
2026-07-21 02:05:00,78.17,413.42,128.44,0.866,1,21.49,11.31
2026-07-21 02:10:00,66.6,411.05,110.06,0.896,1,14.39,10.87
2026-07-21 02:15:00,65.4,414.43,107.2,0.822,1,10.82,12.42
2026-07-21 02:20:00,66.26,416.68,108.02,0.887,1,13.31,12.37
2026-07-21 02:25:00,75.91,413.36,124.75,0.828,1,18.75,15.87
2026-07-21 02:30:00,63.05,413.99,103.44,0.846,1,15.6,14.24
2026-07-21 02:35:00,68.09,414.31,111.64,0.888,1,17.49,10.18
2026-07-21 02:40:00,79.73,415.35,130.39,0.9,1,18.87,16.32
2026-07-21 02:45:00,74.3,416.29,121.23,0.866,1,23.37,12.88
2026-07-21 02:50:00,74.61,417.02,121.52,0.87,1,23.88,15.4
2026-07-21 02:55:00,84.86,420.64,137.04,0.88,1,21.81,15.29
2026-07-21 03:00:00,75.98,415.31,124.27,0.911,1,6.3,16.48
2026-07-21 03:05:00,71.74,416.84,116.91,0.822,1,24.59,15.5
2026-07-21 03:10:00,74.39,411.03,122.94,0.874,1,19.07,12.06
2026-07-21 03:15:00,70.64,414.05,115.88,0.822,1,18.87,9.78
2026-07-21 03:20:00,83.09,414.32,136.22,0.858,1,5.46,17.98
2026-07-21 03:25:00,80.17,412.46,132.03,0.882,1,14.59,13.53
2026-07-21 03:30:00,83.39,413.66,136.93,0.83,1,17.53,14.5
2026-07-21 03:35:00,84.29,414.73,138.05,0.878,1,10.57,17.41
2026-07-21 03:40:00,76.6,413.74,125.76,0.931,1,6.66,11.76
2026-07-21 03:45:00,74.38,421.5,119.86,0.902,1,15.65,14.63
2026-07-21 03:50:00,79.26,416.28,129.33,0.914,1,13.93,15.01
2026-07-21 03:55:00,75.56,420.0,122.2,0.89,1,5.88,13.71
2026-07-21 04:00:00,81.14,418.73,131.62,0.928,1,15.39,18.14
2026-07-21 04:05:00,86.35,413.4,141.87,0.838,1,7.15,16.98
2026-07-21 04:10:00,80.2,415.09,131.25,0.874,1,13.49,17.37
2026-07-21 04:15:00,82.14,413.91,134.8,0.892,1,10.41,14.73
2026-07-21 04:20:00,81.25,414.6,133.12,0.925,1,24.41,14.17
2026-07-21 04:25:00,86.05,412.56,141.68,0.857,1,5.69,18.17
2026-07-21 04:30:00,79.0,413.9,129.64,0.82,1,16.2,13.71
2026-07-21 04:35:00,71.64,415.9,117.0,0.937,1,8.04,13.58
2026-07-21 04:40:00,85.24,415.83,139.24,0.823,1,11.39,16.89
2026-07-21 04:45:00,88.08,415.63,143.95,0.838,1,8.68,14.51
2026-07-21 04:50:00,85.61,414.85,140.18,0.871,1,24.9,14.88
2026-07-21 04:55:00,80.4,417.15,130.92,0.88,1,5.65,14.13
2026-07-21 05:00:00,78.13,414.36,128.08,0.92,1,15.83,16.57
2026-07-21 05:05:00,86.47,418.48,140.35,0.874,1,17.16,17.22
2026-07-21 05:10:00,84.88,410.38,140.49,0.886,1,20.44,13.17
2026-07-21 05:15:00,83.7,416.64,136.45,0.844,1,17.52,20.45
2026-07-21 05:20:00,93.58,416.22,152.72,0.888,1,9.63,18.2
2026-07-21 05:25:00,79.86,413.31,131.24,0.862,1,16.96,14.24
2026-07-21 05:30:00,93.58,414.11,153.49,0.832,1,24.5,17.72
2026-07-21 05:35:00,84.95,416.16,138.66,0.934,1,21.97,15.83
2026-07-21 05:40:00,75.69,417.29,123.2,0.83,1,14.07,13.47
2026-07-21 05:45:00,84.03,410.63,139.0,0.901,1,14.55,18.55
2026-07-21 05:50:00,89.76,416.57,146.37,0.929,1,7.66,22.03
2026-07-21 05:55:00,83.17,413.86,136.5,0.842,1,16.4,14.61
2026-07-21 06:00:00,77.63,417.81,126.2,0.848,1,10.6,13.45
2026-07-21 06:05:00,84.17,410.4,139.31,0.871,1,7.16,15.3
2026-07-21 06:10:00,80.68,421.11,130.14,0.855,1,14.48,12.07
2026-07-21 06:15:00,87.38,412.78,143.79,0.911,1,5.9,17.24
2026-07-21 06:20:00,88.73,418.57,144.0,0.861,1,7.4,16.77
2026-07-21 06:25:00,79.51,414.83,130.19,0.938,1,9.38,15.13
2026-07-21 06:30:00,81.17,412.95,133.52,0.923,1,24.81,11.57
2026-07-21 06:35:00,88.38,415.66,144.42,0.927,1,21.17,11.74
2026-07-21 06:40:00,80.17,417.57,130.42,0.828,1,15.84,14.37
2026-07-21 06:45:00,78.92,411.12,130.39,0.841,1,9.65,16.22
2026-07-21 06:50:00,78.28,416.75,127.58,0.84,1,15.38,10.75
2026-07-21 06:55:00,85.76,414.97,140.37,0.901,1,17.98,18.4
2026-07-21 07:00:00,85.35,416.44,139.22,0.821,1,5.09,14.92
2026-07-21 07:05:00,80.18,415.03,131.23,0.917,1,24.76,13.76
2026-07-21 07:10:00,83.41,413.57,136.99,0.886,1,17.54,16.08
2026-07-21 07:15:00,90.78,412.22,149.59,0.888,1,24.76,14.58
2026-07-21 07:20:00,78.02,416.68,127.18,0.884,1,14.38,8.9
2026-07-21 07:25:00,72.86,416.67,118.78,0.884,1,17.47,16.78
2026-07-21 07:30:00,84.61,416.66,137.94,0.844,1,14.23,15.83
2026-07-21 07:35:00,81.48,416.07,133.03,0.854,1,5.19,13.26
2026-07-21 07:40:00,78.17,417.36,127.22,0.879,1,22.0,13.84
2026-07-21 07:45:00,84.65,418.52,137.39,0.901,1,13.98,14.15
2026-07-21 07:50:00,85.24,410.31,141.12,0.853,1,14.42,15.25
2026-07-21 07:55:00,69.64,409.15,115.62,0.917,1,12.2,12.89
2026-07-21 08:00:00,77.05,419.29,124.82,0.917,1,13.65,16.14
2026-07-21 08:05:00,91.51,411.65,151.0,0.853,1,19.51,15.84
2026-07-21 08:10:00,82.44,412.28,135.82,0.887,1,19.01,13.35
2026-07-21 08:15:00,82.48,414.28,135.24,0.862,1,21.17,14.67
2026-07-21 08:20:00,84.53,410.87,139.76,0.843,1,24.49,22.13
2026-07-21 08:25:00,78.31,414.05,128.47,0.917,1,12.82,15.1
2026-07-21 08:30:00,81.75,412.63,134.58,0.939,1,11.78,16.23
2026-07-21 08:35:00,80.89,414.42,132.58,0.888,1,14.87,14.71
2026-07-21 08:40:00,79.51,415.7,129.91,0.93,1,8.09,18.72
2026-07-21 08:45:00,74.7,414.14,122.53,0.897,1,20.16,16.44
2026-07-21 08:50:00,76.67,414.01,125.78,0.888,1,16.62,12.23
2026-07-21 08:55:00,72.34,415.64,118.22,0.878,1,9.23,13.85
2026-07-21 09:00:00,74.81,417.61,121.69,0.848,1,22.28,13.69
2026-07-21 09:05:00,68.36,419.01,110.82,0.83,1,17.38,14.12
2026-07-21 09:10:00,69.69,414.45,114.22,0.873,1,5.68,15.13
2026-07-21 09:15:00,71.67,419.56,116.02,0.887,1,8.93,10.52
2026-07-21 09:20:00,67.78,417.19,110.36,0.881,1,22.82,14.17
2026-07-21 09:25:00,69.38,411.92,114.41,0.903,1,12.62,11.26
2026-07-21 09:30:00,70.49,411.85,116.25,0.843,1,24.69,17.19
2026-07-21 09:35:00,72.71,413.56,119.42,0.863,1,15.6,16.1
2026-07-21 09:40:00,74.82,418.61,121.41,0.87,1,9.16,9.33
2026-07-21 09:45:00,67.13,413.75,110.2,0.842,1,16.88,10.32
2026-07-21 09:50:00,75.48,410.27,124.97,0.929,1,7.05,10.83
2026-07-21 09:55:00,72.85,414.43,119.4,0.902,1,21.15,14.03
2026-07-21 10:00:00,70.02,410.05,115.99,0.831,1,17.56,14.18
2026-07-21 10:05:00,67.6,412.36,111.36,0.906,1,24.28,15.21
2026-07-21 10:10:00,67.76,413.53,111.3,0.886,1,18.8,12.57
2026-07-21 10:15:00,71.42,415.37,116.78,0.883,1,5.98,12.5
2026-07-21 10:20:00,70.91,417.56,115.35,0.939,1,14.53,14.15
2026-07-21 10:25:00,70.77,416.74,115.35,0.894,1,15.63,20.8
2026-07-21 10:30:00,63.6,412.05,104.84,0.928,1,23.34,9.12
2026-07-21 10:35:00,65.46,414.07,107.38,0.93,1,13.65,8.12
2026-07-21 10:40:00,68.69,415.19,112.37,0.832,1,16.87,11.97
2026-07-21 10:45:00,58.13,414.34,95.3,0.821,1,8.72,9.24
2026-07-21 10:50:00,58.93,414.33,96.62,0.872,1,9.89,9.4
2026-07-21 10:55:00,59.87,410.69,99.03,0.912,1,15.97,11.55
2026-07-21 11:00:00,63.56,412.12,104.75,0.919,1,18.94,9.68
2026-07-21 11:05:00,62.89,413.99,103.19,0.914,1,13.71,10.63
2026-07-21 11:10:00,56.42,407.27,94.1,0.874,1,13.65,10.16
2026-07-21 11:15:00,49.29,416.6,80.36,0.91,1,10.12,8.75
2026-07-21 11:20:00,57.31,411.57,94.58,0.906,1,18.96,10.94
2026-07-21 11:25:00,50.73,416.72,82.7,0.858,1,5.11,9.04
2026-07-21 11:30:00,47.12,416.5,76.84,0.84,1,15.26,7.38
2026-07-21 11:35:00,47.49,413.64,77.99,0.895,1,5.07,8.21
2026-07-21 11:40:00,54.68,417.5,88.97,0.901,1,16.87,10.67
2026-07-21 11:45:00,59.09,416.86,96.29,0.888,1,5.62,13.14
2026-07-21 11:50:00,51.72,414.23,84.81,0.846,1,23.8,7.08
2026-07-21 11:55:00,51.82,413.95,85.03,0.853,1,14.56,10.11
2026-07-21 12:00:00,55.91,417.74,90.92,0.905,1,18.68,11.38
2026-07-21 12:05:00,41.51,415.58,67.85,0.936,1,22.07,9.0
2026-07-21 12:10:00,51.07,417.61,83.07,0.933,1,9.71,10.21
2026-07-21 12:15:00,47.65,409.03,79.14,0.882,1,15.8,6.33
2026-07-21 12:20:00,49.78,415.25,81.43,0.926,1,22.27,10.45
2026-07-21 12:25:00,43.77,411.06,72.33,0.824,1,15.76,8.91
2026-07-21 12:30:00,41.34,414.94,67.68,0.923,1,12.86,9.35
2026-07-21 12:35:00,45.38,416.78,73.96,0.877,1,12.38,8.4
2026-07-21 12:40:00,52.17,419.35,84.5,0.914,1,12.68,8.78
2026-07-21 12:45:00,47.48,412.65,78.15,0.821,1,17.31,11.72
2026-07-21 12:50:00,39.89,413.69,65.49,0.924,1,5.91,4.66
2026-07-21 12:55:00,34.98,414.76,57.28,0.891,1,13.31,4.0
2026-07-21 13:00:00,32.53,412.56,53.56,0.849,1,16.21,4.0
2026-07-21 13:05:00,46.79,417.45,76.13,0.862,1,20.73,10.26
2026-07-21 13:10:00,34.7,414.82,56.82,0.844,1,15.6,5.36
2026-07-21 13:15:00,37.12,415.3,60.72,0.871,1,23.52,7.6
2026-07-21 13:20:00,44.64,416.55,72.79,0.86,1,13.88,11.93
2026-07-21 13:25:00,29.25,414.82,47.89,0.884,0,0.0,4.0
2026-07-21 13:30:00,44.07,412.96,72.48,0.918,1,5.35,4.27
2026-07-21 13:35:00,34.64,414.84,56.71,0.938,1,9.77,8.64
2026-07-21 13:40:00,29.47,412.86,48.48,0.85,0,0.0,4.0
2026-07-21 13:45:00,33.28,415.27,54.44,0.833,1,16.72,4.12
2026-07-21 13:50:00,30.23,417.49,49.18,0.867,1,23.92,6.39
2026-07-21 13:55:00,35.37,412.06,58.3,0.837,1,20.06,6.93
2026-07-21 14:00:00,29.26,411.17,48.34,0.92,0,0.0,4.0
2026-07-21 14:05:00,22.28,415.12,36.46,0.88,0,0.0,4.0
2026-07-21 14:10:00,30.09,413.08,49.48,0.894,1,14.36,4.33
2026-07-21 14:15:00,23.77,415.08,38.9,0.838,0,0.0,4.0
2026-07-21 14:20:00,30.95,415.8,50.55,0.91,1,5.94,4.0
2026-07-21 14:25:00,23.37,409.64,38.75,0.937,0,0.0,4.0
2026-07-21 14:30:00,26.25,416.72,42.79,0.878,0,0.0,4.0
2026-07-21 14:35:00,29.01,412.08,47.81,0.935,0,0.0,4.0
2026-07-21 14:40:00,26.44,414.94,43.28,0.824,0,0.0,4.0
2026-07-21 14:45:00,28.18,413.35,46.3,0.824,0,0.0,4.45
2026-07-21 14:50:00,29.76,413.62,48.87,0.935,0,0.0,4.0
2026-07-21 14:55:00,20.01,419.23,32.42,0.904,0,0.0,4.0
2026-07-21 15:00:00,24.93,415.8,40.72,0.843,0,0.0,4.0
2026-07-21 15:05:00,10.0,417.26,16.28,0.864,0,0.0,4.98
2026-07-21 15:10:00,25.43,415.38,41.59,0.881,0,0.0,4.0
2026-07-21 15:15:00,22.18,416.55,36.17,0.904,0,0.0,4.0
2026-07-21 15:20:00,18.27,416.04,29.83,0.921,0,0.0,4.0
2026-07-21 15:25:00,24.28,415.64,39.68,0.83,0,0.0,4.0
2026-07-21 15:30:00,28.1,417.77,45.68,0.899,0,0.0,4.0
2026-07-21 15:35:00,19.39,415.39,31.71,0.877,0,0.0,4.0
2026-07-21 15:40:00,16.61,420.71,26.81,0.892,0,0.0,4.0
2026-07-21 15:45:00,21.72,417.4,35.35,0.881,0,0.0,4.42
2026-07-21 15:50:00,13.8,412.15,22.75,0.874,0,0.0,4.0
2026-07-21 15:55:00,16.78,414.56,27.49,0.845,0,0.0,4.0
2026-07-21 16:00:00,25.8,415.99,42.13,0.877,0,0.0,4.0
2026-07-21 16:05:00,19.63,415.11,32.11,0.843,0,0.0,4.0
2026-07-21 16:10:00,10.0,416.72,16.3,0.825,0,0.0,4.0
2026-07-21 16:15:00,10.0,416.99,16.29,0.865,0,0.0,4.0
2026-07-21 16:20:00,19.09,411.6,31.5,0.823,0,0.0,4.0
2026-07-21 16:25:00,22.28,418.2,36.18,0.888,0,0.0,4.0
2026-07-21 16:30:00,10.0,413.76,16.42,0.829,0,0.0,4.0
2026-07-21 16:35:00,19.63,413.51,32.24,0.873,0,0.0,4.0
2026-07-21 16:40:00,23.76,413.5,39.03,0.938,0,0.0,4.0
2026-07-21 16:45:00,26.3,417.02,42.83,0.821,0,0.0,4.0
2026-07-21 16:50:00,18.28,414.33,29.96,0.864,0,0.0,4.0
2026-07-21 16:55:00,18.93,413.34,31.11,0.901,0,0.0,4.0
2026-07-21 17:00:00,10.0,413.94,16.41,0.839,0,0.0,4.0
2026-07-21 17:05:00,26.5,410.51,43.85,0.887,0,0.0,4.0
2026-07-21 17:10:00,12.95,412.89,21.31,0.851,0,0.0,4.0
2026-07-21 17:15:00,11.01,411.9,18.15,0.847,0,0.0,4.0
2026-07-21 17:20:00,14.26,414.33,23.37,0.927,0,0.0,4.0
2026-07-21 17:25:00,22.97,416.66,37.44,0.844,0,0.0,4.0
2026-07-21 17:30:00,26.34,416.38,42.97,0.865,0,0.0,4.0
2026-07-21 17:35:00,15.84,418.14,25.72,0.84,0,0.0,4.0
2026-07-21 17:40:00,20.12,417.58,32.73,0.854,0,0.0,4.0
2026-07-21 17:45:00,15.29,413.68,25.11,0.855,0,0.0,4.0
2026-07-21 17:50:00,10.0,415.05,16.37,0.859,0,0.0,4.0
2026-07-21 17:55:00,22.39,414.92,36.66,0.897,0,0.0,4.0
2026-07-21 18:00:00,11.89,409.62,19.72,0.909,0,0.0,4.0
2026-07-21 18:05:00,22.69,411.96,37.41,0.881,0,0.0,4.0
2026-07-21 18:10:00,21.53,414.58,35.27,0.893,0,0.0,4.0
2026-07-21 18:15:00,18.15,414.57,29.73,0.918,0,0.0,4.0
2026-07-21 18:20:00,24.28,416.28,39.62,0.94,0,0.0,4.0
2026-07-21 18:25:00,26.37,416.16,43.04,0.875,0,0.0,4.0
2026-07-21 18:30:00,14.42,410.57,23.86,0.932,0,0.0,4.0
2026-07-21 18:35:00,11.36,416.3,18.54,0.879,0,0.0,4.0
2026-07-21 18:40:00,10.0,415.45,16.35,0.914,0,0.0,4.0
2026-07-21 18:45:00,26.9,416.56,43.86,0.889,0,0.0,4.0
2026-07-21 18:50:00,13.63,417.67,22.17,0.926,0,0.0,5.49
2026-07-21 18:55:00,21.68,414.64,35.51,0.874,0,0.0,4.0
2026-07-21 19:00:00,12.49,418.11,20.28,0.903,0,0.0,4.0
2026-07-21 19:05:00,24.09,412.78,39.64,0.876,0,0.0,4.0
2026-07-21 19:10:00,13.12,412.64,21.6,0.923,0,0.0,4.0
2026-07-21 19:15:00,10.9,416.07,17.79,0.939,0,0.0,4.0
2026-07-21 19:20:00,16.07,414.08,26.36,0.849,0,0.0,4.0
2026-07-21 19:25:00,14.72,415.65,24.06,0.877,0,0.0,4.0
2026-07-21 19:30:00,20.65,419.98,33.39,0.83,0,0.0,4.0
2026-07-21 19:35:00,17.71,415.98,28.91,0.837,0,0.0,4.0
2026-07-21 19:40:00,21.42,415.53,35.01,0.931,0,0.0,4.0
2026-07-21 19:45:00,17.15,412.83,28.23,0.885,0,0.0,4.0
2026-07-21 19:50:00,15.63,410.75,25.85,0.867,0,0.0,4.0
2026-07-21 19:55:00,16.4,414.82,26.85,0.901,0,0.0,4.0
2026-07-21 20:00:00,29.91,417.67,48.65,0.887,0,0.0,4.0
2026-07-21 20:05:00,21.2,414.19,34.77,0.855,0,0.0,4.0
2026-07-21 20:10:00,10.56,416.0,17.25,0.847,0,0.0,4.0
2026-07-21 20:15:00,18.3,418.57,29.69,0.891,0,0.0,4.0
2026-07-21 20:20:00,21.81,418.5,35.41,0.843,0,0.0,4.0
2026-07-21 20:25:00,31.0,416.07,50.61,0.837,1,14.12,6.62
2026-07-21 20:30:00,27.38,415.43,44.76,0.858,0,0.0,4.0
2026-07-21 20:35:00,18.1,411.2,29.89,0.923,0,0.0,4.0
2026-07-21 20:40:00,35.28,413.42,57.97,0.824,1,21.92,7.55
2026-07-21 20:45:00,23.53,414.3,38.58,0.92,0,0.0,4.0
2026-07-21 20:50:00,30.43,412.87,50.06,0.895,1,15.64,4.99
2026-07-21 20:55:00,18.94,415.62,30.96,0.825,0,0.0,4.0
2026-07-21 21:00:00,13.26,419.78,21.46,0.892,0,0.0,4.0
2026-07-21 21:05:00,18.75,418.79,30.42,0.871,0,0.0,4.0
2026-07-21 21:10:00,10.1,415.61,16.51,0.921,0,0.0,4.0
2026-07-21 21:15:00,37.48,416.95,61.06,0.929,1,22.91,8.58
2026-07-21 21:20:00,28.58,413.18,46.98,0.854,0,0.0,4.0
2026-07-21 21:25:00,23.47,418.66,38.08,0.914,0,0.0,4.0
2026-07-21 21:30:00,30.96,411.1,51.15,0.857,1,22.42,7.2
2026-07-21 21:35:00,30.25,417.28,49.24,0.855,1,15.53,5.66
2026-07-21 21:40:00,33.03,416.24,53.9,0.843,1,21.78,9.46
2026-07-21 21:45:00,36.6,413.11,60.18,0.901,1,8.63,10.82
2026-07-21 21:50:00,29.74,414.48,48.75,0.851,0,0.0,4.0
2026-07-21 21:55:00,27.44,412.16,45.23,0.876,0,0.0,4.0
2026-07-21 22:00:00,36.64,412.27,60.37,0.917,1,10.51,4.37
2026-07-21 22:05:00,37.18,411.02,61.44,0.915,1,16.18,11.36
2026-07-21 22:10:00,34.34,416.92,55.95,0.923,1,18.78,7.52
2026-07-21 22:15:00,45.41,418.01,73.79,0.839,1,17.21,8.99
2026-07-21 22:20:00,33.02,409.6,54.76,0.89,1,18.98,4.26
2026-07-21 22:25:00,31.4,419.6,50.84,0.93,1,17.41,6.0
2026-07-21 22:30:00,38.7,414.97,63.34,0.825,1,12.58,7.42
2026-07-21 22:35:00,33.94,415.72,55.45,0.915,1,6.81,4.0
2026-07-21 22:40:00,40.51,411.32,66.89,0.85,1,22.11,8.75
2026-07-21 22:45:00,34.58,418.3,56.16,0.9,1,21.92,5.34
2026-07-21 22:50:00,37.47,415.5,61.26,0.906,1,5.11,8.01
2026-07-21 22:55:00,49.66,417.85,80.73,0.931,1,21.82,7.75
2026-07-21 23:00:00,38.91,418.05,63.23,0.881,1,8.02,7.77
2026-07-21 23:05:00,37.69,418.34,61.19,0.922,1,11.66,6.92
2026-07-21 23:10:00,48.28,413.38,79.33,0.825,1,13.27,10.05
2026-07-21 23:15:00,37.92,414.48,62.14,0.87,1,18.59,8.14
2026-07-21 23:20:00,40.46,413.47,66.46,0.873,1,6.85,7.84
2026-07-21 23:25:00,47.56,417.24,77.42,0.885,1,21.53,7.93
2026-07-21 23:30:00,50.12,415.83,81.88,0.878,1,23.85,11.49
2026-07-21 23:35:00,52.29,417.67,85.04,0.936,1,24.05,11.28
2026-07-21 23:40:00,43.21,417.78,70.26,0.829,1,6.84,9.59
2026-07-21 23:45:00,50.69,410.68,83.84,0.852,1,23.39,10.24
2026-07-21 23:50:00,46.14,418.38,74.92,0.936,1,16.36,8.71
2026-07-21 23:55:00,46.21,417.38,75.2,0.873,1,19.54,6.95
2026-07-22 00:00:00,56.02,414.08,91.89,0.889,1,23.61,9.74
2026-07-22 00:05:00,48.02,415.87,78.43,0.83,1,18.22,8.46
2026-07-22 00:10:00,52.92,414.69,86.68,0.854,1,14.13,12.45
2026-07-22 00:15:00,53.07,416.54,86.54,0.825,1,15.5,7.45
2026-07-22 00:20:00,47.7,414.07,78.24,0.837,1,18.69,6.43
2026-07-22 00:25:00,58.64,416.2,95.7,0.896,1,23.89,11.59
2026-07-22 00:30:00,57.37,415.17,93.86,0.912,1,22.8,9.7
2026-07-22 00:35:00,45.39,413.92,74.49,0.924,1,16.54,8.11
2026-07-22 00:40:00,57.46,415.48,93.95,0.85,1,9.22,9.79
2026-07-22 00:45:00,52.96,421.77,85.3,0.86,1,11.93,8.67
2026-07-22 00:50:00,63.06,413.29,103.64,0.888,1,12.24,10.2
2026-07-22 00:55:00,51.09,414.38,83.75,0.83,1,10.78,7.58
2026-07-22 01:00:00,57.28,413.33,94.13,0.917,1,19.93,10.45
2026-07-22 01:05:00,61.6,413.59,101.17,0.878,1,21.72,8.8
2026-07-22 01:10:00,60.8,417.04,99.02,0.936,1,11.4,12.91
2026-07-22 01:15:00,65.07,416.79,106.04,0.834,1,21.92,10.76
2026-07-22 01:20:00,54.38,414.99,89.01,0.836,1,19.69,11.82
2026-07-22 01:25:00,70.94,417.57,115.41,0.862,1,13.82,11.94
2026-07-22 01:30:00,66.02,416.98,107.54,0.845,1,18.97,15.23
2026-07-22 01:35:00,70.89,414.59,116.15,0.904,1,20.39,13.87
2026-07-22 01:40:00,69.16,411.17,114.26,0.934,1,16.22,10.77
2026-07-22 01:45:00,65.42,417.07,106.55,0.831,1,13.86,18.24
2026-07-22 01:50:00,59.74,415.42,97.68,0.849,1,7.03,10.14
2026-07-22 01:55:00,64.02,415.06,104.77,0.849,1,5.03,10.49
2026-07-22 02:00:00,75.45,413.83,123.84,0.881,1,23.75,13.64
2026-07-22 02:05:00,75.08,416.86,122.35,0.874,1,10.35,14.95
2026-07-22 02:10:00,65.71,415.87,107.32,0.907,1,18.26,9.38
2026-07-22 02:15:00,55.35,414.41,90.73,0.908,1,23.87,11.47
2026-07-22 02:20:00,69.01,411.94,113.8,0.889,1,21.37,9.6
2026-07-22 02:25:00,69.26,417.67,112.63,0.891,1,7.45,12.67
2026-07-22 02:30:00,70.06,416.51,114.25,0.921,1,21.04,16.26
2026-07-22 02:35:00,74.55,415.64,121.83,0.868,1,19.53,13.11
2026-07-22 02:40:00,76.88,408.36,127.88,0.821,1,11.59,16.47
2026-07-22 02:45:00,78.03,414.91,127.74,0.846,1,18.79,11.13
2026-07-22 02:50:00,75.87,414.4,124.37,0.824,1,21.52,13.3
2026-07-22 02:55:00,65.2,413.45,107.11,0.867,1,10.83,9.45
2026-07-22 03:00:00,73.04,416.89,119.01,0.863,1,22.38,18.67
2026-07-22 03:05:00,86.8,416.79,141.47,0.832,1,6.58,15.01
2026-07-22 03:10:00,77.68,416.09,126.8,0.911,1,15.55,13.26
2026-07-22 03:15:00,78.15,417.59,127.12,0.886,1,9.66,13.96
2026-07-22 03:20:00,78.61,412.44,129.46,0.847,1,19.56,15.14
2026-07-22 03:25:00,79.37,413.87,130.27,0.911,1,8.5,13.85
2026-07-22 03:30:00,65.85,415.19,107.74,0.9,1,11.83,9.69
2026-07-22 03:35:00,77.03,413.44,126.55,0.843,1,7.55,17.36
2026-07-22 03:40:00,78.48,416.82,127.89,0.938,1,21.24,17.7
2026-07-22 03:45:00,85.51,413.69,140.4,0.841,1,7.65,16.54
2026-07-22 03:50:00,79.76,418.25,129.53,0.913,1,19.46,15.98
2026-07-22 03:55:00,71.69,412.67,118.0,0.936,1,19.14,14.36
2026-07-22 04:00:00,82.46,420.33,133.26,0.907,1,7.85,14.18
2026-07-22 04:05:00,76.67,420.07,123.97,0.9,1,16.32,13.31
2026-07-22 04:10:00,74.96,414.76,122.76,0.928,1,14.94,17.92
2026-07-22 04:15:00,77.22,417.87,125.52,0.852,1,16.89,16.19
2026-07-22 04:20:00,84.43,414.0,138.53,0.853,1,23.74,13.31
2026-07-22 04:25:00,88.33,417.53,143.7,0.897,1,6.61,15.19
2026-07-22 04:30:00,84.75,414.56,138.86,0.926,1,21.41,17.45
2026-07-22 04:35:00,85.78,411.79,141.5,0.894,1,22.24,17.4
2026-07-22 04:40:00,85.25,406.17,142.58,0.937,1,7.53,16.94
2026-07-22 04:45:00,83.65,414.33,137.14,0.847,1,18.12,12.53
2026-07-22 04:50:00,86.86,415.7,141.94,0.919,1,19.04,17.33
2026-07-22 04:55:00,71.51,418.33,116.11,0.931,1,15.97,16.25
2026-07-22 05:00:00,84.36,415.09,138.05,0.871,1,15.06,12.46
2026-07-22 05:05:00,78.77,417.51,128.16,0.935,1,11.36,18.77
2026-07-22 05:10:00,89.98,413.87,147.69,0.844,1,18.78,17.9
2026-07-22 05:15:00,83.59,414.16,137.1,0.934,1,10.71,15.84
2026-07-22 05:20:00,84.62,417.64,137.63,0.928,1,14.2,13.74
2026-07-22 05:25:00,77.07,408.84,128.04,0.828,1,22.15,13.51
2026-07-22 05:30:00,89.78,415.03,146.94,0.883,1,6.79,15.63
2026-07-22 05:35:00,87.93,414.0,144.27,0.883,1,15.57,13.31
2026-07-22 05:40:00,87.65,418.4,142.3,0.827,1,14.72,15.79
2026-07-22 05:45:00,80.86,413.68,132.77,0.825,1,12.57,13.12
2026-07-22 05:50:00,81.1,416.29,132.33,0.821,1,16.95,17.02
2026-07-22 05:55:00,86.11,417.3,140.16,0.883,1,5.31,8.73
2026-07-22 06:00:00,81.53,411.27,134.65,0.876,1,14.85,14.85
2026-07-22 06:05:00,87.17,414.65,142.79,0.933,1,14.71,14.19
2026-07-22 06:10:00,74.16,413.92,121.7,0.861,1,15.32,14.12
2026-07-22 06:15:00,82.49,417.37,134.25,0.899,1,9.25,20.75
2026-07-22 06:20:00,93.85,416.69,152.99,0.821,1,9.15,21.22
2026-07-22 06:25:00,86.99,414.42,142.58,0.9,1,17.94,15.41
2026-07-22 06:30:00,85.53,412.38,140.89,0.93,1,6.85,15.31
2026-07-22 06:35:00,94.52,417.6,153.74,0.863,1,11.12,15.63
2026-07-22 06:40:00,72.79,414.83,119.19,0.858,1,21.62,13.83
2026-07-22 06:45:00,80.25,410.95,132.64,0.895,1,7.08,16.5
2026-07-22 06:50:00,82.16,411.17,135.74,0.859,1,14.36,12.47
2026-07-22 06:55:00,88.29,416.09,144.13,0.868,1,18.37,20.43
2026-07-22 07:00:00,88.19,411.81,145.46,0.853,1,7.83,18.38
2026-07-22 07:05:00,79.27,419.65,128.31,0.861,1,11.25,16.84
2026-07-22 07:10:00,88.37,412.66,145.46,0.902,1,16.18,17.6
2026-07-22 07:15:00,81.13,415.0,132.78,0.931,1,11.54,13.09
2026-07-22 07:20:00,88.95,415.4,145.45,0.89,1,7.2,18.71
2026-07-22 07:25:00,77.46,413.18,127.34,0.821,1,9.65,13.69
2026-07-22 07:30:00,81.72,409.4,135.58,0.852,1,7.19,11.17
2026-07-22 07:35:00,79.59,415.48,130.11,0.934,1,24.67,15.74
2026-07-22 07:40:00,87.0,413.12,143.05,0.929,1,9.71,13.47
2026-07-22 07:45:00,78.78,415.29,128.85,0.834,1,15.61,13.56
2026-07-22 07:50:00,80.83,414.69,132.4,0.929,1,13.57,16.86
2026-07-22 07:55:00,83.22,415.66,135.99,0.936,1,16.39,15.52
2026-07-22 08:00:00,83.04,418.9,134.65,0.859,1,14.96,15.61
2026-07-22 08:05:00,84.36,413.63,138.53,0.904,1,19.54,18.86
2026-07-22 08:10:00,80.57,413.83,132.25,0.887,1,22.46,10.41
2026-07-22 08:15:00,77.01,410.84,127.32,0.86,1,10.71,17.0
2026-07-22 08:20:00,76.92,414.51,126.05,0.838,1,8.67,14.62
2026-07-22 08:25:00,78.35,416.02,127.93,0.864,1,24.69,15.18
2026-07-22 08:30:00,79.02,413.79,129.71,0.931,1,22.32,15.25
2026-07-22 08:35:00,76.56,416.04,125.0,0.917,1,12.28,15.87
2026-07-22 08:40:00,76.91,414.56,126.01,0.86,1,22.9,17.36
2026-07-22 08:45:00,68.73,411.74,113.38,0.886,1,18.41,12.75
2026-07-22 08:50:00,79.14,415.78,129.29,0.869,1,13.75,14.62
2026-07-22 08:55:00,76.19,414.49,124.86,0.876,1,22.47,16.24
2026-07-22 09:00:00,79.76,415.31,130.45,0.911,1,18.51,10.44
2026-07-22 09:05:00,74.2,413.58,121.87,0.885,1,21.53,14.21
2026-07-22 09:10:00,64.95,413.36,106.74,0.842,1,13.36,13.51
2026-07-22 09:15:00,71.28,415.39,116.57,0.852,1,20.97,12.74
2026-07-22 09:20:00,71.5,414.42,117.19,0.888,1,12.34,11.64
2026-07-22 09:25:00,75.62,419.31,122.5,0.903,1,19.7,14.25
2026-07-22 09:30:00,60.96,417.0,99.29,0.881,1,13.71,10.31
2026-07-22 09:35:00,70.9,416.36,115.67,0.894,1,13.1,12.85
2026-07-22 09:40:00,72.64,414.56,119.03,0.915,1,20.93,13.03
2026-07-22 09:45:00,66.14,409.93,109.59,0.885,1,7.5,15.89
2026-07-22 09:50:00,69.18,412.98,113.78,0.937,1,23.56,11.0
2026-07-22 09:55:00,65.02,413.38,106.84,0.848,1,15.17,14.39
2026-07-22 10:00:00,63.85,414.31,104.68,0.93,1,17.72,11.02
2026-07-22 10:05:00,64.79,414.92,106.07,0.85,1,13.11,13.07
2026-07-22 10:10:00,62.61,416.64,102.07,0.884,1,17.92,13.66
2026-07-22 10:15:00,68.9,415.68,112.58,0.875,1,19.2,16.9
2026-07-22 10:20:00,61.12,417.9,99.34,0.865,1,22.37,13.03
2026-07-22 10:25:00,59.58,414.22,97.7,0.936,1,22.09,10.91
2026-07-22 10:30:00,72.23,415.64,118.05,0.853,1,12.16,13.76
2026-07-22 10:35:00,67.49,415.86,110.24,0.901,1,17.32,17.45
2026-07-22 10:40:00,52.66,415.61,86.07,0.916,1,20.61,10.89
2026-07-22 10:45:00,57.43,418.2,93.27,0.844,1,20.3,8.33
2026-07-22 10:50:00,61.74,417.01,100.56,0.937,1,22.82,11.37
2026-07-22 10:55:00,61.41,411.7,101.32,0.886,1,21.64,11.19
2026-07-22 11:00:00,51.61,414.71,84.53,0.93,1,19.36,11.94
2026-07-22 11:05:00,64.11,414.97,104.94,0.9,1,19.98,9.72
2026-07-22 11:10:00,61.7,420.38,99.7,0.898,1,21.15,10.99
2026-07-22 11:15:00,59.24,414.18,97.15,0.861,1,21.76,12.24
2026-07-22 11:20:00,62.86,412.54,103.5,0.912,1,12.05,11.27
2026-07-22 11:25:00,57.59,416.1,94.01,0.824,1,20.64,11.61
2026-07-22 11:30:00,56.81,416.24,92.71,0.887,1,23.98,11.77
2026-07-22 11:35:00,61.6,414.82,100.87,0.824,1,9.66,12.07
2026-07-22 11:40:00,58.56,414.45,95.97,0.857,1,5.96,8.7
2026-07-22 11:45:00,48.08,417.37,78.25,0.832,1,6.45,10.82
2026-07-22 11:50:00,54.69,412.87,89.98,0.929,1,9.33,9.07
2026-07-22 11:55:00,47.44,414.15,77.81,0.895,1,23.4,9.68
2026-07-22 12:00:00,52.52,413.69,86.24,0.9,1,7.54,7.03
2026-07-22 12:05:00,51.62,417.73,83.94,0.922,1,19.95,10.38
2026-07-22 12:10:00,41.56,415.71,67.9,0.908,1,22.34,9.04
2026-07-22 12:15:00,47.1,412.34,77.59,0.835,1,22.55,9.69
2026-07-22 12:20:00,48.28,412.59,79.48,0.894,1,13.33,7.55
2026-07-22 12:25:00,44.01,419.68,71.23,0.937,1,14.91,11.27
2026-07-22 12:30:00,47.01,417.71,76.44,0.846,1,11.46,10.38
2026-07-22 12:35:00,48.71,417.1,79.32,0.894,1,7.95,8.84
2026-07-22 12:40:00,43.77,415.03,71.63,0.888,1,9.24,8.0
2026-07-22 12:45:00,44.29,418.77,71.85,0.867,1,7.7,6.65
2026-07-22 12:50:00,49.34,412.24,81.3,0.935,1,13.15,8.1
2026-07-22 12:55:00,44.05,416.88,71.77,0.863,1,8.41,11.71
2026-07-22 13:00:00,41.95,413.89,68.84,0.831,1,13.07,7.38
2026-07-22 13:05:00,35.42,414.38,58.05,0.936,1,22.02,13.86
2026-07-22 13:10:00,42.83,416.81,69.8,0.908,1,18.09,5.94
2026-07-22 13:15:00,40.4,414.64,66.18,0.861,1,18.26,9.04
2026-07-22 13:20:00,44.45,413.91,72.94,0.854,1,21.24,9.59
2026-07-22 13:25:00,37.55,413.76,61.64,0.931,1,5.82,7.13
2026-07-22 13:30:00,27.52,410.03,45.6,0.853,0,0.0,4.0
2026-07-22 13:35:00,27.4,416.91,44.65,0.884,0,0.0,4.0
2026-07-22 13:40:00,38.89,412.48,64.04,0.846,1,11.92,8.05
2026-07-22 13:45:00,31.67,419.65,51.26,0.939,1,11.16,4.0
2026-07-22 13:50:00,36.02,414.28,59.06,0.912,1,7.11,9.63
2026-07-22 13:55:00,33.74,418.27,54.79,0.888,1,8.47,5.98
2026-07-22 14:00:00,31.67,410.48,52.4,0.909,1,24.13,7.5
2026-07-22 14:05:00,31.36,416.83,51.11,0.93,1,17.01,6.4
2026-07-22 14:10:00,26.87,417.47,43.72,0.936,0,0.0,4.0
2026-07-22 14:15:00,30.48,418.26,49.49,0.914,1,20.16,10.01
2026-07-22 14:20:00,27.0,411.18,44.61,0.922,0,0.0,4.0
2026-07-22 14:25:00,27.44,413.24,45.11,0.868,0,0.0,4.0
2026-07-22 14:30:00,27.08,416.44,44.16,0.867,0,0.0,4.0
2026-07-22 14:35:00,26.96,415.37,44.09,0.917,0,0.0,4.0
2026-07-22 14:40:00,32.11,415.73,52.47,0.911,1,16.71,5.23
2026-07-22 14:45:00,26.27,414.1,43.1,0.928,0,0.0,4.0
2026-07-22 14:50:00,31.47,418.88,51.04,0.836,1,22.41,8.06
2026-07-22 14:55:00,33.49,421.52,53.96,0.903,1,18.59,9.84
2026-07-22 15:00:00,29.53,415.26,48.3,0.898,0,0.0,4.0
2026-07-22 15:05:00,27.39,416.13,44.71,0.916,0,0.0,4.0
2026-07-22 15:10:00,25.83,415.14,42.26,0.823,0,0.0,4.0
2026-07-22 15:15:00,28.01,418.21,45.5,0.919,0,0.0,4.0
2026-07-22 15:20:00,23.64,417.07,38.49,0.859,0,0.0,4.0
2026-07-22 15:25:00,27.63,412.33,45.51,0.902,0,0.0,4.0
2026-07-22 15:30:00,25.3,413.47,41.57,0.894,0,0.0,4.0
2026-07-22 15:35:00,19.98,412.48,32.89,0.873,0,0.0,4.0
2026-07-22 15:40:00,25.81,421.74,41.57,0.91,0,0.0,4.0
2026-07-22 15:45:00,21.36,416.59,34.82,0.935,0,0.0,4.0
2026-07-22 15:50:00,19.95,413.51,32.77,0.859,0,0.0,4.0
2026-07-22 15:55:00,17.7,413.31,29.08,0.91,0,0.0,4.0
2026-07-22 16:00:00,20.52,417.01,33.42,0.858,0,0.0,4.0
2026-07-22 16:05:00,24.3,417.26,39.55,0.921,0,0.0,4.0
2026-07-22 16:10:00,23.4,417.0,38.12,0.872,0,0.0,4.0
2026-07-22 16:15:00,20.38,413.94,33.44,0.874,0,0.0,4.0
2026-07-22 16:20:00,21.28,415.76,34.76,0.913,0,0.0,4.0
2026-07-22 16:25:00,24.32,415.28,39.78,0.88,0,0.0,4.0
2026-07-22 16:30:00,16.91,412.66,27.84,0.852,0,0.0,4.0
2026-07-22 16:35:00,11.8,412.68,19.43,0.939,0,0.0,4.0
2026-07-22 16:40:00,23.62,416.03,38.56,0.894,0,0.0,4.0
2026-07-22 16:45:00,14.21,415.49,23.23,0.897,0,0.0,4.0
2026-07-22 16:50:00,13.17,416.38,21.48,0.898,0,0.0,4.0
2026-07-22 16:55:00,10.0,416.98,16.29,0.926,0,0.0,4.0
2026-07-22 17:00:00,19.05,418.75,30.9,0.842,0,0.0,4.98
2026-07-22 17:05:00,10.0,413.06,16.44,0.827,0,0.0,4.0
2026-07-22 17:10:00,12.08,416.58,19.69,0.866,0,0.0,4.0
2026-07-22 17:15:00,18.61,416.87,30.33,0.888,0,0.0,4.0
2026-07-22 17:20:00,19.14,414.22,31.39,0.854,0,0.0,4.0
2026-07-22 17:25:00,12.15,415.3,19.87,0.903,0,0.0,4.57
2026-07-22 17:30:00,14.63,414.28,23.99,0.829,0,0.0,4.0
2026-07-22 17:35:00,10.85,420.27,17.53,0.915,0,0.0,4.0
2026-07-22 17:40:00,12.39,415.26,20.27,0.906,0,0.0,4.0
2026-07-22 17:45:00,16.41,416.13,26.78,0.846,0,0.0,4.0
2026-07-22 17:50:00,12.53,414.34,20.53,0.856,0,0.0,4.0
2026-07-22 17:55:00,13.79,413.8,22.63,0.917,0,0.0,4.0
2026-07-22 18:00:00,10.0,411.74,16.5,0.913,0,0.0,4.0
2026-07-22 18:05:00,20.67,417.75,33.61,0.918,0,0.0,4.0
2026-07-22 18:10:00,17.58,416.92,28.65,0.859,0,0.0,4.0
2026-07-22 18:15:00,19.04,414.25,31.22,0.936,0,0.0,4.0
2026-07-22 18:20:00,21.59,412.75,35.52,0.906,0,0.0,4.0
2026-07-22 18:25:00,11.08,415.45,18.12,0.828,0,0.0,4.0
2026-07-22 18:30:00,13.51,413.76,22.17,0.877,0,0.0,4.0
2026-07-22 18:35:00,10.0,414.44,16.39,0.9,0,0.0,4.0
2026-07-22 18:40:00,31.23,411.84,51.51,0.84,1,22.22,11.0
2026-07-22 18:45:00,14.92,415.54,24.4,0.928,0,0.0,4.0
2026-07-22 18:50:00,21.02,415.59,34.36,0.91,0,0.0,4.0
2026-07-22 18:55:00,10.0,417.74,16.26,0.83,0,0.0,4.0
2026-07-22 19:00:00,21.17,414.62,34.69,0.93,0,0.0,4.0
2026-07-22 19:05:00,25.69,414.17,42.13,0.869,0,0.0,4.0
2026-07-22 19:10:00,16.32,411.11,26.96,0.874,0,0.0,4.0
2026-07-22 19:15:00,11.8,417.75,19.19,0.914,0,0.0,4.0
2026-07-22 19:20:00,16.42,417.23,26.73,0.897,0,0.0,4.0
2026-07-22 19:25:00,10.0,415.07,16.36,0.873,0,0.0,4.0
2026-07-22 19:30:00,17.47,411.68,28.83,0.851,0,0.0,4.0
2026-07-22 19:35:00,22.07,411.96,36.39,0.882,0,0.0,4.0
2026-07-22 19:40:00,18.1,413.63,29.72,0.89,0,0.0,4.0
2026-07-22 19:45:00,17.19,417.41,27.97,0.896,0,0.0,4.21
2026-07-22 19:50:00,21.59,415.73,35.28,0.893,0,0.0,4.0
2026-07-22 19:55:00,22.33,411.27,36.89,0.894,0,0.0,4.0
2026-07-22 20:00:00,11.39,416.01,18.6,0.877,0,0.0,4.0
2026-07-22 20:05:00,20.52,412.9,33.76,0.887,0,0.0,4.0
2026-07-22 20:10:00,32.66,413.69,53.63,0.855,1,10.5,4.81
2026-07-22 20:15:00,14.22,417.43,23.14,0.839,0,0.0,4.0
2026-07-22 20:20:00,20.9,416.91,34.06,0.893,0,0.0,4.0
2026-07-22 20:25:00,31.48,417.73,51.19,0.826,1,20.98,6.3
2026-07-22 20:30:00,27.75,414.94,45.43,0.828,0,0.0,4.0
2026-07-22 20:35:00,20.14,417.21,32.79,0.85,0,0.0,4.0
2026-07-22 20:40:00,24.22,413.53,39.78,0.843,0,0.0,4.0
2026-07-22 20:45:00,23.68,414.36,38.81,0.865,0,0.0,4.0
2026-07-22 20:50:00,20.45,414.18,33.55,0.865,0,0.0,4.0
2026-07-22 20:55:00,24.35,415.06,39.84,0.834,0,0.0,4.0
2026-07-22 21:00:00,23.85,411.78,39.34,0.85,0,0.0,4.0
2026-07-22 21:05:00,26.36,414.44,43.2,0.821,0,0.0,4.0
2026-07-22 21:10:00,22.61,418.63,36.69,0.862,0,0.0,4.0
2026-07-22 21:15:00,20.54,412.27,33.84,0.916,0,0.0,4.0
2026-07-22 21:20:00,27.3,411.68,45.04,0.852,0,0.0,4.0
2026-07-22 21:25:00,36.67,411.88,60.47,0.897,1,9.05,7.44
2026-07-22 21:30:00,29.1,421.65,46.89,0.832,0,0.0,4.0
2026-07-22 21:35:00,27.65,416.16,45.12,0.821,0,0.0,4.0
2026-07-22 21:40:00,33.7,414.32,55.24,0.88,1,5.73,5.8
2026-07-22 21:45:00,29.76,415.17,48.7,0.875,0,0.0,4.0
2026-07-22 21:50:00,40.53,415.57,66.25,0.843,1,8.02,4.0
2026-07-22 21:55:00,31.82,413.4,52.29,0.854,1,16.32,7.82
2026-07-22 22:00:00,36.0,413.71,59.11,0.824,1,11.77,4.87
2026-07-22 22:05:00,29.39,414.61,48.15,0.916,0,0.0,4.0
2026-07-22 22:10:00,36.35,413.19,59.76,0.856,1,24.97,6.23
2026-07-22 22:15:00,35.9,414.01,58.89,0.846,1,11.82,8.78
2026-07-22 22:20:00,34.93,415.88,57.04,0.917,1,17.82,9.54
2026-07-22 22:25:00,33.4,412.51,54.99,0.825,1,22.48,6.88
2026-07-22 22:30:00,33.42,421.52,53.85,0.854,1,23.45,6.96
2026-07-22 22:35:00,38.73,416.88,63.1,0.852,1,13.2,7.54
2026-07-22 22:40:00,41.17,411.82,67.91,0.852,1,24.52,8.6
2026-07-22 22:45:00,38.11,408.81,63.33,0.821,1,19.49,10.15
2026-07-22 22:50:00,40.91,413.28,67.24,0.932,1,16.67,15.15
2026-07-22 22:55:00,40.02,416.71,65.23,0.924,1,18.87,7.75
2026-07-22 23:00:00,41.43,416.23,67.62,0.87,1,12.2,9.38
2026-07-22 23:05:00,40.68,414.72,66.63,0.873,1,13.49,6.04
2026-07-22 23:10:00,42.51,413.5,69.84,0.883,1,16.73,6.74
2026-07-22 23:15:00,56.66,412.74,93.25,0.877,1,11.54,8.42
2026-07-22 23:20:00,45.48,413.99,74.62,0.913,1,20.38,12.3
2026-07-22 23:25:00,47.9,412.47,78.89,0.879,1,10.02,10.75
2026-07-22 23:30:00,47.62,414.0,78.13,0.843,1,20.94,8.73
2026-07-22 23:35:00,44.88,418.33,72.87,0.834,1,8.04,8.97
2026-07-22 23:40:00,53.42,413.07,87.84,0.93,1,9.35,11.85
2026-07-22 23:45:00,46.26,416.53,75.43,0.826,1,20.06,12.09
2026-07-22 23:50:00,53.75,416.91,87.57,0.928,1,10.26,11.13
2026-07-22 23:55:00,47.57,412.3,78.36,0.903,1,20.91,9.82
2026-07-23 00:00:00,45.2,412.89,74.36,0.869,1,20.68,12.22
2026-07-23 00:05:00,52.59,417.67,85.53,0.842,1,10.15,7.42
2026-07-23 00:10:00,46.0,412.69,75.72,0.857,1,6.46,4.16
2026-07-23 00:15:00,54.97,414.86,90.0,0.884,1,8.33,13.21
2026-07-23 00:20:00,47.08,420.1,76.12,0.899,1,20.05,8.44
2026-07-23 00:25:00,52.22,417.45,84.96,0.903,1,21.94,13.58
2026-07-23 00:30:00,47.41,415.21,77.56,0.874,1,12.66,13.6
2026-07-23 00:35:00,69.45,417.1,113.09,0.865,1,8.28,17.2
2026-07-23 00:40:00,47.81,414.86,78.28,0.912,1,6.51,4.0
2026-07-23 00:45:00,56.88,417.55,92.53,0.931,1,9.32,12.55
2026-07-23 00:50:00,63.29,409.88,104.89,0.93,1,24.59,11.45
2026-07-23 00:55:00,63.5,414.65,104.02,0.886,1,8.41,10.34
2026-07-23 01:00:00,63.32,409.78,104.95,0.829,1,6.72,12.59
2026-07-23 01:05:00,58.21,415.4,95.18,0.829,1,20.71,10.07
2026-07-23 01:10:00,67.28,414.41,110.28,0.868,1,17.31,14.71
2026-07-23 01:15:00,65.82,418.4,106.85,0.908,1,15.7,15.68
2026-07-23 01:20:00,63.03,416.78,102.73,0.88,1,13.96,11.58
2026-07-23 01:25:00,63.89,413.68,104.9,0.895,1,19.04,13.28
2026-07-23 01:30:00,61.87,413.98,101.52,0.921,1,18.97,11.03
2026-07-23 01:35:00,59.55,415.95,97.24,0.825,1,13.49,12.47
2026-07-23 01:40:00,70.98,413.57,116.58,0.931,1,9.68,16.53
2026-07-23 01:45:00,72.04,414.92,117.94,0.86,1,21.83,15.01
2026-07-23 01:50:00,61.74,418.29,100.26,0.826,1,8.29,11.25
2026-07-23 01:55:00,66.07,412.93,108.68,0.92,1,15.68,15.7
2026-07-23 02:00:00,66.78,413.88,109.6,0.932,1,18.85,12.02
2026-07-23 02:05:00,67.99,414.23,111.5,0.912,1,17.78,12.24
2026-07-23 02:10:00,69.13,422.9,111.03,0.917,1,17.38,11.78
2026-07-23 02:15:00,74.18,416.52,120.97,0.925,1,18.25,10.64
2026-07-23 02:20:00,66.34,417.83,107.85,0.883,1,22.51,11.08
2026-07-23 02:25:00,66.46,416.92,108.28,0.902,1,12.31,12.71
2026-07-23 02:30:00,77.49,417.09,126.2,0.854,1,17.55,15.36
2026-07-23 02:35:00,69.59,416.18,113.58,0.85,1,18.94,11.24
2026-07-23 02:40:00,66.18,415.91,108.09,0.893,1,16.81,11.57
2026-07-23 02:45:00,70.65,411.37,116.66,0.908,1,23.06,9.5
2026-07-23 02:50:00,72.0,415.89,117.59,0.868,1,18.1,18.92
2026-07-23 02:55:00,81.98,414.73,134.27,0.868,1,13.49,18.82
2026-07-23 03:00:00,79.37,416.36,129.49,0.935,1,21.91,13.73
2026-07-23 03:05:00,81.02,414.82,132.67,0.882,1,14.79,15.64
2026-07-23 03:10:00,79.9,416.91,130.19,0.938,1,15.6,13.13
2026-07-23 03:15:00,81.05,417.35,131.91,0.924,1,16.65,17.79
2026-07-23 03:20:00,73.37,407.72,122.24,0.897,1,11.46,15.27
2026-07-23 03:25:00,76.3,413.92,125.22,0.821,1,19.45,11.67
2026-07-23 03:30:00,72.82,410.36,120.53,0.856,1,6.96,11.21
2026-07-23 03:35:00,77.17,415.6,126.13,0.87,1,22.38,14.85
2026-07-23 03:40:00,82.09,414.25,134.61,0.898,1,20.09,18.98
2026-07-23 03:45:00,79.77,418.39,129.51,0.867,1,12.07,14.09
2026-07-23 03:50:00,86.08,415.52,140.71,0.919,1,9.53,18.99
2026-07-23 03:55:00,74.21,413.79,121.83,0.9,1,12.76,14.71
2026-07-23 04:00:00,82.81,417.35,134.78,0.862,1,21.1,14.04
2026-07-23 04:05:00,74.44,414.2,122.08,0.914,1,5.63,12.72
2026-07-23 04:10:00,81.52,413.76,133.82,0.856,1,14.36,16.85
2026-07-23 04:15:00,85.09,415.98,138.95,0.828,1,10.08,17.76
2026-07-23 04:20:00,80.65,419.03,130.73,0.841,1,22.5,17.79
2026-07-23 04:25:00,84.79,417.13,138.07,0.82,1,13.28,16.42
2026-07-23 04:30:00,77.54,416.42,126.48,0.92,1,18.96,15.93
2026-07-23 04:35:00,74.3,421.88,119.63,0.895,1,12.16,19.19
2026-07-23 04:40:00,85.67,413.17,140.85,0.888,1,11.59,21.56
2026-07-23 04:45:00,91.86,413.11,151.04,0.899,1,11.52,17.22
2026-07-23 04:50:00,78.4,415.36,128.21,0.898,1,18.56,10.96
2026-07-23 04:55:00,89.71,418.79,145.51,0.888,1,24.28,17.66
2026-07-23 05:00:00,84.02,412.65,138.31,0.921,1,9.16,15.85
2026-07-23 05:05:00,77.32,419.39,125.23,0.873,1,17.88,11.89
2026-07-23 05:10:00,78.51,411.4,129.63,0.917,1,10.31,14.94
2026-07-23 05:15:00,84.41,414.7,138.25,0.914,1,15.99,13.58
2026-07-23 05:20:00,82.45,415.43,134.8,0.844,1,15.83,16.5
2026-07-23 05:25:00,78.03,412.79,128.4,0.874,1,14.0,16.12
2026-07-23 05:30:00,76.23,413.45,125.24,0.92,1,14.97,15.69
2026-07-23 05:35:00,80.56,416.99,131.23,0.92,1,22.6,17.92
2026-07-23 05:40:00,85.84,418.6,139.28,0.823,1,6.77,16.87
2026-07-23 05:45:00,84.89,409.71,140.74,0.847,1,21.61,18.18
2026-07-23 05:50:00,82.46,415.45,134.82,0.871,1,14.25,18.54
2026-07-23 05:55:00,86.0,414.72,140.86,0.826,1,11.67,15.04
2026-07-23 06:00:00,90.2,415.27,147.54,0.851,1,8.54,16.33
2026-07-23 06:05:00,86.96,414.21,142.61,0.851,1,21.3,15.9
2026-07-23 06:10:00,84.36,411.77,139.16,0.846,1,16.84,14.31
2026-07-23 06:15:00,89.57,418.86,145.25,0.868,1,19.57,16.41
2026-07-23 06:20:00,80.07,417.9,130.14,0.918,1,11.3,16.91
2026-07-23 06:25:00,83.67,414.74,137.03,0.849,1,12.86,17.38
2026-07-23 06:30:00,83.7,413.78,137.39,0.89,1,23.27,12.32
2026-07-23 06:35:00,78.41,413.48,128.81,0.887,1,24.22,19.29
2026-07-23 06:40:00,82.37,408.54,136.95,0.918,1,19.8,17.77
2026-07-23 06:45:00,73.95,415.88,120.79,0.867,1,19.99,14.84
2026-07-23 06:50:00,93.73,416.95,152.7,0.847,1,18.89,14.63
2026-07-23 06:55:00,79.31,415.34,129.7,0.927,1,16.74,12.37
2026-07-23 07:00:00,91.74,414.78,150.23,0.92,1,16.9,20.83
2026-07-23 07:05:00,83.79,415.33,137.04,0.895,1,24.28,18.62
2026-07-23 07:10:00,86.2,412.87,141.82,0.831,1,20.02,19.12
2026-07-23 07:15:00,80.7,413.75,132.48,0.822,1,18.11,15.12
2026-07-23 07:20:00,83.93,414.58,137.51,0.842,1,8.78,18.56
2026-07-23 07:25:00,85.87,416.74,139.97,0.844,1,24.54,13.52
2026-07-23 07:30:00,85.66,418.45,139.05,0.836,1,15.41,13.34
2026-07-23 07:35:00,85.91,414.43,140.81,0.851,1,23.87,18.99
2026-07-23 07:40:00,79.88,412.39,131.57,0.861,1,19.27,13.22
2026-07-23 07:45:00,78.99,415.09,129.26,0.911,1,5.8,14.42
2026-07-23 07:50:00,73.07,420.03,118.17,0.905,1,15.78,9.84
2026-07-23 07:55:00,83.3,412.61,137.14,0.833,1,22.85,9.57
2026-07-23 08:00:00,85.72,417.21,139.56,0.937,1,6.04,13.37
2026-07-23 08:05:00,88.0,418.34,142.89,0.91,1,22.33,16.08
2026-07-23 08:10:00,81.04,414.1,132.94,0.84,1,17.27,13.31
2026-07-23 08:15:00,75.27,413.25,123.72,0.835,1,5.89,15.28
2026-07-23 08:20:00,70.18,416.44,114.48,0.831,1,12.47,15.59
2026-07-23 08:25:00,83.43,415.88,136.27,0.908,1,5.6,16.71
2026-07-23 08:30:00,68.79,416.74,112.12,0.848,1,5.03,9.96
2026-07-23 08:35:00,75.59,420.18,122.2,0.829,1,22.93,15.97
2026-07-23 08:40:00,75.69,415.42,123.76,0.871,1,19.97,11.79
2026-07-23 08:45:00,75.97,412.02,125.24,0.905,1,10.79,18.52
2026-07-23 08:50:00,75.98,415.17,124.32,0.857,1,7.27,14.15
2026-07-23 08:55:00,75.97,415.6,124.17,0.878,1,6.09,12.0
2026-07-23 09:00:00,62.67,418.17,101.8,0.843,1,23.34,12.57
2026-07-23 09:05:00,74.28,414.51,121.72,0.871,1,17.51,14.63
2026-07-23 09:10:00,62.5,413.98,102.55,0.863,1,8.21,13.29
2026-07-23 09:15:00,76.74,411.57,126.65,0.872,1,18.63,10.38
2026-07-23 09:20:00,69.72,416.37,113.74,0.876,1,24.98,12.19
2026-07-23 09:25:00,61.12,423.37,98.06,0.831,1,20.76,13.15
2026-07-23 09:30:00,67.24,414.44,110.2,0.831,1,13.93,14.6
2026-07-23 09:35:00,67.85,416.13,110.75,0.851,1,21.28,20.83
2026-07-23 09:40:00,76.03,413.63,124.85,0.834,1,19.89,17.86
2026-07-23 09:45:00,70.43,411.8,116.17,0.85,1,6.77,11.42
2026-07-23 09:50:00,70.53,416.09,115.14,0.823,1,23.51,17.97
2026-07-23 09:55:00,74.06,415.07,121.2,0.862,1,22.68,15.81
2026-07-23 10:00:00,67.02,409.04,111.29,0.846,1,16.81,16.06
2026-07-23 10:05:00,70.61,419.03,114.45,0.927,1,15.16,14.55
2026-07-23 10:10:00,69.58,416.04,113.6,0.923,1,9.55,16.32
2026-07-23 10:15:00,59.05,415.18,96.6,0.856,1,21.69,14.21
2026-07-23 10:20:00,72.16,413.95,118.4,0.877,1,13.64,14.95
2026-07-23 10:25:00,56.99,416.01,93.06,0.935,1,16.59,10.08
2026-07-23 10:30:00,67.98,416.13,110.97,0.883,1,8.4,11.64
2026-07-23 10:35:00,55.1,416.0,89.97,0.922,1,9.28,8.19
2026-07-23 10:40:00,64.98,417.67,105.67,0.919,1,24.7,12.76
2026-07-23 10:45:00,70.56,418.24,114.6,0.933,1,14.88,16.0
2026-07-23 10:50:00,59.46,420.01,96.16,0.857,1,21.31,13.11
2026-07-23 10:55:00,58.51,412.91,96.26,0.825,1,21.59,9.82
2026-07-23 11:00:00,62.11,413.57,102.01,0.832,1,24.63,14.65
2026-07-23 11:05:00,56.67,415.9,92.56,0.889,1,24.66,8.72
2026-07-23 11:10:00,66.67,413.05,109.63,0.884,1,14.14,13.47
2026-07-23 11:15:00,57.79,413.45,94.94,0.856,1,24.01,14.82
2026-07-23 11:20:00,54.48,416.19,88.91,0.85,1,12.31,7.7
2026-07-23 11:25:00,52.62,417.25,85.67,0.905,1,17.15,10.72
2026-07-23 11:30:00,49.9,418.19,81.06,0.861,1,21.43,8.44
2026-07-23 11:35:00,50.67,414.52,83.03,0.892,1,23.28,14.05
2026-07-23 11:40:00,51.3,416.16,83.73,0.905,1,15.48,15.2
2026-07-23 11:45:00,49.85,415.61,81.47,0.872,1,13.36,10.92
2026-07-23 11:50:00,48.24,415.04,78.94,0.843,1,19.57,11.69
2026-07-23 11:55:00,61.26,412.96,100.76,0.923,1,14.12,14.89
2026-07-23 12:00:00,44.85,412.64,73.83,0.831,1,18.44,10.76
2026-07-23 12:05:00,49.97,416.67,81.46,0.92,1,21.08,8.15
2026-07-23 12:10:00,51.44,412.92,84.61,0.92,1,21.82,9.32
2026-07-23 12:15:00,50.86,410.56,84.15,0.889,1,10.09,8.62
2026-07-23 12:20:00,46.66,414.92,76.38,0.896,1,16.43,5.22
2026-07-23 12:25:00,44.99,418.64,72.99,0.863,1,5.5,10.63
2026-07-23 12:30:00,47.69,408.01,79.39,0.921,1,20.96,6.74
2026-07-23 12:35:00,46.01,414.28,75.44,0.852,1,7.5,10.57
2026-07-23 12:40:00,42.63,416.69,69.49,0.887,1,22.43,7.12
2026-07-23 12:45:00,35.36,410.44,58.52,0.82,1,13.14,6.51
2026-07-23 12:50:00,40.08,414.47,65.69,0.933,1,8.35,8.92
2026-07-23 12:55:00,35.95,412.15,59.25,0.934,1,20.92,11.05
2026-07-23 13:00:00,37.61,412.48,61.93,0.905,1,9.01,9.23
2026-07-23 13:05:00,40.37,413.99,66.24,0.871,1,12.89,7.64
2026-07-23 13:10:00,41.27,412.19,68.01,0.841,1,16.34,8.17
2026-07-23 13:15:00,47.65,411.98,78.57,0.879,1,12.2,6.47
2026-07-23 13:20:00,35.34,414.85,57.87,0.915,1,8.58,8.26
2026-07-23 13:25:00,41.19,420.57,66.52,0.893,1,13.12,7.88
2026-07-23 13:30:00,38.14,416.89,62.14,0.883,1,7.88,5.11
2026-07-23 13:35:00,42.38,417.53,68.95,0.922,1,19.38,10.4
2026-07-23 13:40:00,38.09,416.99,62.05,0.858,1,8.43,10.56
2026-07-23 13:45:00,29.48,413.26,48.45,0.923,0,0.0,4.0
2026-07-23 13:50:00,25.22,415.78,41.21,0.873,0,0.0,4.0
2026-07-23 13:55:00,34.72,417.74,56.46,0.82,1,23.9,6.11
2026-07-23 14:00:00,29.86,417.07,48.63,0.908,0,0.0,4.0
2026-07-23 14:05:00,26.94,415.49,44.04,0.925,0,0.0,4.0
2026-07-23 14:10:00,24.86,416.3,40.56,0.878,0,0.0,4.0
2026-07-23 14:15:00,31.36,421.16,50.58,0.875,1,21.82,5.8
2026-07-23 14:20:00,37.46,417.1,61.01,0.917,1,6.81,8.25
2026-07-23 14:25:00,27.26,414.21,44.7,0.926,0,0.0,4.0
2026-07-23 14:30:00,31.64,414.81,51.82,0.937,1,21.15,4.16
2026-07-23 14:35:00,27.58,412.36,45.43,0.861,0,0.0,4.0
2026-07-23 14:40:00,21.06,420.87,33.98,0.891,0,0.0,4.0
2026-07-23 14:45:00,30.6,419.01,49.6,0.919,1,15.97,5.87
2026-07-23 14:50:00,20.88,415.21,34.16,0.884,0,0.0,4.0
2026-07-23 14:55:00,25.91,420.45,41.85,0.875,0,0.0,4.0
2026-07-23 15:00:00,23.54,416.58,38.39,0.889,0,0.0,4.0
2026-07-23 15:05:00,29.18,413.92,47.89,0.863,0,0.0,4.0
2026-07-23 15:10:00,18.9,417.27,30.77,0.843,0,0.0,4.0
2026-07-23 15:15:00,25.64,416.0,41.87,0.828,0,0.0,4.0
2026-07-23 15:20:00,18.99,417.09,30.93,0.893,0,0.0,4.0
2026-07-23 15:25:00,20.15,411.58,33.25,0.865,0,0.0,4.0
2026-07-23 15:30:00,10.0,412.97,16.45,0.926,0,0.0,4.0
2026-07-23 15:35:00,32.23,418.72,52.29,0.847,1,18.18,5.61
2026-07-23 15:40:00,24.08,419.23,39.02,0.857,0,0.0,4.0
2026-07-23 15:45:00,17.06,418.54,27.69,0.936,0,0.0,4.0
2026-07-23 15:50:00,14.86,420.55,24.0,0.887,0,0.0,4.0
2026-07-23 15:55:00,17.6,416.44,28.71,0.862,0,0.0,4.0
2026-07-23 16:00:00,23.27,416.27,37.98,0.923,0,0.0,4.0
2026-07-23 16:05:00,10.0,412.72,16.46,0.909,0,0.0,4.0
2026-07-23 16:10:00,18.25,413.55,29.97,0.889,0,0.0,4.0
2026-07-23 16:15:00,27.46,410.03,45.49,0.927,0,0.0,4.0
2026-07-23 16:20:00,12.61,414.2,20.68,0.831,0,0.0,4.0
2026-07-23 16:25:00,18.37,409.85,30.44,0.867,0,0.0,4.0
2026-07-23 16:30:00,28.68,417.7,46.64,0.917,0,0.0,4.0
2026-07-23 16:35:00,20.54,415.97,33.54,0.866,0,0.0,4.0
2026-07-23 16:40:00,17.74,409.93,29.4,0.931,0,0.0,4.0
2026-07-23 16:45:00,19.39,414.53,31.77,0.838,0,0.0,4.0
2026-07-23 16:50:00,14.62,419.92,23.64,0.86,0,0.0,4.0
2026-07-23 16:55:00,22.9,414.69,37.5,0.871,0,0.0,4.0
2026-07-23 17:00:00,14.2,412.5,23.38,0.902,0,0.0,4.0
2026-07-23 17:05:00,10.0,410.54,16.55,0.843,0,0.0,4.0
2026-07-23 17:10:00,13.87,410.61,22.95,0.821,0,0.0,4.0
2026-07-23 17:15:00,10.84,416.34,17.68,0.937,0,0.0,4.0
2026-07-23 17:20:00,14.13,413.92,23.18,0.928,0,0.0,4.0
2026-07-23 17:25:00,14.11,414.12,23.15,0.856,0,0.0,4.0
2026-07-23 17:30:00,21.29,413.93,34.93,0.878,0,0.0,4.0
2026-07-23 17:35:00,18.68,414.65,30.61,0.879,0,0.0,4.0
2026-07-23 17:40:00,16.45,411.93,27.12,0.924,0,0.0,4.22
2026-07-23 17:45:00,15.06,415.79,24.6,0.892,0,0.0,4.0
2026-07-23 17:50:00,10.0,411.44,16.51,0.919,0,0.0,4.0
2026-07-23 17:55:00,10.0,413.11,16.44,0.929,0,0.0,4.0
2026-07-23 18:00:00,15.57,417.53,25.32,0.888,0,0.0,4.0
2026-07-23 18:05:00,18.98,415.94,31.0,0.854,0,0.0,4.0
2026-07-23 18:10:00,14.49,416.71,23.62,0.88,0,0.0,4.0
2026-07-23 18:15:00,12.4,420.38,20.04,0.922,0,0.0,4.0
2026-07-23 18:20:00,17.46,414.85,28.58,0.89,0,0.0,4.0
2026-07-23 18:25:00,14.79,415.05,24.21,0.927,0,0.0,4.0
2026-07-23 18:30:00,23.73,414.34,38.9,0.927,0,0.0,4.0
2026-07-23 18:35:00,21.57,413.89,35.4,0.865,0,0.0,4.0
2026-07-23 18:40:00,20.33,412.47,33.48,0.874,0,0.0,4.0
2026-07-23 18:45:00,19.46,415.21,31.84,0.901,0,0.0,4.0
2026-07-23 18:50:00,10.0,415.89,16.33,0.833,0,0.0,4.0
2026-07-23 18:55:00,19.32,416.03,31.54,0.876,0,0.0,4.0
2026-07-23 19:00:00,18.07,415.16,29.57,0.838,0,0.0,4.0
2026-07-23 19:05:00,19.43,417.32,31.63,0.922,0,0.0,4.0
2026-07-23 19:10:00,19.08,415.07,31.23,0.933,0,0.0,4.0
2026-07-23 19:15:00,19.12,413.98,31.37,0.837,0,0.0,4.0
2026-07-23 19:20:00,30.62,412.68,50.39,0.9,1,12.57,5.4
2026-07-23 19:25:00,17.0,411.13,28.09,0.896,0,0.0,4.0
2026-07-23 19:30:00,22.35,418.65,36.26,0.911,0,0.0,4.0
2026-07-23 19:35:00,15.61,413.25,25.66,0.903,0,0.0,4.0
2026-07-23 19:40:00,22.23,412.69,36.59,0.846,0,0.0,4.0
2026-07-23 19:45:00,23.31,413.96,38.24,0.855,0,0.0,4.0
2026-07-23 19:50:00,20.78,414.3,34.06,0.84,0,0.0,4.0
2026-07-23 19:55:00,27.66,419.1,44.83,0.931,0,0.0,4.0
2026-07-23 20:00:00,15.27,414.18,25.04,0.883,0,0.0,4.0
2026-07-23 20:05:00,17.64,421.58,28.42,0.937,0,0.0,4.0
2026-07-23 20:10:00,21.54,415.16,35.25,0.874,0,0.0,4.0
2026-07-23 20:15:00,25.3,420.14,40.91,0.886,0,0.0,4.0
2026-07-23 20:20:00,22.23,417.23,36.19,0.915,0,0.0,4.0
2026-07-23 20:25:00,28.2,415.9,46.06,0.916,0,0.0,4.0
2026-07-23 20:30:00,18.92,418.94,30.68,0.848,0,0.0,4.0
2026-07-23 20:35:00,17.0,417.81,27.64,0.855,0,0.0,4.0
2026-07-23 20:40:00,24.73,416.59,40.32,0.832,0,0.0,4.0
2026-07-23 20:45:00,23.3,420.79,37.61,0.917,0,0.0,4.0
2026-07-23 20:50:00,26.91,413.75,44.18,0.915,0,0.0,4.0
2026-07-23 20:55:00,24.58,412.51,40.47,0.83,0,0.0,4.0
2026-07-23 21:00:00,23.55,413.31,38.71,0.851,0,0.0,4.0
2026-07-23 21:05:00,25.42,419.38,41.18,0.874,0,0.0,4.0
2026-07-23 21:10:00,26.5,418.63,43.0,0.885,0,0.0,4.0
2026-07-23 21:15:00,25.4,413.69,41.7,0.883,0,0.0,4.0
2026-07-23 21:20:00,26.49,409.11,43.98,0.938,0,0.0,4.19
2026-07-23 21:25:00,26.07,414.49,42.73,0.912,0,0.0,4.0
2026-07-23 21:30:00,32.98,412.47,54.31,0.834,1,24.22,7.54
2026-07-23 21:35:00,30.27,413.77,49.7,0.855,1,17.57,5.98
2026-07-23 21:40:00,41.21,412.36,67.88,0.861,1,24.21,7.77
2026-07-23 21:45:00,31.36,410.98,51.83,0.858,1,12.61,7.36
2026-07-23 21:50:00,28.44,419.71,46.03,0.914,0,0.0,4.0
2026-07-23 21:55:00,45.2,413.29,74.28,0.863,1,14.91,4.0
2026-07-23 22:00:00,34.57,418.53,56.1,0.879,1,23.48,7.59
2026-07-23 22:05:00,38.12,414.45,62.47,0.884,1,12.61,5.77
2026-07-23 22:10:00,36.8,412.17,60.64,0.852,1,24.67,5.74
2026-07-23 22:15:00,37.63,416.27,61.41,0.859,1,15.86,4.0
2026-07-23 22:20:00,37.89,414.02,62.16,0.914,1,9.36,10.07
2026-07-23 22:25:00,30.39,414.48,49.81,0.924,1,7.07,10.03
2026-07-23 22:30:00,38.44,415.36,62.87,0.824,1,8.46,7.22
2026-07-23 22:35:00,30.69,412.97,50.48,0.893,1,5.79,5.45
2026-07-23 22:40:00,37.16,410.95,61.42,0.896,1,18.85,8.61
2026-07-23 22:45:00,35.12,414.87,57.5,0.908,1,15.34,7.93
2026-07-23 22:50:00,41.26,417.41,67.15,0.903,1,19.76,7.21
2026-07-23 22:55:00,41.88,412.75,68.92,0.925,1,20.65,11.37
2026-07-23 23:00:00,43.35,415.38,70.88,0.829,1,23.63,11.6
2026-07-23 23:05:00,43.12,418.76,69.94,0.867,1,7.34,9.84
2026-07-23 23:10:00,39.39,414.78,64.51,0.914,1,8.72,11.63
2026-07-23 23:15:00,41.87,415.22,68.49,0.922,1,15.97,10.12
2026-07-23 23:20:00,48.52,415.14,79.4,0.852,1,7.59,7.6
2026-07-23 23:25:00,50.01,413.29,82.2,0.89,1,6.85,9.53
2026-07-23 23:30:00,39.7,412.52,65.37,0.842,1,18.33,10.23
2026-07-23 23:35:00,38.54,412.53,63.45,0.922,1,19.49,5.48
2026-07-23 23:40:00,43.32,415.92,70.74,0.908,1,21.87,8.26
2026-07-23 23:45:00,52.94,416.89,86.25,0.847,1,23.31,7.04
2026-07-23 23:50:00,54.55,417.01,88.85,0.895,1,13.85,15.16
2026-07-23 23:55:00,44.61,414.05,73.19,0.881,1,24.6,10.2
2026-07-24 00:00:00,51.54,417.73,83.8,0.851,1,5.76,10.94
2026-07-24 00:05:00,59.94,415.77,97.92,0.927,1,22.4,8.42
2026-07-24 00:10:00,53.6,415.18,87.7,0.838,1,11.43,12.79
2026-07-24 00:15:00,59.4,406.65,99.21,0.876,1,23.43,12.58
2026-07-24 00:20:00,58.04,412.96,95.47,0.89,1,9.45,6.77
2026-07-24 00:25:00,49.26,411.2,81.37,0.919,1,19.82,10.91
2026-07-24 00:30:00,53.62,416.57,87.43,0.838,1,13.51,8.07
2026-07-24 00:35:00,55.5,415.24,90.79,0.893,1,12.63,10.75
2026-07-24 00:40:00,56.6,412.32,93.24,0.821,1,6.19,12.24
2026-07-24 00:45:00,61.41,415.76,100.33,0.919,1,19.12,12.46
2026-07-24 00:50:00,59.62,411.44,98.43,0.848,1,8.51,6.9
2026-07-24 00:55:00,43.64,412.39,71.88,0.907,1,14.26,9.18
2026-07-24 01:00:00,52.49,413.22,86.29,0.892,1,7.83,11.81
2026-07-24 01:05:00,48.86,416.35,79.71,0.826,1,17.09,9.19
2026-07-24 01:10:00,61.4,418.5,99.66,0.842,1,9.62,12.72
2026-07-24 01:15:00,62.45,413.53,102.58,0.852,1,16.89,13.32
2026-07-24 01:20:00,63.39,418.31,102.93,0.926,1,23.93,7.94
2026-07-24 01:25:00,57.89,415.12,94.73,0.878,1,23.42,14.48
2026-07-24 01:30:00,66.76,415.59,109.12,0.93,1,9.01,11.18
2026-07-24 01:35:00,67.68,414.84,110.81,0.826,1,6.98,10.86
2026-07-24 01:40:00,58.52,414.51,95.89,0.821,1,5.85,9.22
2026-07-24 01:45:00,58.15,416.1,94.93,0.934,1,21.57,14.39
2026-07-24 01:50:00,66.16,416.85,107.81,0.907,1,9.99,15.81
2026-07-24 01:55:00,75.79,412.79,124.72,0.914,1,10.68,15.27
2026-07-24 02:00:00,76.0,414.53,124.53,0.93,1,9.52,13.04
2026-07-24 02:05:00,70.97,419.17,115.01,0.938,1,21.8,20.59
2026-07-24 02:10:00,65.16,415.44,106.53,0.832,1,24.58,12.92
2026-07-24 02:15:00,73.88,415.72,120.71,0.839,1,20.1,12.8
2026-07-24 02:20:00,67.81,417.92,110.22,0.843,1,21.47,15.65
2026-07-24 02:25:00,66.86,413.75,109.76,0.918,1,17.41,12.63
2026-07-24 02:30:00,60.59,414.92,99.19,0.863,1,15.58,16.51
2026-07-24 02:35:00,72.42,417.04,117.95,0.891,1,19.43,12.05
2026-07-24 02:40:00,69.35,418.1,112.67,0.923,1,5.72,12.35
2026-07-24 02:45:00,73.56,409.09,122.14,0.902,1,6.23,17.09
2026-07-24 02:50:00,62.15,413.16,102.18,0.828,1,18.75,13.25
2026-07-24 02:55:00,75.05,412.5,123.59,0.873,1,11.7,13.41
2026-07-24 03:00:00,62.59,414.69,102.53,0.828,1,14.78,9.87
2026-07-24 03:05:00,80.72,412.69,132.86,0.877,1,20.64,12.94
2026-07-24 03:10:00,78.41,416.66,127.83,0.846,1,16.54,11.95
2026-07-24 03:15:00,74.92,415.43,122.5,0.82,1,21.11,16.79
2026-07-24 03:20:00,79.63,417.22,129.63,0.918,1,13.38,16.82
2026-07-24 03:25:00,72.41,417.38,117.83,0.936,1,10.75,14.77
2026-07-24 03:30:00,78.13,416.7,127.36,0.936,1,9.7,12.0
2026-07-24 03:35:00,82.2,414.16,134.81,0.856,1,7.63,14.51
2026-07-24 03:40:00,63.2,415.26,103.38,0.919,1,5.74,12.42
2026-07-24 03:45:00,76.87,413.85,126.16,0.901,1,6.06,17.05
2026-07-24 03:50:00,79.41,411.59,131.05,0.916,1,10.42,15.65
2026-07-24 03:55:00,78.94,417.38,128.47,0.922,1,10.57,15.04
2026-07-24 04:00:00,87.6,414.79,143.45,0.938,1,12.64,14.25
2026-07-24 04:05:00,75.07,411.24,123.99,0.838,1,16.83,16.44
2026-07-24 04:10:00,77.94,416.34,127.16,0.912,1,20.19,14.4
2026-07-24 04:15:00,71.81,414.44,117.7,0.908,1,8.95,10.12
2026-07-24 04:20:00,89.27,409.85,147.95,0.855,1,20.18,15.03
2026-07-24 04:25:00,80.8,411.57,133.36,0.867,1,7.78,16.51
2026-07-24 04:30:00,80.14,413.25,131.73,0.841,1,24.77,17.32
2026-07-24 04:35:00,82.36,415.53,134.63,0.93,1,10.7,9.17
2026-07-24 04:40:00,86.07,416.97,140.21,0.926,1,21.75,16.37
2026-07-24 04:45:00,84.88,416.88,138.3,0.894,1,8.81,12.73
2026-07-24 04:50:00,96.62,416.51,157.57,0.881,1,24.01,19.51
2026-07-24 04:55:00,85.87,414.91,140.58,0.848,1,21.53,17.89
2026-07-24 05:00:00,81.48,419.31,132.0,0.915,1,12.19,12.8
2026-07-24 05:05:00,81.19,416.75,132.33,0.821,1,13.43,15.31
2026-07-24 05:10:00,82.21,415.56,134.37,0.876,1,5.08,16.98
2026-07-24 05:15:00,76.82,416.42,125.31,0.923,1,10.03,16.69
2026-07-24 05:20:00,84.67,414.0,138.91,0.894,1,10.79,13.83
2026-07-24 05:25:00,88.51,414.86,144.92,0.896,1,14.05,19.13
2026-07-24 05:30:00,81.63,409.8,135.31,0.828,1,7.78,15.68
2026-07-24 05:35:00,80.76,414.03,132.49,0.854,1,14.58,14.12
2026-07-24 05:40:00,92.45,419.4,149.73,0.901,1,18.37,17.35
2026-07-24 05:45:00,77.79,415.37,127.21,0.826,1,12.43,16.47
2026-07-24 05:50:00,74.63,415.27,122.07,0.86,1,9.64,15.72
2026-07-24 05:55:00,79.23,417.5,128.9,0.862,1,15.95,17.16
2026-07-24 06:00:00,77.3,415.89,126.25,0.88,1,5.58,12.64
2026-07-24 06:05:00,86.92,413.03,142.95,0.863,1,11.82,16.75
2026-07-24 06:10:00,83.16,415.06,136.1,0.874,1,15.55,15.19
2026-07-24 06:15:00,83.83,412.16,138.15,0.886,1,11.72,16.16
2026-07-24 06:20:00,90.63,415.46,148.18,0.835,1,11.91,15.74
2026-07-24 06:25:00,81.34,412.91,133.8,0.842,1,21.97,19.41
2026-07-24 06:30:00,88.58,417.32,144.17,0.92,1,23.68,17.09
2026-07-24 06:35:00,92.15,413.72,151.29,0.875,1,21.55,17.34
2026-07-24 06:40:00,82.19,412.94,135.2,0.863,1,6.98,16.17
2026-07-24 06:45:00,88.01,414.72,144.15,0.872,1,10.79,18.94
2026-07-24 06:50:00,82.96,415.91,135.49,0.841,1,19.23,16.0
2026-07-24 06:55:00,88.62,411.98,146.11,0.849,1,24.49,16.45
2026-07-24 07:00:00,75.95,413.7,124.7,0.882,1,9.85,16.22
2026-07-24 07:05:00,75.37,415.26,123.29,0.863,1,22.96,18.74
2026-07-24 07:10:00,81.42,418.35,132.21,0.877,1,19.78,18.93
2026-07-24 07:15:00,78.7,408.68,130.8,0.838,1,24.67,13.13
2026-07-24 07:20:00,80.31,416.54,130.96,0.839,1,6.87,16.58
2026-07-24 07:25:00,81.52,414.04,133.74,0.866,1,12.89,15.16
2026-07-24 07:30:00,85.94,413.76,141.08,0.865,1,14.56,19.14
2026-07-24 07:35:00,80.0,413.3,131.48,0.926,1,18.44,19.56
2026-07-24 07:40:00,77.6,414.09,127.29,0.824,1,18.08,9.39
2026-07-24 07:45:00,79.63,416.55,129.85,0.939,1,23.13,15.52
2026-07-24 07:50:00,77.2,413.66,126.77,0.935,1,21.77,13.93
2026-07-24 07:55:00,76.02,419.15,123.19,0.885,1,6.11,12.35
2026-07-24 08:00:00,72.25,416.56,117.81,0.906,1,14.73,11.61
2026-07-24 08:05:00,80.27,415.49,131.23,0.932,1,13.14,14.07
2026-07-24 08:10:00,76.68,414.58,125.62,0.85,1,24.94,14.38
2026-07-24 08:15:00,83.93,417.97,136.4,0.858,1,13.55,14.98
2026-07-24 08:20:00,71.43,418.34,115.99,0.833,1,18.65,9.12
2026-07-24 08:25:00,75.52,412.1,124.47,0.888,1,10.69,14.42
2026-07-24 08:30:00,86.83,413.25,142.73,0.839,1,17.29,18.93
2026-07-24 08:35:00,72.6,416.59,118.37,0.932,1,9.13,12.24
2026-07-24 08:40:00,75.63,417.34,123.09,0.872,1,17.07,10.67
2026-07-24 08:45:00,70.24,414.25,115.17,0.93,1,22.36,13.98
2026-07-24 08:50:00,69.06,413.14,113.55,0.845,1,5.38,15.15
2026-07-24 08:55:00,83.02,415.2,135.82,0.903,1,15.09,16.06
2026-07-24 09:00:00,75.6,418.69,122.65,0.898,1,24.65,13.16
2026-07-24 09:05:00,74.87,415.1,122.52,0.868,1,8.19,11.46
2026-07-24 09:10:00,65.16,411.84,107.48,0.928,1,8.67,13.79
2026-07-24 09:15:00,74.87,415.27,122.46,0.872,1,14.42,13.66
2026-07-24 09:20:00,78.28,416.96,127.53,0.844,1,22.42,14.01
2026-07-24 09:25:00,77.65,414.75,127.18,0.937,1,16.26,13.39
2026-07-24 09:30:00,74.65,418.15,121.26,0.873,1,15.17,14.7
2026-07-24 09:35:00,65.05,417.16,105.92,0.845,1,6.74,12.32
2026-07-24 09:40:00,71.64,414.85,117.3,0.864,1,24.24,14.23
2026-07-24 09:45:00,72.78,415.11,119.1,0.894,1,11.94,11.47
2026-07-24 09:50:00,59.83,410.4,99.03,0.881,1,10.04,8.9
2026-07-24 09:55:00,62.55,418.03,101.64,0.896,1,13.23,10.42
2026-07-24 10:00:00,71.94,414.18,117.98,0.899,1,13.28,14.28
2026-07-24 10:05:00,71.21,414.0,116.84,0.835,1,14.17,14.8
2026-07-24 10:10:00,58.42,413.63,95.93,0.858,1,18.77,14.84
2026-07-24 10:15:00,69.46,416.14,113.37,0.91,1,22.36,11.69
2026-07-24 10:20:00,65.27,412.18,107.56,0.898,1,6.15,13.73
2026-07-24 10:25:00,68.0,412.54,111.97,0.831,1,14.82,9.01
2026-07-24 10:30:00,60.22,414.87,98.6,0.858,1,13.28,12.31
2026-07-24 10:35:00,65.91,413.43,108.29,0.932,1,5.22,8.63
2026-07-24 10:40:00,66.19,415.84,108.12,0.923,1,21.33,10.15
2026-07-24 10:45:00,59.49,413.53,97.72,0.9,1,7.09,12.8
2026-07-24 10:50:00,60.61,418.99,98.27,0.829,1,7.29,11.63
2026-07-24 10:55:00,56.55,416.73,92.18,0.893,1,5.97,9.75
2026-07-24 11:00:00,67.32,416.7,109.73,0.821,1,9.01,9.35
2026-07-24 11:05:00,57.72,413.49,94.82,0.899,1,8.54,11.67
2026-07-24 11:10:00,52.97,421.01,85.45,0.908,1,11.96,10.33
2026-07-24 11:15:00,53.25,413.9,87.39,0.88,1,18.19,12.17
2026-07-24 11:20:00,56.71,413.22,93.22,0.82,1,6.09,6.5
2026-07-24 11:25:00,59.09,416.77,96.31,0.9,1,22.21,13.18
2026-07-24 11:30:00,47.89,415.49,78.29,0.918,1,11.53,7.94
2026-07-24 11:35:00,63.05,412.95,103.71,0.89,1,17.13,12.88
2026-07-24 11:40:00,54.59,420.49,88.19,0.905,1,5.24,9.94
2026-07-24 11:45:00,54.62,417.44,88.88,0.831,1,12.32,8.48
2026-07-24 11:50:00,51.04,415.01,83.54,0.906,1,5.04,8.49
2026-07-24 11:55:00,50.86,421.0,82.06,0.894,1,8.31,7.54
2026-07-24 12:00:00,49.26,417.03,80.23,0.86,1,13.96,8.35
2026-07-24 12:05:00,54.33,414.97,88.92,0.902,1,15.7,8.46
2026-07-24 12:10:00,48.43,420.7,78.2,0.897,1,8.06,10.05
2026-07-24 12:15:00,51.55,416.65,84.04,0.892,1,19.9,8.29
2026-07-24 12:20:00,44.78,416.54,73.02,0.842,1,8.78,9.79
2026-07-24 12:25:00,47.17,414.03,77.38,0.856,1,7.32,16.4
2026-07-24 12:30:00,41.41,415.12,67.76,0.939,1,11.67,7.44
2026-07-24 12:35:00,50.76,413.97,83.29,0.872,1,16.03,6.28
2026-07-24 12:40:00,39.75,418.6,64.51,0.827,1,24.78,13.25
2026-07-24 12:45:00,41.55,410.98,68.67,0.928,1,13.37,8.95
2026-07-24 12:50:00,40.85,418.41,66.32,0.841,1,13.52,7.73
2026-07-24 12:55:00,39.91,412.81,65.67,0.868,1,6.19,6.63
2026-07-24 13:00:00,44.55,414.86,72.95,0.853,1,20.32,6.61
2026-07-24 13:05:00,38.62,414.26,63.33,0.936,1,8.64,6.6
2026-07-24 13:10:00,46.44,413.7,76.26,0.865,1,19.9,7.55
2026-07-24 13:15:00,34.66,416.72,56.49,0.905,1,23.21,5.62
2026-07-24 13:20:00,38.88,414.99,63.63,0.892,1,20.36,9.37
2026-07-24 13:25:00,33.44,413.33,54.95,0.825,1,17.85,9.15
2026-07-24 13:30:00,38.71,415.38,63.3,0.866,1,17.08,7.3
2026-07-24 13:35:00,35.82,413.26,58.88,0.867,1,14.07,8.31
2026-07-24 13:40:00,34.43,413.66,56.54,0.939,1,7.89,11.43
2026-07-24 13:45:00,40.46,411.26,66.83,0.917,1,20.58,6.37
2026-07-24 13:50:00,30.57,413.87,50.17,0.923,1,14.55,4.0
2026-07-24 13:55:00,36.1,416.24,58.91,0.858,1,17.51,9.3
2026-07-24 14:00:00,28.66,415.09,46.89,0.859,0,0.0,4.0
2026-07-24 14:05:00,32.41,419.54,52.47,0.882,1,9.01,5.07
2026-07-24 14:10:00,25.22,421.53,40.63,0.896,0,0.0,4.0
2026-07-24 14:15:00,27.24,413.84,44.71,0.907,0,0.0,4.0
2026-07-24 14:20:00,29.51,412.92,48.55,0.918,0,0.0,4.0
2026-07-24 14:25:00,38.38,417.82,62.39,0.925,1,24.31,4.0
2026-07-24 14:30:00,29.2,415.84,47.69,0.823,0,0.0,4.0
2026-07-24 14:35:00,36.37,417.84,59.12,0.916,1,7.56,7.46
2026-07-24 14:40:00,28.6,416.0,46.71,0.893,0,0.0,4.0
2026-07-24 14:45:00,24.99,414.51,40.95,0.884,0,0.0,4.0
2026-07-24 14:50:00,34.05,414.53,55.8,0.895,1,9.83,5.74
2026-07-24 14:55:00,27.98,416.08,45.68,0.926,0,0.0,4.0
2026-07-24 15:00:00,22.04,414.47,36.12,0.885,0,0.0,4.0
2026-07-24 15:05:00,27.07,418.05,43.98,0.839,0,0.0,4.0
2026-07-24 15:10:00,22.73,411.74,37.5,0.872,0,0.0,4.0
2026-07-24 15:15:00,13.74,418.04,22.33,0.931,0,0.0,4.0
2026-07-24 15:20:00,27.87,410.32,46.13,0.918,0,0.0,4.0
2026-07-24 15:25:00,28.18,415.36,46.08,0.844,0,0.0,4.0
2026-07-24 15:30:00,31.42,414.17,51.53,0.906,1,8.86,6.58
2026-07-24 15:35:00,23.89,411.21,39.45,0.851,0,0.0,4.0
2026-07-24 15:40:00,20.09,409.85,33.29,0.862,0,0.0,4.0
2026-07-24 15:45:00,25.07,412.26,41.31,0.876,0,0.0,4.0
2026-07-24 15:50:00,24.73,415.11,40.47,0.873,0,0.0,4.0
2026-07-24 15:55:00,28.27,413.49,46.44,0.824,0,0.0,4.0
2026-07-24 16:00:00,19.47,412.4,32.06,0.913,0,0.0,4.0
2026-07-24 16:05:00,18.49,418.38,30.01,0.922,0,0.0,4.0
2026-07-24 16:10:00,15.38,411.92,25.36,0.884,0,0.0,4.07
2026-07-24 16:15:00,21.3,416.7,34.72,0.841,0,0.0,4.0
2026-07-24 16:20:00,10.54,412.78,17.34,0.85,0,0.0,4.0
2026-07-24 16:25:00,21.84,412.19,36.0,0.835,0,0.0,4.0
2026-07-24 16:30:00,20.6,413.49,33.85,0.84,0,0.0,4.0
2026-07-24 16:35:00,20.31,416.55,33.11,0.925,0,0.0,4.0
2026-07-24 16:40:00,17.8,411.57,29.38,0.878,0,0.0,4.0
2026-07-24 16:45:00,24.52,415.72,40.07,0.833,0,0.0,4.0
2026-07-24 16:50:00,20.98,412.6,34.54,0.851,0,0.0,4.0
2026-07-24 16:55:00,13.36,413.05,21.98,0.934,0,0.0,4.0
2026-07-24 17:00:00,13.25,416.0,21.63,0.881,0,0.0,4.0
2026-07-24 17:05:00,11.6,420.43,18.75,0.882,0,0.0,4.0
2026-07-24 17:10:00,18.59,412.72,30.59,0.883,0,0.0,4.0
2026-07-24 17:15:00,10.67,416.8,17.39,0.833,0,0.0,4.0
2026-07-24 17:20:00,20.95,414.22,34.35,0.936,0,0.0,4.0
2026-07-24 17:25:00,22.02,413.81,36.15,0.83,0,0.0,4.0
2026-07-24 17:30:00,10.9,417.68,17.73,0.904,0,0.0,4.0
2026-07-24 17:35:00,14.28,412.89,23.49,0.827,0,0.0,4.0
2026-07-24 17:40:00,15.22,412.11,25.08,0.873,0,0.0,4.0
2026-07-24 17:45:00,19.49,416.15,31.82,0.928,0,0.0,6.66
2026-07-24 17:50:00,23.08,418.99,37.42,0.912,0,0.0,4.0
2026-07-24 17:55:00,10.0,416.87,16.29,0.86,0,0.0,4.0
